474.0 266.0 474.0 268.0 476.0 268.0 476.0 266.0
476.0 266.0 476.0 268.0 478.0 268.0 478.0 266.0
478.0 266.0 478.0 268.0 480.0 268.0 480.0 266.0
480.0 266.0 480.0 268.0 482.0 268.0 482.0 266.0
482.0 266.0 482.0 268.0 484.0 268.0 484.0 266.0
484.0 266.0 484.0 268.0 486.0 268.0 486.0 266.0
486.0 266.0 486.0 268.0 488.0 268.0 488.0 266.0
488.0 266.0 488.0 268.0 490.0 268.0 490.0 266.0
490.0 266.0 490.0 268.0 492.0 268.0 492.0 266.0
492.0 266.0 492.0 268.0 494.0 268.0 494.0 266.0
494.0 266.0 494.0 268.0 496.0 268.0 496.0 266.0
496.0 266.0 496.0 268.0 498.0 268.0 498.0 266.0
498.0 266.0 498.0 268.0 500.0 268.0 500.0 266.0
500.0 266.0 500.0 268.0 502.0 268.0 502.0 266.0
502.0 266.0 502.0 268.0 504.0 268.0 504.0 266.0
504.0 266.0 504.0 268.0 506.0 268.0 506.0 266.0
506.0 266.0 506.0 268.0 508.0 268.0 508.0 266.0
508.0 266.0 508.0 268.0 510.0 268.0 510.0 266.0
510.0 266.0 510.0 268.0 512.0 268.0 512.0 266.0
0.0 268.0 0.0 270.0 2.0 270.0 2.0 268.0
2.0 268.0 2.0 270.0 4.0 270.0 4.0 268.0
4.0 268.0 4.0 270.0 6.0 270.0 6.0 268.0
6.0 268.0 6.0 270.0 8.0 270.0 8.0 268.0
8.0 268.0 8.0 270.0 10.0 270.0 10.0 268.0
10.0 268.0 10.0 270.0 12.0 270.0 12.0 268.0
12.0 268.0 12.0 270.0 14.0 270.0 14.0 268.0
14.0 268.0 14.0 270.0 16.0 270.0 16.0 268.0
16.0 268.0 16.0 270.0 18.0 270.0 18.0 268.0
18.0 268.0 18.0 270.0 20.0 270.0 20.0 268.0
20.0 268.0 20.0 270.0 22.0 270.0 22.0 268.0
22.0 268.0 22.0 270.0 24.0 270.0 24.0 268.0
24.0 268.0 24.0 270.0 26.0 270.0 26.0 268.0
26.0 268.0 26.0 270.0 28.0 270.0 28.0 268.0
28.0 268.0 28.0 270.0 30.0 270.0 30.0 268.0
30.0 268.0 30.0 270.0 32.0 270.0 32.0 268.0
32.0 268.0 32.0 270.0 34.0 270.0 34.0 268.0
34.0 268.0 34.0 270.0 36.0 270.0 36.0 268.0
36.0 268.0 36.0 270.0 38.0 270.0 38.0 268.0
38.0 268.0 38.0 270.0 40.0 270.0 40.0 268.0
40.0 268.0 40.0 270.0 42.0 270.0 42.0 268.0
42.0 268.0 42.0 270.0 44.0 270.0 44.0 268.0
44.0 268.0 44.0 270.0 46.0 270.0 46.0 268.0
46.0 268.0 46.0 270.0 48.0 270.0 48.0 268.0
48.0 268.0 48.0 270.0 50.0 270.0 50.0 268.0
50.0 268.0 50.0 270.0 52.0 270.0 52.0 268.0
52.0 268.0 52.0 270.0 54.0 270.0 54.0 268.0
54.0 268.0 54.0 270.0 56.0 270.0 56.0 268.0
56.0 268.0 56.0 270.0 58.0 270.0 58.0 268.0
160.0 268.0 160.0 270.0 162.0 270.0 162.0 268.0
162.0 268.0 162.0 270.0 164.0 270.0 164.0 268.0
164.0 268.0 164.0 270.0 166.0 270.0 166.0 268.0
166.0 268.0 166.0 270.0 168.0 270.0 168.0 268.0
168.0 268.0 168.0 270.0 170.0 270.0 170.0 268.0
170.0 268.0 170.0 270.0 172.0 270.0 172.0 268.0
172.0 268.0 172.0 270.0 174.0 270.0 174.0 268.0
174.0 268.0 174.0 270.0 176.0 270.0 176.0 268.0
176.0 268.0 176.0 270.0 178.0 270.0 178.0 268.0
178.0 268.0 178.0 270.0 180.0 270.0 180.0 268.0
180.0 268.0 180.0 270.0 182.0 270.0 182.0 268.0
182.0 268.0 182.0 270.0 184.0 270.0 184.0 268.0
184.0 268.0 184.0 270.0 186.0 270.0 186.0 268.0
186.0 268.0 186.0 270.0 188.0 270.0 188.0 268.0
188.0 268.0 188.0 270.0 190.0 270.0 190.0 268.0
190.0 268.0 190.0 270.0 192.0 270.0 192.0 268.0
192.0 268.0 192.0 270.0 194.0 270.0 194.0 268.0
194.0 268.0 194.0 270.0 196.0 270.0 196.0 268.0
196.0 268.0 196.0 270.0 198.0 270.0 198.0 268.0
198.0 268.0 198.0 270.0 200.0 270.0 200.0 268.0
200.0 268.0 200.0 270.0 202.0 270.0 202.0 268.0
202.0 268.0 202.0 270.0 204.0 270.0 204.0 268.0
204.0 268.0 204.0 270.0 206.0 270.0 206.0 268.0
206.0 268.0 206.0 270.0 208.0 270.0 208.0 268.0
208.0 268.0 208.0 270.0 210.0 270.0 210.0 268.0
210.0 268.0 210.0 270.0 212.0 270.0 212.0 268.0
212.0 268.0 212.0 270.0 214.0 270.0 214.0 268.0
214.0 268.0 214.0 270.0 216.0 270.0 216.0 268.0
216.0 268.0 216.0 270.0 218.0 270.0 218.0 268.0
218.0 268.0 218.0 270.0 220.0 270.0 220.0 268.0
220.0 268.0 220.0 270.0 222.0 270.0 222.0 268.0
222.0 268.0 222.0 270.0 224.0 270.0 224.0 268.0
224.0 268.0 224.0 270.0 226.0 270.0 226.0 268.0
226.0 268.0 226.0 270.0 228.0 270.0 228.0 268.0
228.0 268.0 228.0 270.0 230.0 270.0 230.0 268.0
230.0 268.0 230.0 270.0 232.0 270.0 232.0 268.0
232.0 268.0 232.0 270.0 234.0 270.0 234.0 268.0
234.0 268.0 234.0 270.0 236.0 270.0 236.0 268.0
236.0 268.0 236.0 270.0 238.0 270.0 238.0 268.0
238.0 268.0 238.0 270.0 240.0 270.0 240.0 268.0
240.0 268.0 240.0 270.0 242.0 270.0 242.0 268.0
242.0 268.0 242.0 270.0 244.0 270.0 244.0 268.0
244.0 268.0 244.0 270.0 246.0 270.0 246.0 268.0
246.0 268.0 246.0 270.0 248.0 270.0 248.0 268.0
248.0 268.0 248.0 270.0 250.0 270.0 250.0 268.0
250.0 268.0 250.0 270.0 252.0 270.0 252.0 268.0
252.0 268.0 252.0 270.0 254.0 270.0 254.0 268.0
254.0 268.0 254.0 270.0 256.0 270.0 256.0 268.0
256.0 268.0 256.0 270.0 258.0 270.0 258.0 268.0
258.0 268.0 258.0 270.0 260.0 270.0 260.0 268.0
260.0 268.0 260.0 270.0 262.0 270.0 262.0 268.0
262.0 268.0 262.0 270.0 264.0 270.0 264.0 268.0
264.0 268.0 264.0 270.0 266.0 270.0 266.0 268.0
266.0 268.0 266.0 270.0 268.0 270.0 268.0 268.0
268.0 268.0 268.0 270.0 270.0 270.0 270.0 268.0
270.0 268.0 270.0 270.0 272.0 270.0 272.0 268.0
272.0 268.0 272.0 270.0 274.0 270.0 274.0 268.0
274.0 268.0 274.0 270.0 276.0 270.0 276.0 268.0
276.0 268.0 276.0 270.0 278.0 270.0 278.0 268.0
278.0 268.0 278.0 270.0 280.0 270.0 280.0 268.0
280.0 268.0 280.0 270.0 282.0 270.0 282.0 268.0
282.0 268.0 282.0 270.0 284.0 270.0 284.0 268.0
284.0 268.0 284.0 270.0 286.0 270.0 286.0 268.0
286.0 268.0 286.0 270.0 288.0 270.0 288.0 268.0
288.0 268.0 288.0 270.0 290.0 270.0 290.0 268.0
290.0 268.0 290.0 270.0 292.0 270.0 292.0 268.0
292.0 268.0 292.0 270.0 294.0 270.0 294.0 268.0
294.0 268.0 294.0 270.0 296.0 270.0 296.0 268.0
296.0 268.0 296.0 270.0 298.0 270.0 298.0 268.0
298.0 268.0 298.0 270.0 300.0 270.0 300.0 268.0
300.0 268.0 300.0 270.0 302.0 270.0 302.0 268.0
302.0 268.0 302.0 270.0 304.0 270.0 304.0 268.0
304.0 268.0 304.0 270.0 306.0 270.0 306.0 268.0
306.0 268.0 306.0 270.0 308.0 270.0 308.0 268.0
308.0 268.0 308.0 270.0 310.0 270.0 310.0 268.0
310.0 268.0 310.0 270.0 312.0 270.0 312.0 268.0
312.0 268.0 312.0 270.0 314.0 270.0 314.0 268.0
314.0 268.0 314.0 270.0 316.0 270.0 316.0 268.0
316.0 268.0 316.0 270.0 318.0 270.0 318.0 268.0
318.0 268.0 318.0 270.0 320.0 270.0 320.0 268.0
320.0 268.0 320.0 270.0 322.0 270.0 322.0 268.0
322.0 268.0 322.0 270.0 324.0 270.0 324.0 268.0
324.0 268.0 324.0 270.0 326.0 270.0 326.0 268.0
326.0 268.0 326.0 270.0 328.0 270.0 328.0 268.0
328.0 268.0 328.0 270.0 330.0 270.0 330.0 268.0
330.0 268.0 330.0 270.0 332.0 270.0 332.0 268.0
332.0 268.0 332.0 270.0 334.0 270.0 334.0 268.0
334.0 268.0 334.0 270.0 336.0 270.0 336.0 268.0
336.0 268.0 336.0 270.0 338.0 270.0 338.0 268.0
338.0 268.0 338.0 270.0 340.0 270.0 340.0 268.0
340.0 268.0 340.0 270.0 342.0 270.0 342.0 268.0
342.0 268.0 342.0 270.0 344.0 270.0 344.0 268.0
344.0 268.0 344.0 270.0 346.0 270.0 346.0 268.0
346.0 268.0 346.0 270.0 348.0 270.0 348.0 268.0
348.0 268.0 348.0 270.0 350.0 270.0 350.0 268.0
350.0 268.0 350.0 270.0 352.0 270.0 352.0 268.0
352.0 268.0 352.0 270.0 354.0 270.0 354.0 268.0
354.0 268.0 354.0 270.0 356.0 270.0 356.0 268.0
356.0 268.0 356.0 270.0 358.0 270.0 358.0 268.0
358.0 268.0 358.0 270.0 360.0 270.0 360.0 268.0
360.0 268.0 360.0 270.0 362.0 270.0 362.0 268.0
362.0 268.0 362.0 270.0 364.0 270.0 364.0 268.0
364.0 268.0 364.0 270.0 366.0 270.0 366.0 268.0
366.0 268.0 366.0 270.0 368.0 270.0 368.0 268.0
368.0 268.0 368.0 270.0 370.0 270.0 370.0 268.0
370.0 268.0 370.0 270.0 372.0 270.0 372.0 268.0
458.0 268.0 458.0 270.0 460.0 270.0 460.0 268.0
460.0 268.0 460.0 270.0 462.0 270.0 462.0 268.0
462.0 268.0 462.0 270.0 464.0 270.0 464.0 268.0
464.0 268.0 464.0 270.0 466.0 270.0 466.0 268.0
466.0 268.0 466.0 270.0 468.0 270.0 468.0 268.0
468.0 268.0 468.0 270.0 470.0 270.0 470.0 268.0
470.0 268.0 470.0 270.0 472.0 270.0 472.0 268.0
472.0 268.0 472.0 270.0 474.0 270.0 474.0 268.0
474.0 268.0 474.0 270.0 476.0 270.0 476.0 268.0
476.0 268.0 476.0 270.0 478.0 270.0 478.0 268.0
478.0 268.0 478.0 270.0 480.0 270.0 480.0 268.0
480.0 268.0 480.0 270.0 482.0 270.0 482.0 268.0
482.0 268.0 482.0 270.0 484.0 270.0 484.0 268.0
484.0 268.0 484.0 270.0 486.0 270.0 486.0 268.0
486.0 268.0 486.0 270.0 488.0 270.0 488.0 268.0
488.0 268.0 488.0 270.0 490.0 270.0 490.0 268.0
490.0 268.0 490.0 270.0 492.0 270.0 492.0 268.0
492.0 268.0 492.0 270.0 494.0 270.0 494.0 268.0
494.0 268.0 494.0 270.0 496.0 270.0 496.0 268.0
496.0 268.0 496.0 270.0 498.0 270.0 498.0 268.0
498.0 268.0 498.0 270.0 500.0 270.0 500.0 268.0
500.0 268.0 500.0 270.0 502.0 270.0 502.0 268.0
502.0 268.0 502.0 270.0 504.0 270.0 504.0 268.0
504.0 268.0 504.0 270.0 506.0 270.0 506.0 268.0
506.0 268.0 506.0 270.0 508.0 270.0 508.0 268.0
508.0 268.0 508.0 270.0 510.0 270.0 510.0 268.0
510.0 268.0 510.0 270.0 512.0 270.0 512.0 268.0
0.0 270.0 0.0 272.0 2.0 272.0 2.0 270.0
2.0 270.0 2.0 272.0 4.0 272.0 4.0 270.0
4.0 270.0 4.0 272.0 6.0 272.0 6.0 270.0
6.0 270.0 6.0 272.0 8.0 272.0 8.0 270.0
8.0 270.0 8.0 272.0 10.0 272.0 10.0 270.0
10.0 270.0 10.0 272.0 12.0 272.0 12.0 270.0
12.0 270.0 12.0 272.0 14.0 272.0 14.0 270.0
14.0 270.0 14.0 272.0 16.0 272.0 16.0 270.0
16.0 270.0 16.0 272.0 18.0 272.0 18.0 270.0
18.0 270.0 18.0 272.0 20.0 272.0 20.0 270.0
20.0 270.0 20.0 272.0 22.0 272.0 22.0 270.0
22.0 270.0 22.0 272.0 24.0 272.0 24.0 270.0
24.0 270.0 24.0 272.0 26.0 272.0 26.0 270.0
26.0 270.0 26.0 272.0 28.0 272.0 28.0 270.0
28.0 270.0 28.0 272.0 30.0 272.0 30.0 270.0
30.0 270.0 30.0 272.0 32.0 272.0 32.0 270.0
32.0 270.0 32.0 272.0 34.0 272.0 34.0 270.0
34.0 270.0 34.0 272.0 36.0 272.0 36.0 270.0
36.0 270.0 36.0 272.0 38.0 272.0 38.0 270.0
38.0 270.0 38.0 272.0 40.0 272.0 40.0 270.0
40.0 270.0 40.0 272.0 42.0 272.0 42.0 270.0
42.0 270.0 42.0 272.0 44.0 272.0 44.0 270.0
44.0 270.0 44.0 272.0 46.0 272.0 46.0 270.0
46.0 270.0 46.0 272.0 48.0 272.0 48.0 270.0
48.0 270.0 48.0 272.0 50.0 272.0 50.0 270.0
50.0 270.0 50.0 272.0 52.0 272.0 52.0 270.0
52.0 270.0 52.0 272.0 54.0 272.0 54.0 270.0
54.0 270.0 54.0 272.0 56.0 272.0 56.0 270.0
56.0 270.0 56.0 272.0 58.0 272.0 58.0 270.0
158.0 270.0 158.0 272.0 160.0 272.0 160.0 270.0
160.0 270.0 160.0 272.0 162.0 272.0 162.0 270.0
162.0 270.0 162.0 272.0 164.0 272.0 164.0 270.0
164.0 270.0 164.0 272.0 166.0 272.0 166.0 270.0
166.0 270.0 166.0 272.0 168.0 272.0 168.0 270.0
168.0 270.0 168.0 272.0 170.0 272.0 170.0 270.0
170.0 270.0 170.0 272.0 172.0 272.0 172.0 270.0
172.0 270.0 172.0 272.0 174.0 272.0 174.0 270.0
174.0 270.0 174.0 272.0 176.0 272.0 176.0 270.0
176.0 270.0 176.0 272.0 178.0 272.0 178.0 270.0
178.0 270.0 178.0 272.0 180.0 272.0 180.0 270.0
180.0 270.0 180.0 272.0 182.0 272.0 182.0 270.0
182.0 270.0 182.0 272.0 184.0 272.0 184.0 270.0
184.0 270.0 184.0 272.0 186.0 272.0 186.0 270.0
186.0 270.0 186.0 272.0 188.0 272.0 188.0 270.0
188.0 270.0 188.0 272.0 190.0 272.0 190.0 270.0
190.0 270.0 190.0 272.0 192.0 272.0 192.0 270.0
192.0 270.0 192.0 272.0 194.0 272.0 194.0 270.0
194.0 270.0 194.0 272.0 196.0 272.0 196.0 270.0
196.0 270.0 196.0 272.0 198.0 272.0 198.0 270.0
198.0 270.0 198.0 272.0 200.0 272.0 200.0 270.0
200.0 270.0 200.0 272.0 202.0 272.0 202.0 270.0
202.0 270.0 202.0 272.0 204.0 272.0 204.0 270.0
204.0 270.0 204.0 272.0 206.0 272.0 206.0 270.0
206.0 270.0 206.0 272.0 208.0 272.0 208.0 270.0
208.0 270.0 208.0 272.0 210.0 272.0 210.0 270.0
210.0 270.0 210.0 272.0 212.0 272.0 212.0 270.0
212.0 270.0 212.0 272.0 214.0 272.0 214.0 270.0
214.0 270.0 214.0 272.0 216.0 272.0 216.0 270.0
216.0 270.0 216.0 272.0 218.0 272.0 218.0 270.0
218.0 270.0 218.0 272.0 220.0 272.0 220.0 270.0
220.0 270.0 220.0 272.0 222.0 272.0 222.0 270.0
222.0 270.0 222.0 272.0 224.0 272.0 224.0 270.0
224.0 270.0 224.0 272.0 226.0 272.0 226.0 270.0
226.0 270.0 226.0 272.0 228.0 272.0 228.0 270.0
228.0 270.0 228.0 272.0 230.0 272.0 230.0 270.0
230.0 270.0 230.0 272.0 232.0 272.0 232.0 270.0
232.0 270.0 232.0 272.0 234.0 272.0 234.0 270.0
234.0 270.0 234.0 272.0 236.0 272.0 236.0 270.0
236.0 270.0 236.0 272.0 238.0 272.0 238.0 270.0
238.0 270.0 238.0 272.0 240.0 272.0 240.0 270.0
240.0 270.0 240.0 272.0 242.0 272.0 242.0 270.0
242.0 270.0 242.0 272.0 244.0 272.0 244.0 270.0
244.0 270.0 244.0 272.0 246.0 272.0 246.0 270.0
246.0 270.0 246.0 272.0 248.0 272.0 248.0 270.0
248.0 270.0 248.0 272.0 250.0 272.0 250.0 270.0
250.0 270.0 250.0 272.0 252.0 272.0 252.0 270.0
252.0 270.0 252.0 272.0 254.0 272.0 254.0 270.0
254.0 270.0 254.0 272.0 256.0 272.0 256.0 270.0
256.0 270.0 256.0 272.0 258.0 272.0 258.0 270.0
258.0 270.0 258.0 272.0 260.0 272.0 260.0 270.0
260.0 270.0 260.0 272.0 262.0 272.0 262.0 270.0
262.0 270.0 262.0 272.0 264.0 272.0 264.0 270.0
264.0 270.0 264.0 272.0 266.0 272.0 266.0 270.0
266.0 270.0 266.0 272.0 268.0 272.0 268.0 270.0
268.0 270.0 268.0 272.0 270.0 272.0 270.0 270.0
270.0 270.0 270.0 272.0 272.0 272.0 272.0 270.0
272.0 270.0 272.0 272.0 274.0 272.0 274.0 270.0
274.0 270.0 274.0 272.0 276.0 272.0 276.0 270.0
276.0 270.0 276.0 272.0 278.0 272.0 278.0 270.0
278.0 270.0 278.0 272.0 280.0 272.0 280.0 270.0
280.0 270.0 280.0 272.0 282.0 272.0 282.0 270.0
282.0 270.0 282.0 272.0 284.0 272.0 284.0 270.0
284.0 270.0 284.0 272.0 286.0 272.0 286.0 270.0
286.0 270.0 286.0 272.0 288.0 272.0 288.0 270.0
288.0 270.0 288.0 272.0 290.0 272.0 290.0 270.0
290.0 270.0 290.0 272.0 292.0 272.0 292.0 270.0
292.0 270.0 292.0 272.0 294.0 272.0 294.0 270.0
294.0 270.0 294.0 272.0 296.0 272.0 296.0 270.0
296.0 270.0 296.0 272.0 298.0 272.0 298.0 270.0
298.0 270.0 298.0 272.0 300.0 272.0 300.0 270.0
300.0 270.0 300.0 272.0 302.0 272.0 302.0 270.0
302.0 270.0 302.0 272.0 304.0 272.0 304.0 270.0
304.0 270.0 304.0 272.0 306.0 272.0 306.0 270.0
306.0 270.0 306.0 272.0 308.0 272.0 308.0 270.0
308.0 270.0 308.0 272.0 310.0 272.0 310.0 270.0
310.0 270.0 310.0 272.0 312.0 272.0 312.0 270.0
312.0 270.0 312.0 272.0 314.0 272.0 314.0 270.0
314.0 270.0 314.0 272.0 316.0 272.0 316.0 270.0
316.0 270.0 316.0 272.0 318.0 272.0 318.0 270.0
318.0 270.0 318.0 272.0 320.0 272.0 320.0 270.0
320.0 270.0 320.0 272.0 322.0 272.0 322.0 270.0
322.0 270.0 322.0 272.0 324.0 272.0 324.0 270.0
324.0 270.0 324.0 272.0 326.0 272.0 326.0 270.0
326.0 270.0 326.0 272.0 328.0 272.0 328.0 270.0
328.0 270.0 328.0 272.0 330.0 272.0 330.0 270.0
330.0 270.0 330.0 272.0 332.0 272.0 332.0 270.0
332.0 270.0 332.0 272.0 334.0 272.0 334.0 270.0
334.0 270.0 334.0 272.0 336.0 272.0 336.0 270.0
336.0 270.0 336.0 272.0 338.0 272.0 338.0 270.0
338.0 270.0 338.0 272.0 340.0 272.0 340.0 270.0
340.0 270.0 340.0 272.0 342.0 272.0 342.0 270.0
342.0 270.0 342.0 272.0 344.0 272.0 344.0 270.0
344.0 270.0 344.0 272.0 346.0 272.0 346.0 270.0
346.0 270.0 346.0 272.0 348.0 272.0 348.0 270.0
348.0 270.0 348.0 272.0 350.0 272.0 350.0 270.0
350.0 270.0 350.0 272.0 352.0 272.0 352.0 270.0
352.0 270.0 352.0 272.0 354.0 272.0 354.0 270.0
354.0 270.0 354.0 272.0 356.0 272.0 356.0 270.0
356.0 270.0 356.0 272.0 358.0 272.0 358.0 270.0
358.0 270.0 358.0 272.0 360.0 272.0 360.0 270.0
360.0 270.0 360.0 272.0 362.0 272.0 362.0 270.0
362.0 270.0 362.0 272.0 364.0 272.0 364.0 270.0
364.0 270.0 364.0 272.0 366.0 272.0 366.0 270.0
366.0 270.0 366.0 272.0 368.0 272.0 368.0 270.0
368.0 270.0 368.0 272.0 370.0 272.0 370.0 270.0
458.0 270.0 458.0 272.0 460.0 272.0 460.0 270.0
460.0 270.0 460.0 272.0 462.0 272.0 462.0 270.0
462.0 270.0 462.0 272.0 464.0 272.0 464.0 270.0
464.0 270.0 464.0 272.0 466.0 272.0 466.0 270.0
466.0 270.0 466.0 272.0 468.0 272.0 468.0 270.0
468.0 270.0 468.0 272.0 470.0 272.0 470.0 270.0
470.0 270.0 470.0 272.0 472.0 272.0 472.0 270.0
472.0 270.0 472.0 272.0 474.0 272.0 474.0 270.0
474.0 270.0 474.0 272.0 476.0 272.0 476.0 270.0
476.0 270.0 476.0 272.0 478.0 272.0 478.0 270.0
478.0 270.0 478.0 272.0 480.0 272.0 480.0 270.0
480.0 270.0 480.0 272.0 482.0 272.0 482.0 270.0
482.0 270.0 482.0 272.0 484.0 272.0 484.0 270.0
484.0 270.0 484.0 272.0 486.0 272.0 486.0 270.0
486.0 270.0 486.0 272.0 488.0 272.0 488.0 270.0
488.0 270.0 488.0 272.0 490.0 272.0 490.0 270.0
490.0 270.0 490.0 272.0 492.0 272.0 492.0 270.0
492.0 270.0 492.0 272.0 494.0 272.0 494.0 270.0
494.0 270.0 494.0 272.0 496.0 272.0 496.0 270.0
496.0 270.0 496.0 272.0 498.0 272.0 498.0 270.0
498.0 270.0 498.0 272.0 500.0 272.0 500.0 270.0
500.0 270.0 500.0 272.0 502.0 272.0 502.0 270.0
502.0 270.0 502.0 272.0 504.0 272.0 504.0 270.0
504.0 270.0 504.0 272.0 506.0 272.0 506.0 270.0
506.0 270.0 506.0 272.0 508.0 272.0 508.0 270.0
508.0 270.0 508.0 272.0 510.0 272.0 510.0 270.0
510.0 270.0 510.0 272.0 512.0 272.0 512.0 270.0
0.0 272.0 0.0 274.0 2.0 274.0 2.0 272.0
2.0 272.0 2.0 274.0 4.0 274.0 4.0 272.0
4.0 272.0 4.0 274.0 6.0 274.0 6.0 272.0
6.0 272.0 6.0 274.0 8.0 274.0 8.0 272.0
8.0 272.0 8.0 274.0 10.0 274.0 10.0 272.0
10.0 272.0 10.0 274.0 12.0 274.0 12.0 272.0
12.0 272.0 12.0 274.0 14.0 274.0 14.0 272.0
14.0 272.0 14.0 274.0 16.0 274.0 16.0 272.0
16.0 272.0 16.0 274.0 18.0 274.0 18.0 272.0
18.0 272.0 18.0 274.0 20.0 274.0 20.0 272.0
20.0 272.0 20.0 274.0 22.0 274.0 22.0 272.0
22.0 272.0 22.0 274.0 24.0 274.0 24.0 272.0
24.0 272.0 24.0 274.0 26.0 274.0 26.0 272.0
26.0 272.0 26.0 274.0 28.0 274.0 28.0 272.0
28.0 272.0 28.0 274.0 30.0 274.0 30.0 272.0
30.0 272.0 30.0 274.0 32.0 274.0 32.0 272.0
32.0 272.0 32.0 274.0 34.0 274.0 34.0 272.0
34.0 272.0 34.0 274.0 36.0 274.0 36.0 272.0
36.0 272.0 36.0 274.0 38.0 274.0 38.0 272.0
38.0 272.0 38.0 274.0 40.0 274.0 40.0 272.0
40.0 272.0 40.0 274.0 42.0 274.0 42.0 272.0
42.0 272.0 42.0 274.0 44.0 274.0 44.0 272.0
44.0 272.0 44.0 274.0 46.0 274.0 46.0 272.0
46.0 272.0 46.0 274.0 48.0 274.0 48.0 272.0
48.0 272.0 48.0 274.0 50.0 274.0 50.0 272.0
50.0 272.0 50.0 274.0 52.0 274.0 52.0 272.0
52.0 272.0 52.0 274.0 54.0 274.0 54.0 272.0
54.0 272.0 54.0 274.0 56.0 274.0 56.0 272.0
56.0 272.0 56.0 274.0 58.0 274.0 58.0 272.0
158.0 272.0 158.0 274.0 160.0 274.0 160.0 272.0
160.0 272.0 160.0 274.0 162.0 274.0 162.0 272.0
162.0 272.0 162.0 274.0 164.0 274.0 164.0 272.0
164.0 272.0 164.0 274.0 166.0 274.0 166.0 272.0
166.0 272.0 166.0 274.0 168.0 274.0 168.0 272.0
168.0 272.0 168.0 274.0 170.0 274.0 170.0 272.0
170.0 272.0 170.0 274.0 172.0 274.0 172.0 272.0
172.0 272.0 172.0 274.0 174.0 274.0 174.0 272.0
174.0 272.0 174.0 274.0 176.0 274.0 176.0 272.0
176.0 272.0 176.0 274.0 178.0 274.0 178.0 272.0
178.0 272.0 178.0 274.0 180.0 274.0 180.0 272.0
180.0 272.0 180.0 274.0 182.0 274.0 182.0 272.0
182.0 272.0 182.0 274.0 184.0 274.0 184.0 272.0
184.0 272.0 184.0 274.0 186.0 274.0 186.0 272.0
186.0 272.0 186.0 274.0 188.0 274.0 188.0 272.0
188.0 272.0 188.0 274.0 190.0 274.0 190.0 272.0
190.0 272.0 190.0 274.0 192.0 274.0 192.0 272.0
192.0 272.0 192.0 274.0 194.0 274.0 194.0 272.0
194.0 272.0 194.0 274.0 196.0 274.0 196.0 272.0
196.0 272.0 196.0 274.0 198.0 274.0 198.0 272.0
198.0 272.0 198.0 274.0 200.0 274.0 200.0 272.0
200.0 272.0 200.0 274.0 202.0 274.0 202.0 272.0
202.0 272.0 202.0 274.0 204.0 274.0 204.0 272.0
204.0 272.0 204.0 274.0 206.0 274.0 206.0 272.0
206.0 272.0 206.0 274.0 208.0 274.0 208.0 272.0
208.0 272.0 208.0 274.0 210.0 274.0 210.0 272.0
210.0 272.0 210.0 274.0 212.0 274.0 212.0 272.0
212.0 272.0 212.0 274.0 214.0 274.0 214.0 272.0
214.0 272.0 214.0 274.0 216.0 274.0 216.0 272.0
216.0 272.0 216.0 274.0 218.0 274.0 218.0 272.0
218.0 272.0 218.0 274.0 220.0 274.0 220.0 272.0
220.0 272.0 220.0 274.0 222.0 274.0 222.0 272.0
222.0 272.0 222.0 274.0 224.0 274.0 224.0 272.0
224.0 272.0 224.0 274.0 226.0 274.0 226.0 272.0
226.0 272.0 226.0 274.0 228.0 274.0 228.0 272.0
228.0 272.0 228.0 274.0 230.0 274.0 230.0 272.0
230.0 272.0 230.0 274.0 232.0 274.0 232.0 272.0
232.0 272.0 232.0 274.0 234.0 274.0 234.0 272.0
234.0 272.0 234.0 274.0 236.0 274.0 236.0 272.0
236.0 272.0 236.0 274.0 238.0 274.0 238.0 272.0
238.0 272.0 238.0 274.0 240.0 274.0 240.0 272.0
240.0 272.0 240.0 274.0 242.0 274.0 242.0 272.0
242.0 272.0 242.0 274.0 244.0 274.0 244.0 272.0
244.0 272.0 244.0 274.0 246.0 274.0 246.0 272.0
246.0 272.0 246.0 274.0 248.0 274.0 248.0 272.0
248.0 272.0 248.0 274.0 250.0 274.0 250.0 272.0
250.0 272.0 250.0 274.0 252.0 274.0 252.0 272.0
252.0 272.0 252.0 274.0 254.0 274.0 254.0 272.0
254.0 272.0 254.0 274.0 256.0 274.0 256.0 272.0
256.0 272.0 256.0 274.0 258.0 274.0 258.0 272.0
258.0 272.0 258.0 274.0 260.0 274.0 260.0 272.0
260.0 272.0 260.0 274.0 262.0 274.0 262.0 272.0
262.0 272.0 262.0 274.0 264.0 274.0 264.0 272.0
264.0 272.0 264.0 274.0 266.0 274.0 266.0 272.0
266.0 272.0 266.0 274.0 268.0 274.0 268.0 272.0
268.0 272.0 268.0 274.0 270.0 274.0 270.0 272.0
270.0 272.0 270.0 274.0 272.0 274.0 272.0 272.0
272.0 272.0 272.0 274.0 274.0 274.0 274.0 272.0
274.0 272.0 274.0 274.0 276.0 274.0 276.0 272.0
276.0 272.0 276.0 274.0 278.0 274.0 278.0 272.0
278.0 272.0 278.0 274.0 280.0 274.0 280.0 272.0
280.0 272.0 280.0 274.0 282.0 274.0 282.0 272.0
282.0 272.0 282.0 274.0 284.0 274.0 284.0 272.0
284.0 272.0 284.0 274.0 286.0 274.0 286.0 272.0
286.0 272.0 286.0 274.0 288.0 274.0 288.0 272.0
288.0 272.0 288.0 274.0 290.0 274.0 290.0 272.0
290.0 272.0 290.0 274.0 292.0 274.0 292.0 272.0
292.0 272.0 292.0 274.0 294.0 274.0 294.0 272.0
294.0 272.0 294.0 274.0 296.0 274.0 296.0 272.0
296.0 272.0 296.0 274.0 298.0 274.0 298.0 272.0
298.0 272.0 298.0 274.0 300.0 274.0 300.0 272.0
300.0 272.0 300.0 274.0 302.0 274.0 302.0 272.0
302.0 272.0 302.0 274.0 304.0 274.0 304.0 272.0
304.0 272.0 304.0 274.0 306.0 274.0 306.0 272.0
306.0 272.0 306.0 274.0 308.0 274.0 308.0 272.0
308.0 272.0 308.0 274.0 310.0 274.0 310.0 272.0
310.0 272.0 310.0 274.0 312.0 274.0 312.0 272.0
312.0 272.0 312.0 274.0 314.0 274.0 314.0 272.0
314.0 272.0 314.0 274.0 316.0 274.0 316.0 272.0
316.0 272.0 316.0 274.0 318.0 274.0 318.0 272.0
318.0 272.0 318.0 274.0 320.0 274.0 320.0 272.0
320.0 272.0 320.0 274.0 322.0 274.0 322.0 272.0
322.0 272.0 322.0 274.0 324.0 274.0 324.0 272.0
324.0 272.0 324.0 274.0 326.0 274.0 326.0 272.0
326.0 272.0 326.0 274.0 328.0 274.0 328.0 272.0
328.0 272.0 328.0 274.0 330.0 274.0 330.0 272.0
330.0 272.0 330.0 274.0 332.0 274.0 332.0 272.0
332.0 272.0 332.0 274.0 334.0 274.0 334.0 272.0
334.0 272.0 334.0 274.0 336.0 274.0 336.0 272.0
336.0 272.0 336.0 274.0 338.0 274.0 338.0 272.0
338.0 272.0 338.0 274.0 340.0 274.0 340.0 272.0
340.0 272.0 340.0 274.0 342.0 274.0 342.0 272.0
342.0 272.0 342.0 274.0 344.0 274.0 344.0 272.0
344.0 272.0 344.0 274.0 346.0 274.0 346.0 272.0
346.0 272.0 346.0 274.0 348.0 274.0 348.0 272.0
348.0 272.0 348.0 274.0 350.0 274.0 350.0 272.0
350.0 272.0 350.0 274.0 352.0 274.0 352.0 272.0
352.0 272.0 352.0 274.0 354.0 274.0 354.0 272.0
354.0 272.0 354.0 274.0 356.0 274.0 356.0 272.0
356.0 272.0 356.0 274.0 358.0 274.0 358.0 272.0
358.0 272.0 358.0 274.0 360.0 274.0 360.0 272.0
360.0 272.0 360.0 274.0 362.0 274.0 362.0 272.0
362.0 272.0 362.0 274.0 364.0 274.0 364.0 272.0
364.0 272.0 364.0 274.0 366.0 274.0 366.0 272.0
366.0 272.0 366.0 274.0 368.0 274.0 368.0 272.0
368.0 272.0 368.0 274.0 370.0 274.0 370.0 272.0
458.0 272.0 458.0 274.0 460.0 274.0 460.0 272.0
460.0 272.0 460.0 274.0 462.0 274.0 462.0 272.0
462.0 272.0 462.0 274.0 464.0 274.0 464.0 272.0
464.0 272.0 464.0 274.0 466.0 274.0 466.0 272.0
466.0 272.0 466.0 274.0 468.0 274.0 468.0 272.0
468.0 272.0 468.0 274.0 470.0 274.0 470.0 272.0
470.0 272.0 470.0 274.0 472.0 274.0 472.0 272.0
472.0 272.0 472.0 274.0 474.0 274.0 474.0 272.0
474.0 272.0 474.0 274.0 476.0 274.0 476.0 272.0
476.0 272.0 476.0 274.0 478.0 274.0 478.0 272.0
478.0 272.0 478.0 274.0 480.0 274.0 480.0 272.0
480.0 272.0 480.0 274.0 482.0 274.0 482.0 272.0
482.0 272.0 482.0 274.0 484.0 274.0 484.0 272.0
484.0 272.0 484.0 274.0 486.0 274.0 486.0 272.0
486.0 272.0 486.0 274.0 488.0 274.0 488.0 272.0
488.0 272.0 488.0 274.0 490.0 274.0 490.0 272.0
490.0 272.0 490.0 274.0 492.0 274.0 492.0 272.0
492.0 272.0 492.0 274.0 494.0 274.0 494.0 272.0
494.0 272.0 494.0 274.0 496.0 274.0 496.0 272.0
496.0 272.0 496.0 274.0 498.0 274.0 498.0 272.0
498.0 272.0 498.0 274.0 500.0 274.0 500.0 272.0
500.0 272.0 500.0 274.0 502.0 274.0 502.0 272.0
502.0 272.0 502.0 274.0 504.0 274.0 504.0 272.0
504.0 272.0 504.0 274.0 506.0 274.0 506.0 272.0
506.0 272.0 506.0 274.0 508.0 274.0 508.0 272.0
508.0 272.0 508.0 274.0 510.0 274.0 510.0 272.0
510.0 272.0 510.0 274.0 512.0 274.0 512.0 272.0
0.0 274.0 0.0 276.0 2.0 276.0 2.0 274.0
2.0 274.0 2.0 276.0 4.0 276.0 4.0 274.0
4.0 274.0 4.0 276.0 6.0 276.0 6.0 274.0
6.0 274.0 6.0 276.0 8.0 276.0 8.0 274.0
8.0 274.0 8.0 276.0 10.0 276.0 10.0 274.0
10.0 274.0 10.0 276.0 12.0 276.0 12.0 274.0
12.0 274.0 12.0 276.0 14.0 276.0 14.0 274.0
14.0 274.0 14.0 276.0 16.0 276.0 16.0 274.0
16.0 274.0 16.0 276.0 18.0 276.0 18.0 274.0
18.0 274.0 18.0 276.0 20.0 276.0 20.0 274.0
20.0 274.0 20.0 276.0 22.0 276.0 22.0 274.0
22.0 274.0 22.0 276.0 24.0 276.0 24.0 274.0
24.0 274.0 24.0 276.0 26.0 276.0 26.0 274.0
26.0 274.0 26.0 276.0 28.0 276.0 28.0 274.0
28.0 274.0 28.0 276.0 30.0 276.0 30.0 274.0
30.0 274.0 30.0 276.0 32.0 276.0 32.0 274.0
32.0 274.0 32.0 276.0 34.0 276.0 34.0 274.0
34.0 274.0 34.0 276.0 36.0 276.0 36.0 274.0
36.0 274.0 36.0 276.0 38.0 276.0 38.0 274.0
38.0 274.0 38.0 276.0 40.0 276.0 40.0 274.0
40.0 274.0 40.0 276.0 42.0 276.0 42.0 274.0
42.0 274.0 42.0 276.0 44.0 276.0 44.0 274.0
44.0 274.0 44.0 276.0 46.0 276.0 46.0 274.0
46.0 274.0 46.0 276.0 48.0 276.0 48.0 274.0
48.0 274.0 48.0 276.0 50.0 276.0 50.0 274.0
50.0 274.0 50.0 276.0 52.0 276.0 52.0 274.0
52.0 274.0 52.0 276.0 54.0 276.0 54.0 274.0
54.0 274.0 54.0 276.0 56.0 276.0 56.0 274.0
56.0 274.0 56.0 276.0 58.0 276.0 58.0 274.0
158.0 274.0 158.0 276.0 160.0 276.0 160.0 274.0
160.0 274.0 160.0 276.0 162.0 276.0 162.0 274.0
162.0 274.0 162.0 276.0 164.0 276.0 164.0 274.0
164.0 274.0 164.0 276.0 166.0 276.0 166.0 274.0
166.0 274.0 166.0 276.0 168.0 276.0 168.0 274.0
168.0 274.0 168.0 276.0 170.0 276.0 170.0 274.0
170.0 274.0 170.0 276.0 172.0 276.0 172.0 274.0
172.0 274.0 172.0 276.0 174.0 276.0 174.0 274.0
174.0 274.0 174.0 276.0 176.0 276.0 176.0 274.0
176.0 274.0 176.0 276.0 178.0 276.0 178.0 274.0
178.0 274.0 178.0 276.0 180.0 276.0 180.0 274.0
180.0 274.0 180.0 276.0 182.0 276.0 182.0 274.0
182.0 274.0 182.0 276.0 184.0 276.0 184.0 274.0
184.0 274.0 184.0 276.0 186.0 276.0 186.0 274.0
186.0 274.0 186.0 276.0 188.0 276.0 188.0 274.0
188.0 274.0 188.0 276.0 190.0 276.0 190.0 274.0
190.0 274.0 190.0 276.0 192.0 276.0 192.0 274.0
192.0 274.0 192.0 276.0 194.0 276.0 194.0 274.0
194.0 274.0 194.0 276.0 196.0 276.0 196.0 274.0
196.0 274.0 196.0 276.0 198.0 276.0 198.0 274.0
198.0 274.0 198.0 276.0 200.0 276.0 200.0 274.0
200.0 274.0 200.0 276.0 202.0 276.0 202.0 274.0
202.0 274.0 202.0 276.0 204.0 276.0 204.0 274.0
204.0 274.0 204.0 276.0 206.0 276.0 206.0 274.0
206.0 274.0 206.0 276.0 208.0 276.0 208.0 274.0
208.0 274.0 208.0 276.0 210.0 276.0 210.0 274.0
210.0 274.0 210.0 276.0 212.0 276.0 212.0 274.0
212.0 274.0 212.0 276.0 214.0 276.0 214.0 274.0
214.0 274.0 214.0 276.0 216.0 276.0 216.0 274.0
216.0 274.0 216.0 276.0 218.0 276.0 218.0 274.0
218.0 274.0 218.0 276.0 220.0 276.0 220.0 274.0
220.0 274.0 220.0 276.0 222.0 276.0 222.0 274.0
222.0 274.0 222.0 276.0 224.0 276.0 224.0 274.0
224.0 274.0 224.0 276.0 226.0 276.0 226.0 274.0
226.0 274.0 226.0 276.0 228.0 276.0 228.0 274.0
228.0 274.0 228.0 276.0 230.0 276.0 230.0 274.0
230.0 274.0 230.0 276.0 232.0 276.0 232.0 274.0
232.0 274.0 232.0 276.0 234.0 276.0 234.0 274.0
234.0 274.0 234.0 276.0 236.0 276.0 236.0 274.0
236.0 274.0 236.0 276.0 238.0 276.0 238.0 274.0
238.0 274.0 238.0 276.0 240.0 276.0 240.0 274.0
240.0 274.0 240.0 276.0 242.0 276.0 242.0 274.0
242.0 274.0 242.0 276.0 244.0 276.0 244.0 274.0
244.0 274.0 244.0 276.0 246.0 276.0 246.0 274.0
246.0 274.0 246.0 276.0 248.0 276.0 248.0 274.0
248.0 274.0 248.0 276.0 250.0 276.0 250.0 274.0
250.0 274.0 250.0 276.0 252.0 276.0 252.0 274.0
252.0 274.0 252.0 276.0 254.0 276.0 254.0 274.0
254.0 274.0 254.0 276.0 256.0 276.0 256.0 274.0
256.0 274.0 256.0 276.0 258.0 276.0 258.0 274.0
258.0 274.0 258.0 276.0 260.0 276.0 260.0 274.0
260.0 274.0 260.0 276.0 262.0 276.0 262.0 274.0
262.0 274.0 262.0 276.0 264.0 276.0 264.0 274.0
264.0 274.0 264.0 276.0 266.0 276.0 266.0 274.0
266.0 274.0 266.0 276.0 268.0 276.0 268.0 274.0
268.0 274.0 268.0 276.0 270.0 276.0 270.0 274.0
270.0 274.0 270.0 276.0 272.0 276.0 272.0 274.0
272.0 274.0 272.0 276.0 274.0 276.0 274.0 274.0
274.0 274.0 274.0 276.0 276.0 276.0 276.0 274.0
276.0 274.0 276.0 276.0 278.0 276.0 278.0 274.0
278.0 274.0 278.0 276.0 280.0 276.0 280.0 274.0
280.0 274.0 280.0 276.0 282.0 276.0 282.0 274.0
282.0 274.0 282.0 276.0 284.0 276.0 284.0 274.0
284.0 274.0 284.0 276.0 286.0 276.0 286.0 274.0
286.0 274.0 286.0 276.0 288.0 276.0 288.0 274.0
288.0 274.0 288.0 276.0 290.0 276.0 290.0 274.0
290.0 274.0 290.0 276.0 292.0 276.0 292.0 274.0
292.0 274.0 292.0 276.0 294.0 276.0 294.0 274.0
294.0 274.0 294.0 276.0 296.0 276.0 296.0 274.0
296.0 274.0 296.0 276.0 298.0 276.0 298.0 274.0
298.0 274.0 298.0 276.0 300.0 276.0 300.0 274.0
300.0 274.0 300.0 276.0 302.0 276.0 302.0 274.0
302.0 274.0 302.0 276.0 304.0 276.0 304.0 274.0
304.0 274.0 304.0 276.0 306.0 276.0 306.0 274.0
306.0 274.0 306.0 276.0 308.0 276.0 308.0 274.0
308.0 274.0 308.0 276.0 310.0 276.0 310.0 274.0
310.0 274.0 310.0 276.0 312.0 276.0 312.0 274.0
312.0 274.0 312.0 276.0 314.0 276.0 314.0 274.0
314.0 274.0 314.0 276.0 316.0 276.0 316.0 274.0
316.0 274.0 316.0 276.0 318.0 276.0 318.0 274.0
318.0 274.0 318.0 276.0 320.0 276.0 320.0 274.0
320.0 274.0 320.0 276.0 322.0 276.0 322.0 274.0
322.0 274.0 322.0 276.0 324.0 276.0 324.0 274.0
324.0 274.0 324.0 276.0 326.0 276.0 326.0 274.0
326.0 274.0 326.0 276.0 328.0 276.0 328.0 274.0
328.0 274.0 328.0 276.0 330.0 276.0 330.0 274.0
330.0 274.0 330.0 276.0 332.0 276.0 332.0 274.0
332.0 274.0 332.0 276.0 334.0 276.0 334.0 274.0
334.0 274.0 334.0 276.0 336.0 276.0 336.0 274.0
336.0 274.0 336.0 276.0 338.0 276.0 338.0 274.0
338.0 274.0 338.0 276.0 340.0 276.0 340.0 274.0
340.0 274.0 340.0 276.0 342.0 276.0 342.0 274.0
342.0 274.0 342.0 276.0 344.0 276.0 344.0 274.0
344.0 274.0 344.0 276.0 346.0 276.0 346.0 274.0
346.0 274.0 346.0 276.0 348.0 276.0 348.0 274.0
348.0 274.0 348.0 276.0 350.0 276.0 350.0 274.0
350.0 274.0 350.0 276.0 352.0 276.0 352.0 274.0
352.0 274.0 352.0 276.0 354.0 276.0 354.0 274.0
354.0 274.0 354.0 276.0 356.0 276.0 356.0 274.0
356.0 274.0 356.0 276.0 358.0 276.0 358.0 274.0
358.0 274.0 358.0 276.0 360.0 276.0 360.0 274.0
360.0 274.0 360.0 276.0 362.0 276.0 362.0 274.0
362.0 274.0 362.0 276.0 364.0 276.0 364.0 274.0
364.0 274.0 364.0 276.0 366.0 276.0 366.0 274.0
366.0 274.0 366.0 276.0 368.0 276.0 368.0 274.0
458.0 274.0 458.0 276.0 460.0 276.0 460.0 274.0
460.0 274.0 460.0 276.0 462.0 276.0 462.0 274.0
462.0 274.0 462.0 276.0 464.0 276.0 464.0 274.0
464.0 274.0 464.0 276.0 466.0 276.0 466.0 274.0
466.0 274.0 466.0 276.0 468.0 276.0 468.0 274.0
468.0 274.0 468.0 276.0 470.0 276.0 470.0 274.0
470.0 274.0 470.0 276.0 472.0 276.0 472.0 274.0
472.0 274.0 472.0 276.0 474.0 276.0 474.0 274.0
474.0 274.0 474.0 276.0 476.0 276.0 476.0 274.0
476.0 274.0 476.0 276.0 478.0 276.0 478.0 274.0
478.0 274.0 478.0 276.0 480.0 276.0 480.0 274.0
480.0 274.0 480.0 276.0 482.0 276.0 482.0 274.0
482.0 274.0 482.0 276.0 484.0 276.0 484.0 274.0
484.0 274.0 484.0 276.0 486.0 276.0 486.0 274.0
486.0 274.0 486.0 276.0 488.0 276.0 488.0 274.0
488.0 274.0 488.0 276.0 490.0 276.0 490.0 274.0
490.0 274.0 490.0 276.0 492.0 276.0 492.0 274.0
492.0 274.0 492.0 276.0 494.0 276.0 494.0 274.0
494.0 274.0 494.0 276.0 496.0 276.0 496.0 274.0
496.0 274.0 496.0 276.0 498.0 276.0 498.0 274.0
498.0 274.0 498.0 276.0 500.0 276.0 500.0 274.0
500.0 274.0 500.0 276.0 502.0 276.0 502.0 274.0
502.0 274.0 502.0 276.0 504.0 276.0 504.0 274.0
504.0 274.0 504.0 276.0 506.0 276.0 506.0 274.0
506.0 274.0 506.0 276.0 508.0 276.0 508.0 274.0
508.0 274.0 508.0 276.0 510.0 276.0 510.0 274.0
510.0 274.0 510.0 276.0 512.0 276.0 512.0 274.0
0.0 276.0 0.0 278.0 2.0 278.0 2.0 276.0
2.0 276.0 2.0 278.0 4.0 278.0 4.0 276.0
4.0 276.0 4.0 278.0 6.0 278.0 6.0 276.0
6.0 276.0 6.0 278.0 8.0 278.0 8.0 276.0
8.0 276.0 8.0 278.0 10.0 278.0 10.0 276.0
10.0 276.0 10.0 278.0 12.0 278.0 12.0 276.0
12.0 276.0 12.0 278.0 14.0 278.0 14.0 276.0
14.0 276.0 14.0 278.0 16.0 278.0 16.0 276.0
16.0 276.0 16.0 278.0 18.0 278.0 18.0 276.0
18.0 276.0 18.0 278.0 20.0 278.0 20.0 276.0
20.0 276.0 20.0 278.0 22.0 278.0 22.0 276.0
22.0 276.0 22.0 278.0 24.0 278.0 24.0 276.0
24.0 276.0 24.0 278.0 26.0 278.0 26.0 276.0
26.0 276.0 26.0 278.0 28.0 278.0 28.0 276.0
28.0 276.0 28.0 278.0 30.0 278.0 30.0 276.0
30.0 276.0 30.0 278.0 32.0 278.0 32.0 276.0
32.0 276.0 32.0 278.0 34.0 278.0 34.0 276.0
34.0 276.0 34.0 278.0 36.0 278.0 36.0 276.0
36.0 276.0 36.0 278.0 38.0 278.0 38.0 276.0
38.0 276.0 38.0 278.0 40.0 278.0 40.0 276.0
40.0 276.0 40.0 278.0 42.0 278.0 42.0 276.0
42.0 276.0 42.0 278.0 44.0 278.0 44.0 276.0
44.0 276.0 44.0 278.0 46.0 278.0 46.0 276.0
46.0 276.0 46.0 278.0 48.0 278.0 48.0 276.0
48.0 276.0 48.0 278.0 50.0 278.0 50.0 276.0
50.0 276.0 50.0 278.0 52.0 278.0 52.0 276.0
52.0 276.0 52.0 278.0 54.0 278.0 54.0 276.0
54.0 276.0 54.0 278.0 56.0 278.0 56.0 276.0
56.0 276.0 56.0 278.0 58.0 278.0 58.0 276.0
158.0 276.0 158.0 278.0 160.0 278.0 160.0 276.0
160.0 276.0 160.0 278.0 162.0 278.0 162.0 276.0
162.0 276.0 162.0 278.0 164.0 278.0 164.0 276.0
164.0 276.0 164.0 278.0 166.0 278.0 166.0 276.0
166.0 276.0 166.0 278.0 168.0 278.0 168.0 276.0
168.0 276.0 168.0 278.0 170.0 278.0 170.0 276.0
170.0 276.0 170.0 278.0 172.0 278.0 172.0 276.0
172.0 276.0 172.0 278.0 174.0 278.0 174.0 276.0
174.0 276.0 174.0 278.0 176.0 278.0 176.0 276.0
176.0 276.0 176.0 278.0 178.0 278.0 178.0 276.0
178.0 276.0 178.0 278.0 180.0 278.0 180.0 276.0
180.0 276.0 180.0 278.0 182.0 278.0 182.0 276.0
182.0 276.0 182.0 278.0 184.0 278.0 184.0 276.0
184.0 276.0 184.0 278.0 186.0 278.0 186.0 276.0
186.0 276.0 186.0 278.0 188.0 278.0 188.0 276.0
188.0 276.0 188.0 278.0 190.0 278.0 190.0 276.0
190.0 276.0 190.0 278.0 192.0 278.0 192.0 276.0
192.0 276.0 192.0 278.0 194.0 278.0 194.0 276.0
194.0 276.0 194.0 278.0 196.0 278.0 196.0 276.0
196.0 276.0 196.0 278.0 198.0 278.0 198.0 276.0
198.0 276.0 198.0 278.0 200.0 278.0 200.0 276.0
200.0 276.0 200.0 278.0 202.0 278.0 202.0 276.0
202.0 276.0 202.0 278.0 204.0 278.0 204.0 276.0
204.0 276.0 204.0 278.0 206.0 278.0 206.0 276.0
206.0 276.0 206.0 278.0 208.0 278.0 208.0 276.0
208.0 276.0 208.0 278.0 210.0 278.0 210.0 276.0
210.0 276.0 210.0 278.0 212.0 278.0 212.0 276.0
212.0 276.0 212.0 278.0 214.0 278.0 214.0 276.0
214.0 276.0 214.0 278.0 216.0 278.0 216.0 276.0
216.0 276.0 216.0 278.0 218.0 278.0 218.0 276.0
218.0 276.0 218.0 278.0 220.0 278.0 220.0 276.0
220.0 276.0 220.0 278.0 222.0 278.0 222.0 276.0
222.0 276.0 222.0 278.0 224.0 278.0 224.0 276.0
224.0 276.0 224.0 278.0 226.0 278.0 226.0 276.0
226.0 276.0 226.0 278.0 228.0 278.0 228.0 276.0
228.0 276.0 228.0 278.0 230.0 278.0 230.0 276.0
230.0 276.0 230.0 278.0 232.0 278.0 232.0 276.0
232.0 276.0 232.0 278.0 234.0 278.0 234.0 276.0
234.0 276.0 234.0 278.0 236.0 278.0 236.0 276.0
236.0 276.0 236.0 278.0 238.0 278.0 238.0 276.0
238.0 276.0 238.0 278.0 240.0 278.0 240.0 276.0
240.0 276.0 240.0 278.0 242.0 278.0 242.0 276.0
242.0 276.0 242.0 278.0 244.0 278.0 244.0 276.0
244.0 276.0 244.0 278.0 246.0 278.0 246.0 276.0
246.0 276.0 246.0 278.0 248.0 278.0 248.0 276.0
248.0 276.0 248.0 278.0 250.0 278.0 250.0 276.0
250.0 276.0 250.0 278.0 252.0 278.0 252.0 276.0
252.0 276.0 252.0 278.0 254.0 278.0 254.0 276.0
254.0 276.0 254.0 278.0 256.0 278.0 256.0 276.0
256.0 276.0 256.0 278.0 258.0 278.0 258.0 276.0
258.0 276.0 258.0 278.0 260.0 278.0 260.0 276.0
260.0 276.0 260.0 278.0 262.0 278.0 262.0 276.0
262.0 276.0 262.0 278.0 264.0 278.0 264.0 276.0
264.0 276.0 264.0 278.0 266.0 278.0 266.0 276.0
266.0 276.0 266.0 278.0 268.0 278.0 268.0 276.0
268.0 276.0 268.0 278.0 270.0 278.0 270.0 276.0
270.0 276.0 270.0 278.0 272.0 278.0 272.0 276.0
272.0 276.0 272.0 278.0 274.0 278.0 274.0 276.0
274.0 276.0 274.0 278.0 276.0 278.0 276.0 276.0
276.0 276.0 276.0 278.0 278.0 278.0 278.0 276.0
278.0 276.0 278.0 278.0 280.0 278.0 280.0 276.0
280.0 276.0 280.0 278.0 282.0 278.0 282.0 276.0
282.0 276.0 282.0 278.0 284.0 278.0 284.0 276.0
284.0 276.0 284.0 278.0 286.0 278.0 286.0 276.0
286.0 276.0 286.0 278.0 288.0 278.0 288.0 276.0
288.0 276.0 288.0 278.0 290.0 278.0 290.0 276.0
290.0 276.0 290.0 278.0 292.0 278.0 292.0 276.0
292.0 276.0 292.0 278.0 294.0 278.0 294.0 276.0
294.0 276.0 294.0 278.0 296.0 278.0 296.0 276.0
296.0 276.0 296.0 278.0 298.0 278.0 298.0 276.0
298.0 276.0 298.0 278.0 300.0 278.0 300.0 276.0
300.0 276.0 300.0 278.0 302.0 278.0 302.0 276.0
302.0 276.0 302.0 278.0 304.0 278.0 304.0 276.0
304.0 276.0 304.0 278.0 306.0 278.0 306.0 276.0
306.0 276.0 306.0 278.0 308.0 278.0 308.0 276.0
308.0 276.0 308.0 278.0 310.0 278.0 310.0 276.0
310.0 276.0 310.0 278.0 312.0 278.0 312.0 276.0
312.0 276.0 312.0 278.0 314.0 278.0 314.0 276.0
314.0 276.0 314.0 278.0 316.0 278.0 316.0 276.0
316.0 276.0 316.0 278.0 318.0 278.0 318.0 276.0
318.0 276.0 318.0 278.0 320.0 278.0 320.0 276.0
320.0 276.0 320.0 278.0 322.0 278.0 322.0 276.0
322.0 276.0 322.0 278.0 324.0 278.0 324.0 276.0
324.0 276.0 324.0 278.0 326.0 278.0 326.0 276.0
326.0 276.0 326.0 278.0 328.0 278.0 328.0 276.0
328.0 276.0 328.0 278.0 330.0 278.0 330.0 276.0
330.0 276.0 330.0 278.0 332.0 278.0 332.0 276.0
332.0 276.0 332.0 278.0 334.0 278.0 334.0 276.0
334.0 276.0 334.0 278.0 336.0 278.0 336.0 276.0
336.0 276.0 336.0 278.0 338.0 278.0 338.0 276.0
338.0 276.0 338.0 278.0 340.0 278.0 340.0 276.0
340.0 276.0 340.0 278.0 342.0 278.0 342.0 276.0
342.0 276.0 342.0 278.0 344.0 278.0 344.0 276.0
344.0 276.0 344.0 278.0 346.0 278.0 346.0 276.0
346.0 276.0 346.0 278.0 348.0 278.0 348.0 276.0
348.0 276.0 348.0 278.0 350.0 278.0 350.0 276.0
350.0 276.0 350.0 278.0 352.0 278.0 352.0 276.0
352.0 276.0 352.0 278.0 354.0 278.0 354.0 276.0
354.0 276.0 354.0 278.0 356.0 278.0 356.0 276.0
356.0 276.0 356.0 278.0 358.0 278.0 358.0 276.0
358.0 276.0 358.0 278.0 360.0 278.0 360.0 276.0
360.0 276.0 360.0 278.0 362.0 278.0 362.0 276.0
362.0 276.0 362.0 278.0 364.0 278.0 364.0 276.0
364.0 276.0 364.0 278.0 366.0 278.0 366.0 276.0
366.0 276.0 366.0 278.0 368.0 278.0 368.0 276.0
456.0 276.0 456.0 278.0 458.0 278.0 458.0 276.0
458.0 276.0 458.0 278.0 460.0 278.0 460.0 276.0
460.0 276.0 460.0 278.0 462.0 278.0 462.0 276.0
462.0 276.0 462.0 278.0 464.0 278.0 464.0 276.0
464.0 276.0 464.0 278.0 466.0 278.0 466.0 276.0
466.0 276.0 466.0 278.0 468.0 278.0 468.0 276.0
468.0 276.0 468.0 278.0 470.0 278.0 470.0 276.0
470.0 276.0 470.0 278.0 472.0 278.0 472.0 276.0
472.0 276.0 472.0 278.0 474.0 278.0 474.0 276.0
474.0 276.0 474.0 278.0 476.0 278.0 476.0 276.0
476.0 276.0 476.0 278.0 478.0 278.0 478.0 276.0
478.0 276.0 478.0 278.0 480.0 278.0 480.0 276.0
480.0 276.0 480.0 278.0 482.0 278.0 482.0 276.0
482.0 276.0 482.0 278.0 484.0 278.0 484.0 276.0
484.0 276.0 484.0 278.0 486.0 278.0 486.0 276.0
486.0 276.0 486.0 278.0 488.0 278.0 488.0 276.0
488.0 276.0 488.0 278.0 490.0 278.0 490.0 276.0
490.0 276.0 490.0 278.0 492.0 278.0 492.0 276.0
492.0 276.0 492.0 278.0 494.0 278.0 494.0 276.0
494.0 276.0 494.0 278.0 496.0 278.0 496.0 276.0
496.0 276.0 496.0 278.0 498.0 278.0 498.0 276.0
498.0 276.0 498.0 278.0 500.0 278.0 500.0 276.0
500.0 276.0 500.0 278.0 502.0 278.0 502.0 276.0
502.0 276.0 502.0 278.0 504.0 278.0 504.0 276.0
504.0 276.0 504.0 278.0 506.0 278.0 506.0 276.0
506.0 276.0 506.0 278.0 508.0 278.0 508.0 276.0
508.0 276.0 508.0 278.0 510.0 278.0 510.0 276.0
510.0 276.0 510.0 278.0 512.0 278.0 512.0 276.0
0.0 278.0 0.0 280.0 2.0 280.0 2.0 278.0
2.0 278.0 2.0 280.0 4.0 280.0 4.0 278.0
4.0 278.0 4.0 280.0 6.0 280.0 6.0 278.0
6.0 278.0 6.0 280.0 8.0 280.0 8.0 278.0
8.0 278.0 8.0 280.0 10.0 280.0 10.0 278.0
10.0 278.0 10.0 280.0 12.0 280.0 12.0 278.0
12.0 278.0 12.0 280.0 14.0 280.0 14.0 278.0
14.0 278.0 14.0 280.0 16.0 280.0 16.0 278.0
16.0 278.0 16.0 280.0 18.0 280.0 18.0 278.0
18.0 278.0 18.0 280.0 20.0 280.0 20.0 278.0
20.0 278.0 20.0 280.0 22.0 280.0 22.0 278.0
22.0 278.0 22.0 280.0 24.0 280.0 24.0 278.0
24.0 278.0 24.0 280.0 26.0 280.0 26.0 278.0
26.0 278.0 26.0 280.0 28.0 280.0 28.0 278.0
28.0 278.0 28.0 280.0 30.0 280.0 30.0 278.0
30.0 278.0 30.0 280.0 32.0 280.0 32.0 278.0
32.0 278.0 32.0 280.0 34.0 280.0 34.0 278.0
34.0 278.0 34.0 280.0 36.0 280.0 36.0 278.0
36.0 278.0 36.0 280.0 38.0 280.0 38.0 278.0
38.0 278.0 38.0 280.0 40.0 280.0 40.0 278.0
40.0 278.0 40.0 280.0 42.0 280.0 42.0 278.0
42.0 278.0 42.0 280.0 44.0 280.0 44.0 278.0
44.0 278.0 44.0 280.0 46.0 280.0 46.0 278.0
46.0 278.0 46.0 280.0 48.0 280.0 48.0 278.0
48.0 278.0 48.0 280.0 50.0 280.0 50.0 278.0
50.0 278.0 50.0 280.0 52.0 280.0 52.0 278.0
52.0 278.0 52.0 280.0 54.0 280.0 54.0 278.0
54.0 278.0 54.0 280.0 56.0 280.0 56.0 278.0
56.0 278.0 56.0 280.0 58.0 280.0 58.0 278.0
158.0 278.0 158.0 280.0 160.0 280.0 160.0 278.0
160.0 278.0 160.0 280.0 162.0 280.0 162.0 278.0
162.0 278.0 162.0 280.0 164.0 280.0 164.0 278.0
164.0 278.0 164.0 280.0 166.0 280.0 166.0 278.0
166.0 278.0 166.0 280.0 168.0 280.0 168.0 278.0
168.0 278.0 168.0 280.0 170.0 280.0 170.0 278.0
170.0 278.0 170.0 280.0 172.0 280.0 172.0 278.0
172.0 278.0 172.0 280.0 174.0 280.0 174.0 278.0
174.0 278.0 174.0 280.0 176.0 280.0 176.0 278.0
176.0 278.0 176.0 280.0 178.0 280.0 178.0 278.0
178.0 278.0 178.0 280.0 180.0 280.0 180.0 278.0
180.0 278.0 180.0 280.0 182.0 280.0 182.0 278.0
182.0 278.0 182.0 280.0 184.0 280.0 184.0 278.0
184.0 278.0 184.0 280.0 186.0 280.0 186.0 278.0
186.0 278.0 186.0 280.0 188.0 280.0 188.0 278.0
188.0 278.0 188.0 280.0 190.0 280.0 190.0 278.0
190.0 278.0 190.0 280.0 192.0 280.0 192.0 278.0
192.0 278.0 192.0 280.0 194.0 280.0 194.0 278.0
194.0 278.0 194.0 280.0 196.0 280.0 196.0 278.0
196.0 278.0 196.0 280.0 198.0 280.0 198.0 278.0
198.0 278.0 198.0 280.0 200.0 280.0 200.0 278.0
200.0 278.0 200.0 280.0 202.0 280.0 202.0 278.0
202.0 278.0 202.0 280.0 204.0 280.0 204.0 278.0
204.0 278.0 204.0 280.0 206.0 280.0 206.0 278.0
206.0 278.0 206.0 280.0 208.0 280.0 208.0 278.0
208.0 278.0 208.0 280.0 210.0 280.0 210.0 278.0
210.0 278.0 210.0 280.0 212.0 280.0 212.0 278.0
212.0 278.0 212.0 280.0 214.0 280.0 214.0 278.0
222.0 278.0 222.0 280.0 224.0 280.0 224.0 278.0
224.0 278.0 224.0 280.0 226.0 280.0 226.0 278.0
226.0 278.0 226.0 280.0 228.0 280.0 228.0 278.0
228.0 278.0 228.0 280.0 230.0 280.0 230.0 278.0
230.0 278.0 230.0 280.0 232.0 280.0 232.0 278.0
232.0 278.0 232.0 280.0 234.0 280.0 234.0 278.0
234.0 278.0 234.0 280.0 236.0 280.0 236.0 278.0
236.0 278.0 236.0 280.0 238.0 280.0 238.0 278.0
238.0 278.0 238.0 280.0 240.0 280.0 240.0 278.0
240.0 278.0 240.0 280.0 242.0 280.0 242.0 278.0
242.0 278.0 242.0 280.0 244.0 280.0 244.0 278.0
244.0 278.0 244.0 280.0 246.0 280.0 246.0 278.0
246.0 278.0 246.0 280.0 248.0 280.0 248.0 278.0
248.0 278.0 248.0 280.0 250.0 280.0 250.0 278.0
250.0 278.0 250.0 280.0 252.0 280.0 252.0 278.0
252.0 278.0 252.0 280.0 254.0 280.0 254.0 278.0
254.0 278.0 254.0 280.0 256.0 280.0 256.0 278.0
256.0 278.0 256.0 280.0 258.0 280.0 258.0 278.0
258.0 278.0 258.0 280.0 260.0 280.0 260.0 278.0
260.0 278.0 260.0 280.0 262.0 280.0 262.0 278.0
262.0 278.0 262.0 280.0 264.0 280.0 264.0 278.0
264.0 278.0 264.0 280.0 266.0 280.0 266.0 278.0
266.0 278.0 266.0 280.0 268.0 280.0 268.0 278.0
268.0 278.0 268.0 280.0 270.0 280.0 270.0 278.0
270.0 278.0 270.0 280.0 272.0 280.0 272.0 278.0
272.0 278.0 272.0 280.0 274.0 280.0 274.0 278.0
274.0 278.0 274.0 280.0 276.0 280.0 276.0 278.0
276.0 278.0 276.0 280.0 278.0 280.0 278.0 278.0
278.0 278.0 278.0 280.0 280.0 280.0 280.0 278.0
280.0 278.0 280.0 280.0 282.0 280.0 282.0 278.0
282.0 278.0 282.0 280.0 284.0 280.0 284.0 278.0
284.0 278.0 284.0 280.0 286.0 280.0 286.0 278.0
286.0 278.0 286.0 280.0 288.0 280.0 288.0 278.0
288.0 278.0 288.0 280.0 290.0 280.0 290.0 278.0
290.0 278.0 290.0 280.0 292.0 280.0 292.0 278.0
292.0 278.0 292.0 280.0 294.0 280.0 294.0 278.0
294.0 278.0 294.0 280.0 296.0 280.0 296.0 278.0
296.0 278.0 296.0 280.0 298.0 280.0 298.0 278.0
298.0 278.0 298.0 280.0 300.0 280.0 300.0 278.0
300.0 278.0 300.0 280.0 302.0 280.0 302.0 278.0
302.0 278.0 302.0 280.0 304.0 280.0 304.0 278.0
304.0 278.0 304.0 280.0 306.0 280.0 306.0 278.0
306.0 278.0 306.0 280.0 308.0 280.0 308.0 278.0
308.0 278.0 308.0 280.0 310.0 280.0 310.0 278.0
310.0 278.0 310.0 280.0 312.0 280.0 312.0 278.0
312.0 278.0 312.0 280.0 314.0 280.0 314.0 278.0
314.0 278.0 314.0 280.0 316.0 280.0 316.0 278.0
316.0 278.0 316.0 280.0 318.0 280.0 318.0 278.0
318.0 278.0 318.0 280.0 320.0 280.0 320.0 278.0
320.0 278.0 320.0 280.0 322.0 280.0 322.0 278.0
322.0 278.0 322.0 280.0 324.0 280.0 324.0 278.0
324.0 278.0 324.0 280.0 326.0 280.0 326.0 278.0
326.0 278.0 326.0 280.0 328.0 280.0 328.0 278.0
328.0 278.0 328.0 280.0 330.0 280.0 330.0 278.0
330.0 278.0 330.0 280.0 332.0 280.0 332.0 278.0
332.0 278.0 332.0 280.0 334.0 280.0 334.0 278.0
334.0 278.0 334.0 280.0 336.0 280.0 336.0 278.0
336.0 278.0 336.0 280.0 338.0 280.0 338.0 278.0
338.0 278.0 338.0 280.0 340.0 280.0 340.0 278.0
340.0 278.0 340.0 280.0 342.0 280.0 342.0 278.0
342.0 278.0 342.0 280.0 344.0 280.0 344.0 278.0
344.0 278.0 344.0 280.0 346.0 280.0 346.0 278.0
346.0 278.0 346.0 280.0 348.0 280.0 348.0 278.0
348.0 278.0 348.0 280.0 350.0 280.0 350.0 278.0
350.0 278.0 350.0 280.0 352.0 280.0 352.0 278.0
352.0 278.0 352.0 280.0 354.0 280.0 354.0 278.0
354.0 278.0 354.0 280.0 356.0 280.0 356.0 278.0
356.0 278.0 356.0 280.0 358.0 280.0 358.0 278.0
358.0 278.0 358.0 280.0 360.0 280.0 360.0 278.0
360.0 278.0 360.0 280.0 362.0 280.0 362.0 278.0
362.0 278.0 362.0 280.0 364.0 280.0 364.0 278.0
364.0 278.0 364.0 280.0 366.0 280.0 366.0 278.0
456.0 278.0 456.0 280.0 458.0 280.0 458.0 278.0
458.0 278.0 458.0 280.0 460.0 280.0 460.0 278.0
460.0 278.0 460.0 280.0 462.0 280.0 462.0 278.0
462.0 278.0 462.0 280.0 464.0 280.0 464.0 278.0
464.0 278.0 464.0 280.0 466.0 280.0 466.0 278.0
466.0 278.0 466.0 280.0 468.0 280.0 468.0 278.0
468.0 278.0 468.0 280.0 470.0 280.0 470.0 278.0
470.0 278.0 470.0 280.0 472.0 280.0 472.0 278.0
472.0 278.0 472.0 280.0 474.0 280.0 474.0 278.0
474.0 278.0 474.0 280.0 476.0 280.0 476.0 278.0
476.0 278.0 476.0 280.0 478.0 280.0 478.0 278.0
478.0 278.0 478.0 280.0 480.0 280.0 480.0 278.0
480.0 278.0 480.0 280.0 482.0 280.0 482.0 278.0
482.0 278.0 482.0 280.0 484.0 280.0 484.0 278.0
484.0 278.0 484.0 280.0 486.0 280.0 486.0 278.0
486.0 278.0 486.0 280.0 488.0 280.0 488.0 278.0
488.0 278.0 488.0 280.0 490.0 280.0 490.0 278.0
490.0 278.0 490.0 280.0 492.0 280.0 492.0 278.0
492.0 278.0 492.0 280.0 494.0 280.0 494.0 278.0
494.0 278.0 494.0 280.0 496.0 280.0 496.0 278.0
496.0 278.0 496.0 280.0 498.0 280.0 498.0 278.0
498.0 278.0 498.0 280.0 500.0 280.0 500.0 278.0
500.0 278.0 500.0 280.0 502.0 280.0 502.0 278.0
502.0 278.0 502.0 280.0 504.0 280.0 504.0 278.0
504.0 278.0 504.0 280.0 506.0 280.0 506.0 278.0
506.0 278.0 506.0 280.0 508.0 280.0 508.0 278.0
508.0 278.0 508.0 280.0 510.0 280.0 510.0 278.0
510.0 278.0 510.0 280.0 512.0 280.0 512.0 278.0
0.0 280.0 0.0 282.0 2.0 282.0 2.0 280.0
2.0 280.0 2.0 282.0 4.0 282.0 4.0 280.0
4.0 280.0 4.0 282.0 6.0 282.0 6.0 280.0
6.0 280.0 6.0 282.0 8.0 282.0 8.0 280.0
8.0 280.0 8.0 282.0 10.0 282.0 10.0 280.0
10.0 280.0 10.0 282.0 12.0 282.0 12.0 280.0
12.0 280.0 12.0 282.0 14.0 282.0 14.0 280.0
14.0 280.0 14.0 282.0 16.0 282.0 16.0 280.0
16.0 280.0 16.0 282.0 18.0 282.0 18.0 280.0
18.0 280.0 18.0 282.0 20.0 282.0 20.0 280.0
20.0 280.0 20.0 282.0 22.0 282.0 22.0 280.0
22.0 280.0 22.0 282.0 24.0 282.0 24.0 280.0
24.0 280.0 24.0 282.0 26.0 282.0 26.0 280.0
26.0 280.0 26.0 282.0 28.0 282.0 28.0 280.0
28.0 280.0 28.0 282.0 30.0 282.0 30.0 280.0
30.0 280.0 30.0 282.0 32.0 282.0 32.0 280.0
32.0 280.0 32.0 282.0 34.0 282.0 34.0 280.0
34.0 280.0 34.0 282.0 36.0 282.0 36.0 280.0
36.0 280.0 36.0 282.0 38.0 282.0 38.0 280.0
38.0 280.0 38.0 282.0 40.0 282.0 40.0 280.0
40.0 280.0 40.0 282.0 42.0 282.0 42.0 280.0
42.0 280.0 42.0 282.0 44.0 282.0 44.0 280.0
44.0 280.0 44.0 282.0 46.0 282.0 46.0 280.0
46.0 280.0 46.0 282.0 48.0 282.0 48.0 280.0
48.0 280.0 48.0 282.0 50.0 282.0 50.0 280.0
50.0 280.0 50.0 282.0 52.0 282.0 52.0 280.0
52.0 280.0 52.0 282.0 54.0 282.0 54.0 280.0
54.0 280.0 54.0 282.0 56.0 282.0 56.0 280.0
56.0 280.0 56.0 282.0 58.0 282.0 58.0 280.0
158.0 280.0 158.0 282.0 160.0 282.0 160.0 280.0
160.0 280.0 160.0 282.0 162.0 282.0 162.0 280.0
162.0 280.0 162.0 282.0 164.0 282.0 164.0 280.0
164.0 280.0 164.0 282.0 166.0 282.0 166.0 280.0
166.0 280.0 166.0 282.0 168.0 282.0 168.0 280.0
168.0 280.0 168.0 282.0 170.0 282.0 170.0 280.0
170.0 280.0 170.0 282.0 172.0 282.0 172.0 280.0
172.0 280.0 172.0 282.0 174.0 282.0 174.0 280.0
174.0 280.0 174.0 282.0 176.0 282.0 176.0 280.0
176.0 280.0 176.0 282.0 178.0 282.0 178.0 280.0
178.0 280.0 178.0 282.0 180.0 282.0 180.0 280.0
180.0 280.0 180.0 282.0 182.0 282.0 182.0 280.0
182.0 280.0 182.0 282.0 184.0 282.0 184.0 280.0
184.0 280.0 184.0 282.0 186.0 282.0 186.0 280.0
186.0 280.0 186.0 282.0 188.0 282.0 188.0 280.0
188.0 280.0 188.0 282.0 190.0 282.0 190.0 280.0
190.0 280.0 190.0 282.0 192.0 282.0 192.0 280.0
192.0 280.0 192.0 282.0 194.0 282.0 194.0 280.0
194.0 280.0 194.0 282.0 196.0 282.0 196.0 280.0
196.0 280.0 196.0 282.0 198.0 282.0 198.0 280.0
198.0 280.0 198.0 282.0 200.0 282.0 200.0 280.0
200.0 280.0 200.0 282.0 202.0 282.0 202.0 280.0
202.0 280.0 202.0 282.0 204.0 282.0 204.0 280.0
204.0 280.0 204.0 282.0 206.0 282.0 206.0 280.0
226.0 280.0 226.0 282.0 228.0 282.0 228.0 280.0
228.0 280.0 228.0 282.0 230.0 282.0 230.0 280.0
230.0 280.0 230.0 282.0 232.0 282.0 232.0 280.0
232.0 280.0 232.0 282.0 234.0 282.0 234.0 280.0
234.0 280.0 234.0 282.0 236.0 282.0 236.0 280.0
236.0 280.0 236.0 282.0 238.0 282.0 238.0 280.0
238.0 280.0 238.0 282.0 240.0 282.0 240.0 280.0
240.0 280.0 240.0 282.0 242.0 282.0 242.0 280.0
242.0 280.0 242.0 282.0 244.0 282.0 244.0 280.0
244.0 280.0 244.0 282.0 246.0 282.0 246.0 280.0
246.0 280.0 246.0 282.0 248.0 282.0 248.0 280.0
248.0 280.0 248.0 282.0 250.0 282.0 250.0 280.0
250.0 280.0 250.0 282.0 252.0 282.0 252.0 280.0
252.0 280.0 252.0 282.0 254.0 282.0 254.0 280.0
254.0 280.0 254.0 282.0 256.0 282.0 256.0 280.0
256.0 280.0 256.0 282.0 258.0 282.0 258.0 280.0
258.0 280.0 258.0 282.0 260.0 282.0 260.0 280.0
260.0 280.0 260.0 282.0 262.0 282.0 262.0 280.0
262.0 280.0 262.0 282.0 264.0 282.0 264.0 280.0
264.0 280.0 264.0 282.0 266.0 282.0 266.0 280.0
266.0 280.0 266.0 282.0 268.0 282.0 268.0 280.0
268.0 280.0 268.0 282.0 270.0 282.0 270.0 280.0
270.0 280.0 270.0 282.0 272.0 282.0 272.0 280.0
272.0 280.0 272.0 282.0 274.0 282.0 274.0 280.0
274.0 280.0 274.0 282.0 276.0 282.0 276.0 280.0
276.0 280.0 276.0 282.0 278.0 282.0 278.0 280.0
278.0 280.0 278.0 282.0 280.0 282.0 280.0 280.0
280.0 280.0 280.0 282.0 282.0 282.0 282.0 280.0
282.0 280.0 282.0 282.0 284.0 282.0 284.0 280.0
284.0 280.0 284.0 282.0 286.0 282.0 286.0 280.0
286.0 280.0 286.0 282.0 288.0 282.0 288.0 280.0
288.0 280.0 288.0 282.0 290.0 282.0 290.0 280.0
290.0 280.0 290.0 282.0 292.0 282.0 292.0 280.0
292.0 280.0 292.0 282.0 294.0 282.0 294.0 280.0
294.0 280.0 294.0 282.0 296.0 282.0 296.0 280.0
296.0 280.0 296.0 282.0 298.0 282.0 298.0 280.0
298.0 280.0 298.0 282.0 300.0 282.0 300.0 280.0
300.0 280.0 300.0 282.0 302.0 282.0 302.0 280.0
302.0 280.0 302.0 282.0 304.0 282.0 304.0 280.0
304.0 280.0 304.0 282.0 306.0 282.0 306.0 280.0
306.0 280.0 306.0 282.0 308.0 282.0 308.0 280.0
308.0 280.0 308.0 282.0 310.0 282.0 310.0 280.0
310.0 280.0 310.0 282.0 312.0 282.0 312.0 280.0
312.0 280.0 312.0 282.0 314.0 282.0 314.0 280.0
314.0 280.0 314.0 282.0 316.0 282.0 316.0 280.0
316.0 280.0 316.0 282.0 318.0 282.0 318.0 280.0
318.0 280.0 318.0 282.0 320.0 282.0 320.0 280.0
320.0 280.0 320.0 282.0 322.0 282.0 322.0 280.0
322.0 280.0 322.0 282.0 324.0 282.0 324.0 280.0
324.0 280.0 324.0 282.0 326.0 282.0 326.0 280.0
326.0 280.0 326.0 282.0 328.0 282.0 328.0 280.0
328.0 280.0 328.0 282.0 330.0 282.0 330.0 280.0
330.0 280.0 330.0 282.0 332.0 282.0 332.0 280.0
332.0 280.0 332.0 282.0 334.0 282.0 334.0 280.0
334.0 280.0 334.0 282.0 336.0 282.0 336.0 280.0
336.0 280.0 336.0 282.0 338.0 282.0 338.0 280.0
338.0 280.0 338.0 282.0 340.0 282.0 340.0 280.0
340.0 280.0 340.0 282.0 342.0 282.0 342.0 280.0
342.0 280.0 342.0 282.0 344.0 282.0 344.0 280.0
344.0 280.0 344.0 282.0 346.0 282.0 346.0 280.0
346.0 280.0 346.0 282.0 348.0 282.0 348.0 280.0
348.0 280.0 348.0 282.0 350.0 282.0 350.0 280.0
350.0 280.0 350.0 282.0 352.0 282.0 352.0 280.0
352.0 280.0 352.0 282.0 354.0 282.0 354.0 280.0
354.0 280.0 354.0 282.0 356.0 282.0 356.0 280.0
356.0 280.0 356.0 282.0 358.0 282.0 358.0 280.0
358.0 280.0 358.0 282.0 360.0 282.0 360.0 280.0
360.0 280.0 360.0 282.0 362.0 282.0 362.0 280.0
362.0 280.0 362.0 282.0 364.0 282.0 364.0 280.0
456.0 280.0 456.0 282.0 458.0 282.0 458.0 280.0
458.0 280.0 458.0 282.0 460.0 282.0 460.0 280.0
460.0 280.0 460.0 282.0 462.0 282.0 462.0 280.0
462.0 280.0 462.0 282.0 464.0 282.0 464.0 280.0
464.0 280.0 464.0 282.0 466.0 282.0 466.0 280.0
466.0 280.0 466.0 282.0 468.0 282.0 468.0 280.0
468.0 280.0 468.0 282.0 470.0 282.0 470.0 280.0
470.0 280.0 470.0 282.0 472.0 282.0 472.0 280.0
472.0 280.0 472.0 282.0 474.0 282.0 474.0 280.0
474.0 280.0 474.0 282.0 476.0 282.0 476.0 280.0
476.0 280.0 476.0 282.0 478.0 282.0 478.0 280.0
478.0 280.0 478.0 282.0 480.0 282.0 480.0 280.0
480.0 280.0 480.0 282.0 482.0 282.0 482.0 280.0
482.0 280.0 482.0 282.0 484.0 282.0 484.0 280.0
484.0 280.0 484.0 282.0 486.0 282.0 486.0 280.0
486.0 280.0 486.0 282.0 488.0 282.0 488.0 280.0
488.0 280.0 488.0 282.0 490.0 282.0 490.0 280.0
490.0 280.0 490.0 282.0 492.0 282.0 492.0 280.0
492.0 280.0 492.0 282.0 494.0 282.0 494.0 280.0
494.0 280.0 494.0 282.0 496.0 282.0 496.0 280.0
496.0 280.0 496.0 282.0 498.0 282.0 498.0 280.0
498.0 280.0 498.0 282.0 500.0 282.0 500.0 280.0
500.0 280.0 500.0 282.0 502.0 282.0 502.0 280.0
502.0 280.0 502.0 282.0 504.0 282.0 504.0 280.0
504.0 280.0 504.0 282.0 506.0 282.0 506.0 280.0
506.0 280.0 506.0 282.0 508.0 282.0 508.0 280.0
508.0 280.0 508.0 282.0 510.0 282.0 510.0 280.0
510.0 280.0 510.0 282.0 512.0 282.0 512.0 280.0
0.0 282.0 0.0 284.0 2.0 284.0 2.0 282.0
2.0 282.0 2.0 284.0 4.0 284.0 4.0 282.0
4.0 282.0 4.0 284.0 6.0 284.0 6.0 282.0
6.0 282.0 6.0 284.0 8.0 284.0 8.0 282.0
8.0 282.0 8.0 284.0 10.0 284.0 10.0 282.0
10.0 282.0 10.0 284.0 12.0 284.0 12.0 282.0
12.0 282.0 12.0 284.0 14.0 284.0 14.0 282.0
14.0 282.0 14.0 284.0 16.0 284.0 16.0 282.0
16.0 282.0 16.0 284.0 18.0 284.0 18.0 282.0
18.0 282.0 18.0 284.0 20.0 284.0 20.0 282.0
20.0 282.0 20.0 284.0 22.0 284.0 22.0 282.0
22.0 282.0 22.0 284.0 24.0 284.0 24.0 282.0
24.0 282.0 24.0 284.0 26.0 284.0 26.0 282.0
26.0 282.0 26.0 284.0 28.0 284.0 28.0 282.0
28.0 282.0 28.0 284.0 30.0 284.0 30.0 282.0
30.0 282.0 30.0 284.0 32.0 284.0 32.0 282.0
32.0 282.0 32.0 284.0 34.0 284.0 34.0 282.0
34.0 282.0 34.0 284.0 36.0 284.0 36.0 282.0
36.0 282.0 36.0 284.0 38.0 284.0 38.0 282.0
38.0 282.0 38.0 284.0 40.0 284.0 40.0 282.0
40.0 282.0 40.0 284.0 42.0 284.0 42.0 282.0
42.0 282.0 42.0 284.0 44.0 284.0 44.0 282.0
44.0 282.0 44.0 284.0 46.0 284.0 46.0 282.0
46.0 282.0 46.0 284.0 48.0 284.0 48.0 282.0
48.0 282.0 48.0 284.0 50.0 284.0 50.0 282.0
50.0 282.0 50.0 284.0 52.0 284.0 52.0 282.0
52.0 282.0 52.0 284.0 54.0 284.0 54.0 282.0
54.0 282.0 54.0 284.0 56.0 284.0 56.0 282.0
56.0 282.0 56.0 284.0 58.0 284.0 58.0 282.0
158.0 282.0 158.0 284.0 160.0 284.0 160.0 282.0
160.0 282.0 160.0 284.0 162.0 284.0 162.0 282.0
162.0 282.0 162.0 284.0 164.0 284.0 164.0 282.0
164.0 282.0 164.0 284.0 166.0 284.0 166.0 282.0
166.0 282.0 166.0 284.0 168.0 284.0 168.0 282.0
168.0 282.0 168.0 284.0 170.0 284.0 170.0 282.0
170.0 282.0 170.0 284.0 172.0 284.0 172.0 282.0
172.0 282.0 172.0 284.0 174.0 284.0 174.0 282.0
174.0 282.0 174.0 284.0 176.0 284.0 176.0 282.0
176.0 282.0 176.0 284.0 178.0 284.0 178.0 282.0
178.0 282.0 178.0 284.0 180.0 284.0 180.0 282.0
180.0 282.0 180.0 284.0 182.0 284.0 182.0 282.0
182.0 282.0 182.0 284.0 184.0 284.0 184.0 282.0
184.0 282.0 184.0 284.0 186.0 284.0 186.0 282.0
186.0 282.0 186.0 284.0 188.0 284.0 188.0 282.0
188.0 282.0 188.0 284.0 190.0 284.0 190.0 282.0
190.0 282.0 190.0 284.0 192.0 284.0 192.0 282.0
192.0 282.0 192.0 284.0 194.0 284.0 194.0 282.0
194.0 282.0 194.0 284.0 196.0 284.0 196.0 282.0
196.0 282.0 196.0 284.0 198.0 284.0 198.0 282.0
198.0 282.0 198.0 284.0 200.0 284.0 200.0 282.0
200.0 282.0 200.0 284.0 202.0 284.0 202.0 282.0
228.0 282.0 228.0 284.0 230.0 284.0 230.0 282.0
230.0 282.0 230.0 284.0 232.0 284.0 232.0 282.0
232.0 282.0 232.0 284.0 234.0 284.0 234.0 282.0
234.0 282.0 234.0 284.0 236.0 284.0 236.0 282.0
236.0 282.0 236.0 284.0 238.0 284.0 238.0 282.0
238.0 282.0 238.0 284.0 240.0 284.0 240.0 282.0
240.0 282.0 240.0 284.0 242.0 284.0 242.0 282.0
242.0 282.0 242.0 284.0 244.0 284.0 244.0 282.0
244.0 282.0 244.0 284.0 246.0 284.0 246.0 282.0
246.0 282.0 246.0 284.0 248.0 284.0 248.0 282.0
248.0 282.0 248.0 284.0 250.0 284.0 250.0 282.0
250.0 282.0 250.0 284.0 252.0 284.0 252.0 282.0
252.0 282.0 252.0 284.0 254.0 284.0 254.0 282.0
254.0 282.0 254.0 284.0 256.0 284.0 256.0 282.0
256.0 282.0 256.0 284.0 258.0 284.0 258.0 282.0
258.0 282.0 258.0 284.0 260.0 284.0 260.0 282.0
260.0 282.0 260.0 284.0 262.0 284.0 262.0 282.0
262.0 282.0 262.0 284.0 264.0 284.0 264.0 282.0
264.0 282.0 264.0 284.0 266.0 284.0 266.0 282.0
266.0 282.0 266.0 284.0 268.0 284.0 268.0 282.0
268.0 282.0 268.0 284.0 270.0 284.0 270.0 282.0
270.0 282.0 270.0 284.0 272.0 284.0 272.0 282.0
272.0 282.0 272.0 284.0 274.0 284.0 274.0 282.0
274.0 282.0 274.0 284.0 276.0 284.0 276.0 282.0
276.0 282.0 276.0 284.0 278.0 284.0 278.0 282.0
278.0 282.0 278.0 284.0 280.0 284.0 280.0 282.0
280.0 282.0 280.0 284.0 282.0 284.0 282.0 282.0
282.0 282.0 282.0 284.0 284.0 284.0 284.0 282.0
284.0 282.0 284.0 284.0 286.0 284.0 286.0 282.0
286.0 282.0 286.0 284.0 288.0 284.0 288.0 282.0
288.0 282.0 288.0 284.0 290.0 284.0 290.0 282.0
290.0 282.0 290.0 284.0 292.0 284.0 292.0 282.0
292.0 282.0 292.0 284.0 294.0 284.0 294.0 282.0
294.0 282.0 294.0 284.0 296.0 284.0 296.0 282.0
296.0 282.0 296.0 284.0 298.0 284.0 298.0 282.0
298.0 282.0 298.0 284.0 300.0 284.0 300.0 282.0
300.0 282.0 300.0 284.0 302.0 284.0 302.0 282.0
302.0 282.0 302.0 284.0 304.0 284.0 304.0 282.0
304.0 282.0 304.0 284.0 306.0 284.0 306.0 282.0
306.0 282.0 306.0 284.0 308.0 284.0 308.0 282.0
308.0 282.0 308.0 284.0 310.0 284.0 310.0 282.0
310.0 282.0 310.0 284.0 312.0 284.0 312.0 282.0
312.0 282.0 312.0 284.0 314.0 284.0 314.0 282.0
314.0 282.0 314.0 284.0 316.0 284.0 316.0 282.0
316.0 282.0 316.0 284.0 318.0 284.0 318.0 282.0
318.0 282.0 318.0 284.0 320.0 284.0 320.0 282.0
320.0 282.0 320.0 284.0 322.0 284.0 322.0 282.0
322.0 282.0 322.0 284.0 324.0 284.0 324.0 282.0
324.0 282.0 324.0 284.0 326.0 284.0 326.0 282.0
326.0 282.0 326.0 284.0 328.0 284.0 328.0 282.0
328.0 282.0 328.0 284.0 330.0 284.0 330.0 282.0
330.0 282.0 330.0 284.0 332.0 284.0 332.0 282.0
332.0 282.0 332.0 284.0 334.0 284.0 334.0 282.0
334.0 282.0 334.0 284.0 336.0 284.0 336.0 282.0
336.0 282.0 336.0 284.0 338.0 284.0 338.0 282.0
338.0 282.0 338.0 284.0 340.0 284.0 340.0 282.0
340.0 282.0 340.0 284.0 342.0 284.0 342.0 282.0
342.0 282.0 342.0 284.0 344.0 284.0 344.0 282.0
344.0 282.0 344.0 284.0 346.0 284.0 346.0 282.0
346.0 282.0 346.0 284.0 348.0 284.0 348.0 282.0
348.0 282.0 348.0 284.0 350.0 284.0 350.0 282.0
350.0 282.0 350.0 284.0 352.0 284.0 352.0 282.0
352.0 282.0 352.0 284.0 354.0 284.0 354.0 282.0
354.0 282.0 354.0 284.0 356.0 284.0 356.0 282.0
356.0 282.0 356.0 284.0 358.0 284.0 358.0 282.0
358.0 282.0 358.0 284.0 360.0 284.0 360.0 282.0
360.0 282.0 360.0 284.0 362.0 284.0 362.0 282.0
456.0 282.0 456.0 284.0 458.0 284.0 458.0 282.0
458.0 282.0 458.0 284.0 460.0 284.0 460.0 282.0
460.0 282.0 460.0 284.0 462.0 284.0 462.0 282.0
462.0 282.0 462.0 284.0 464.0 284.0 464.0 282.0
464.0 282.0 464.0 284.0 466.0 284.0 466.0 282.0
466.0 282.0 466.0 284.0 468.0 284.0 468.0 282.0
468.0 282.0 468.0 284.0 470.0 284.0 470.0 282.0
470.0 282.0 470.0 284.0 472.0 284.0 472.0 282.0
472.0 282.0 472.0 284.0 474.0 284.0 474.0 282.0
474.0 282.0 474.0 284.0 476.0 284.0 476.0 282.0
476.0 282.0 476.0 284.0 478.0 284.0 478.0 282.0
478.0 282.0 478.0 284.0 480.0 284.0 480.0 282.0
480.0 282.0 480.0 284.0 482.0 284.0 482.0 282.0
482.0 282.0 482.0 284.0 484.0 284.0 484.0 282.0
484.0 282.0 484.0 284.0 486.0 284.0 486.0 282.0
486.0 282.0 486.0 284.0 488.0 284.0 488.0 282.0
488.0 282.0 488.0 284.0 490.0 284.0 490.0 282.0
490.0 282.0 490.0 284.0 492.0 284.0 492.0 282.0
492.0 282.0 492.0 284.0 494.0 284.0 494.0 282.0
494.0 282.0 494.0 284.0 496.0 284.0 496.0 282.0
496.0 282.0 496.0 284.0 498.0 284.0 498.0 282.0
498.0 282.0 498.0 284.0 500.0 284.0 500.0 282.0
500.0 282.0 500.0 284.0 502.0 284.0 502.0 282.0
502.0 282.0 502.0 284.0 504.0 284.0 504.0 282.0
504.0 282.0 504.0 284.0 506.0 284.0 506.0 282.0
506.0 282.0 506.0 284.0 508.0 284.0 508.0 282.0
508.0 282.0 508.0 284.0 510.0 284.0 510.0 282.0
510.0 282.0 510.0 284.0 512.0 284.0 512.0 282.0
0.0 284.0 0.0 286.0 2.0 286.0 2.0 284.0
2.0 284.0 2.0 286.0 4.0 286.0 4.0 284.0
4.0 284.0 4.0 286.0 6.0 286.0 6.0 284.0
6.0 284.0 6.0 286.0 8.0 286.0 8.0 284.0
8.0 284.0 8.0 286.0 10.0 286.0 10.0 284.0
10.0 284.0 10.0 286.0 12.0 286.0 12.0 284.0
12.0 284.0 12.0 286.0 14.0 286.0 14.0 284.0
14.0 284.0 14.0 286.0 16.0 286.0 16.0 284.0
16.0 284.0 16.0 286.0 18.0 286.0 18.0 284.0
18.0 284.0 18.0 286.0 20.0 286.0 20.0 284.0
20.0 284.0 20.0 286.0 22.0 286.0 22.0 284.0
22.0 284.0 22.0 286.0 24.0 286.0 24.0 284.0
24.0 284.0 24.0 286.0 26.0 286.0 26.0 284.0
26.0 284.0 26.0 286.0 28.0 286.0 28.0 284.0
28.0 284.0 28.0 286.0 30.0 286.0 30.0 284.0
30.0 284.0 30.0 286.0 32.0 286.0 32.0 284.0
32.0 284.0 32.0 286.0 34.0 286.0 34.0 284.0
34.0 284.0 34.0 286.0 36.0 286.0 36.0 284.0
36.0 284.0 36.0 286.0 38.0 286.0 38.0 284.0
38.0 284.0 38.0 286.0 40.0 286.0 40.0 284.0
40.0 284.0 40.0 286.0 42.0 286.0 42.0 284.0
42.0 284.0 42.0 286.0 44.0 286.0 44.0 284.0
44.0 284.0 44.0 286.0 46.0 286.0 46.0 284.0
46.0 284.0 46.0 286.0 48.0 286.0 48.0 284.0
48.0 284.0 48.0 286.0 50.0 286.0 50.0 284.0
50.0 284.0 50.0 286.0 52.0 286.0 52.0 284.0
52.0 284.0 52.0 286.0 54.0 286.0 54.0 284.0
54.0 284.0 54.0 286.0 56.0 286.0 56.0 284.0
56.0 284.0 56.0 286.0 58.0 286.0 58.0 284.0
158.0 284.0 158.0 286.0 160.0 286.0 160.0 284.0
160.0 284.0 160.0 286.0 162.0 286.0 162.0 284.0
162.0 284.0 162.0 286.0 164.0 286.0 164.0 284.0
164.0 284.0 164.0 286.0 166.0 286.0 166.0 284.0
166.0 284.0 166.0 286.0 168.0 286.0 168.0 284.0
168.0 284.0 168.0 286.0 170.0 286.0 170.0 284.0
170.0 284.0 170.0 286.0 172.0 286.0 172.0 284.0
172.0 284.0 172.0 286.0 174.0 286.0 174.0 284.0
174.0 284.0 174.0 286.0 176.0 286.0 176.0 284.0
176.0 284.0 176.0 286.0 178.0 286.0 178.0 284.0
178.0 284.0 178.0 286.0 180.0 286.0 180.0 284.0
180.0 284.0 180.0 286.0 182.0 286.0 182.0 284.0
182.0 284.0 182.0 286.0 184.0 286.0 184.0 284.0
184.0 284.0 184.0 286.0 186.0 286.0 186.0 284.0
186.0 284.0 186.0 286.0 188.0 286.0 188.0 284.0
188.0 284.0 188.0 286.0 190.0 286.0 190.0 284.0
190.0 284.0 190.0 286.0 192.0 286.0 192.0 284.0
192.0 284.0 192.0 286.0 194.0 286.0 194.0 284.0
194.0 284.0 194.0 286.0 196.0 286.0 196.0 284.0
196.0 284.0 196.0 286.0 198.0 286.0 198.0 284.0
198.0 284.0 198.0 286.0 200.0 286.0 200.0 284.0
228.0 284.0 228.0 286.0 230.0 286.0 230.0 284.0
230.0 284.0 230.0 286.0 232.0 286.0 232.0 284.0
232.0 284.0 232.0 286.0 234.0 286.0 234.0 284.0
234.0 284.0 234.0 286.0 236.0 286.0 236.0 284.0
236.0 284.0 236.0 286.0 238.0 286.0 238.0 284.0
238.0 284.0 238.0 286.0 240.0 286.0 240.0 284.0
240.0 284.0 240.0 286.0 242.0 286.0 242.0 284.0
242.0 284.0 242.0 286.0 244.0 286.0 244.0 284.0
244.0 284.0 244.0 286.0 246.0 286.0 246.0 284.0
246.0 284.0 246.0 286.0 248.0 286.0 248.0 284.0
248.0 284.0 248.0 286.0 250.0 286.0 250.0 284.0
250.0 284.0 250.0 286.0 252.0 286.0 252.0 284.0
252.0 284.0 252.0 286.0 254.0 286.0 254.0 284.0
254.0 284.0 254.0 286.0 256.0 286.0 256.0 284.0
256.0 284.0 256.0 286.0 258.0 286.0 258.0 284.0
258.0 284.0 258.0 286.0 260.0 286.0 260.0 284.0
260.0 284.0 260.0 286.0 262.0 286.0 262.0 284.0
262.0 284.0 262.0 286.0 264.0 286.0 264.0 284.0
264.0 284.0 264.0 286.0 266.0 286.0 266.0 284.0
266.0 284.0 266.0 286.0 268.0 286.0 268.0 284.0
268.0 284.0 268.0 286.0 270.0 286.0 270.0 284.0
270.0 284.0 270.0 286.0 272.0 286.0 272.0 284.0
272.0 284.0 272.0 286.0 274.0 286.0 274.0 284.0
274.0 284.0 274.0 286.0 276.0 286.0 276.0 284.0
276.0 284.0 276.0 286.0 278.0 286.0 278.0 284.0
278.0 284.0 278.0 286.0 280.0 286.0 280.0 284.0
280.0 284.0 280.0 286.0 282.0 286.0 282.0 284.0
282.0 284.0 282.0 286.0 284.0 286.0 284.0 284.0
284.0 284.0 284.0 286.0 286.0 286.0 286.0 284.0
286.0 284.0 286.0 286.0 288.0 286.0 288.0 284.0
288.0 284.0 288.0 286.0 290.0 286.0 290.0 284.0
290.0 284.0 290.0 286.0 292.0 286.0 292.0 284.0
292.0 284.0 292.0 286.0 294.0 286.0 294.0 284.0
294.0 284.0 294.0 286.0 296.0 286.0 296.0 284.0
296.0 284.0 296.0 286.0 298.0 286.0 298.0 284.0
298.0 284.0 298.0 286.0 300.0 286.0 300.0 284.0
300.0 284.0 300.0 286.0 302.0 286.0 302.0 284.0
302.0 284.0 302.0 286.0 304.0 286.0 304.0 284.0
304.0 284.0 304.0 286.0 306.0 286.0 306.0 284.0
306.0 284.0 306.0 286.0 308.0 286.0 308.0 284.0
308.0 284.0 308.0 286.0 310.0 286.0 310.0 284.0
310.0 284.0 310.0 286.0 312.0 286.0 312.0 284.0
312.0 284.0 312.0 286.0 314.0 286.0 314.0 284.0
314.0 284.0 314.0 286.0 316.0 286.0 316.0 284.0
316.0 284.0 316.0 286.0 318.0 286.0 318.0 284.0
318.0 284.0 318.0 286.0 320.0 286.0 320.0 284.0
320.0 284.0 320.0 286.0 322.0 286.0 322.0 284.0
322.0 284.0 322.0 286.0 324.0 286.0 324.0 284.0
324.0 284.0 324.0 286.0 326.0 286.0 326.0 284.0
326.0 284.0 326.0 286.0 328.0 286.0 328.0 284.0
328.0 284.0 328.0 286.0 330.0 286.0 330.0 284.0
330.0 284.0 330.0 286.0 332.0 286.0 332.0 284.0
332.0 284.0 332.0 286.0 334.0 286.0 334.0 284.0
334.0 284.0 334.0 286.0 336.0 286.0 336.0 284.0
336.0 284.0 336.0 286.0 338.0 286.0 338.0 284.0
338.0 284.0 338.0 286.0 340.0 286.0 340.0 284.0
340.0 284.0 340.0 286.0 342.0 286.0 342.0 284.0
342.0 284.0 342.0 286.0 344.0 286.0 344.0 284.0
344.0 284.0 344.0 286.0 346.0 286.0 346.0 284.0
346.0 284.0 346.0 286.0 348.0 286.0 348.0 284.0
348.0 284.0 348.0 286.0 350.0 286.0 350.0 284.0
350.0 284.0 350.0 286.0 352.0 286.0 352.0 284.0
352.0 284.0 352.0 286.0 354.0 286.0 354.0 284.0
354.0 284.0 354.0 286.0 356.0 286.0 356.0 284.0
356.0 284.0 356.0 286.0 358.0 286.0 358.0 284.0
358.0 284.0 358.0 286.0 360.0 286.0 360.0 284.0
454.0 284.0 454.0 286.0 456.0 286.0 456.0 284.0
456.0 284.0 456.0 286.0 458.0 286.0 458.0 284.0
458.0 284.0 458.0 286.0 460.0 286.0 460.0 284.0
460.0 284.0 460.0 286.0 462.0 286.0 462.0 284.0
462.0 284.0 462.0 286.0 464.0 286.0 464.0 284.0
464.0 284.0 464.0 286.0 466.0 286.0 466.0 284.0
466.0 284.0 466.0 286.0 468.0 286.0 468.0 284.0
468.0 284.0 468.0 286.0 470.0 286.0 470.0 284.0
470.0 284.0 470.0 286.0 472.0 286.0 472.0 284.0
472.0 284.0 472.0 286.0 474.0 286.0 474.0 284.0
474.0 284.0 474.0 286.0 476.0 286.0 476.0 284.0
476.0 284.0 476.0 286.0 478.0 286.0 478.0 284.0
478.0 284.0 478.0 286.0 480.0 286.0 480.0 284.0
480.0 284.0 480.0 286.0 482.0 286.0 482.0 284.0
482.0 284.0 482.0 286.0 484.0 286.0 484.0 284.0
484.0 284.0 484.0 286.0 486.0 286.0 486.0 284.0
486.0 284.0 486.0 286.0 488.0 286.0 488.0 284.0
488.0 284.0 488.0 286.0 490.0 286.0 490.0 284.0
490.0 284.0 490.0 286.0 492.0 286.0 492.0 284.0
492.0 284.0 492.0 286.0 494.0 286.0 494.0 284.0
494.0 284.0 494.0 286.0 496.0 286.0 496.0 284.0
496.0 284.0 496.0 286.0 498.0 286.0 498.0 284.0
498.0 284.0 498.0 286.0 500.0 286.0 500.0 284.0
500.0 284.0 500.0 286.0 502.0 286.0 502.0 284.0
502.0 284.0 502.0 286.0 504.0 286.0 504.0 284.0
504.0 284.0 504.0 286.0 506.0 286.0 506.0 284.0
506.0 284.0 506.0 286.0 508.0 286.0 508.0 284.0
508.0 284.0 508.0 286.0 510.0 286.0 510.0 284.0
510.0 284.0 510.0 286.0 512.0 286.0 512.0 284.0
0.0 286.0 0.0 288.0 2.0 288.0 2.0 286.0
2.0 286.0 2.0 288.0 4.0 288.0 4.0 286.0
4.0 286.0 4.0 288.0 6.0 288.0 6.0 286.0
6.0 286.0 6.0 288.0 8.0 288.0 8.0 286.0
8.0 286.0 8.0 288.0 10.0 288.0 10.0 286.0
10.0 286.0 10.0 288.0 12.0 288.0 12.0 286.0
12.0 286.0 12.0 288.0 14.0 288.0 14.0 286.0
14.0 286.0 14.0 288.0 16.0 288.0 16.0 286.0
16.0 286.0 16.0 288.0 18.0 288.0 18.0 286.0
18.0 286.0 18.0 288.0 20.0 288.0 20.0 286.0
20.0 286.0 20.0 288.0 22.0 288.0 22.0 286.0
22.0 286.0 22.0 288.0 24.0 288.0 24.0 286.0
24.0 286.0 24.0 288.0 26.0 288.0 26.0 286.0
26.0 286.0 26.0 288.0 28.0 288.0 28.0 286.0
28.0 286.0 28.0 288.0 30.0 288.0 30.0 286.0
30.0 286.0 30.0 288.0 32.0 288.0 32.0 286.0
32.0 286.0 32.0 288.0 34.0 288.0 34.0 286.0
34.0 286.0 34.0 288.0 36.0 288.0 36.0 286.0
36.0 286.0 36.0 288.0 38.0 288.0 38.0 286.0
38.0 286.0 38.0 288.0 40.0 288.0 40.0 286.0
40.0 286.0 40.0 288.0 42.0 288.0 42.0 286.0
42.0 286.0 42.0 288.0 44.0 288.0 44.0 286.0
44.0 286.0 44.0 288.0 46.0 288.0 46.0 286.0
46.0 286.0 46.0 288.0 48.0 288.0 48.0 286.0
48.0 286.0 48.0 288.0 50.0 288.0 50.0 286.0
50.0 286.0 50.0 288.0 52.0 288.0 52.0 286.0
52.0 286.0 52.0 288.0 54.0 288.0 54.0 286.0
54.0 286.0 54.0 288.0 56.0 288.0 56.0 286.0
56.0 286.0 56.0 288.0 58.0 288.0 58.0 286.0
158.0 286.0 158.0 288.0 160.0 288.0 160.0 286.0
160.0 286.0 160.0 288.0 162.0 288.0 162.0 286.0
162.0 286.0 162.0 288.0 164.0 288.0 164.0 286.0
164.0 286.0 164.0 288.0 166.0 288.0 166.0 286.0
166.0 286.0 166.0 288.0 168.0 288.0 168.0 286.0
168.0 286.0 168.0 288.0 170.0 288.0 170.0 286.0
170.0 286.0 170.0 288.0 172.0 288.0 172.0 286.0
172.0 286.0 172.0 288.0 174.0 288.0 174.0 286.0
174.0 286.0 174.0 288.0 176.0 288.0 176.0 286.0
176.0 286.0 176.0 288.0 178.0 288.0 178.0 286.0
178.0 286.0 178.0 288.0 180.0 288.0 180.0 286.0
180.0 286.0 180.0 288.0 182.0 288.0 182.0 286.0
182.0 286.0 182.0 288.0 184.0 288.0 184.0 286.0
184.0 286.0 184.0 288.0 186.0 288.0 186.0 286.0
186.0 286.0 186.0 288.0 188.0 288.0 188.0 286.0
188.0 286.0 188.0 288.0 190.0 288.0 190.0 286.0
190.0 286.0 190.0 288.0 192.0 288.0 192.0 286.0
192.0 286.0 192.0 288.0 194.0 288.0 194.0 286.0
194.0 286.0 194.0 288.0 196.0 288.0 196.0 286.0
196.0 286.0 196.0 288.0 198.0 288.0 198.0 286.0
230.0 286.0 230.0 288.0 232.0 288.0 232.0 286.0
232.0 286.0 232.0 288.0 234.0 288.0 234.0 286.0
234.0 286.0 234.0 288.0 236.0 288.0 236.0 286.0
236.0 286.0 236.0 288.0 238.0 288.0 238.0 286.0
238.0 286.0 238.0 288.0 240.0 288.0 240.0 286.0
240.0 286.0 240.0 288.0 242.0 288.0 242.0 286.0
242.0 286.0 242.0 288.0 244.0 288.0 244.0 286.0
244.0 286.0 244.0 288.0 246.0 288.0 246.0 286.0
246.0 286.0 246.0 288.0 248.0 288.0 248.0 286.0
248.0 286.0 248.0 288.0 250.0 288.0 250.0 286.0
250.0 286.0 250.0 288.0 252.0 288.0 252.0 286.0
252.0 286.0 252.0 288.0 254.0 288.0 254.0 286.0
254.0 286.0 254.0 288.0 256.0 288.0 256.0 286.0
256.0 286.0 256.0 288.0 258.0 288.0 258.0 286.0
258.0 286.0 258.0 288.0 260.0 288.0 260.0 286.0
260.0 286.0 260.0 288.0 262.0 288.0 262.0 286.0
262.0 286.0 262.0 288.0 264.0 288.0 264.0 286.0
264.0 286.0 264.0 288.0 266.0 288.0 266.0 286.0
266.0 286.0 266.0 288.0 268.0 288.0 268.0 286.0
268.0 286.0 268.0 288.0 270.0 288.0 270.0 286.0
270.0 286.0 270.0 288.0 272.0 288.0 272.0 286.0
272.0 286.0 272.0 288.0 274.0 288.0 274.0 286.0
274.0 286.0 274.0 288.0 276.0 288.0 276.0 286.0
276.0 286.0 276.0 288.0 278.0 288.0 278.0 286.0
278.0 286.0 278.0 288.0 280.0 288.0 280.0 286.0
280.0 286.0 280.0 288.0 282.0 288.0 282.0 286.0
282.0 286.0 282.0 288.0 284.0 288.0 284.0 286.0
284.0 286.0 284.0 288.0 286.0 288.0 286.0 286.0
286.0 286.0 286.0 288.0 288.0 288.0 288.0 286.0
288.0 286.0 288.0 288.0 290.0 288.0 290.0 286.0
290.0 286.0 290.0 288.0 292.0 288.0 292.0 286.0
292.0 286.0 292.0 288.0 294.0 288.0 294.0 286.0
294.0 286.0 294.0 288.0 296.0 288.0 296.0 286.0
296.0 286.0 296.0 288.0 298.0 288.0 298.0 286.0
298.0 286.0 298.0 288.0 300.0 288.0 300.0 286.0
300.0 286.0 300.0 288.0 302.0 288.0 302.0 286.0
302.0 286.0 302.0 288.0 304.0 288.0 304.0 286.0
304.0 286.0 304.0 288.0 306.0 288.0 306.0 286.0
306.0 286.0 306.0 288.0 308.0 288.0 308.0 286.0
308.0 286.0 308.0 288.0 310.0 288.0 310.0 286.0
310.0 286.0 310.0 288.0 312.0 288.0 312.0 286.0
312.0 286.0 312.0 288.0 314.0 288.0 314.0 286.0
314.0 286.0 314.0 288.0 316.0 288.0 316.0 286.0
316.0 286.0 316.0 288.0 318.0 288.0 318.0 286.0
318.0 286.0 318.0 288.0 320.0 288.0 320.0 286.0
320.0 286.0 320.0 288.0 322.0 288.0 322.0 286.0
322.0 286.0 322.0 288.0 324.0 288.0 324.0 286.0
324.0 286.0 324.0 288.0 326.0 288.0 326.0 286.0
326.0 286.0 326.0 288.0 328.0 288.0 328.0 286.0
328.0 286.0 328.0 288.0 330.0 288.0 330.0 286.0
330.0 286.0 330.0 288.0 332.0 288.0 332.0 286.0
332.0 286.0 332.0 288.0 334.0 288.0 334.0 286.0
334.0 286.0 334.0 288.0 336.0 288.0 336.0 286.0
336.0 286.0 336.0 288.0 338.0 288.0 338.0 286.0
338.0 286.0 338.0 288.0 340.0 288.0 340.0 286.0
340.0 286.0 340.0 288.0 342.0 288.0 342.0 286.0
342.0 286.0 342.0 288.0 344.0 288.0 344.0 286.0
344.0 286.0 344.0 288.0 346.0 288.0 346.0 286.0
346.0 286.0 346.0 288.0 348.0 288.0 348.0 286.0
348.0 286.0 348.0 288.0 350.0 288.0 350.0 286.0
350.0 286.0 350.0 288.0 352.0 288.0 352.0 286.0
352.0 286.0 352.0 288.0 354.0 288.0 354.0 286.0
354.0 286.0 354.0 288.0 356.0 288.0 356.0 286.0
356.0 286.0 356.0 288.0 358.0 288.0 358.0 286.0
358.0 286.0 358.0 288.0 360.0 288.0 360.0 286.0
454.0 286.0 454.0 288.0 456.0 288.0 456.0 286.0
456.0 286.0 456.0 288.0 458.0 288.0 458.0 286.0
458.0 286.0 458.0 288.0 460.0 288.0 460.0 286.0
460.0 286.0 460.0 288.0 462.0 288.0 462.0 286.0
462.0 286.0 462.0 288.0 464.0 288.0 464.0 286.0
464.0 286.0 464.0 288.0 466.0 288.0 466.0 286.0
466.0 286.0 466.0 288.0 468.0 288.0 468.0 286.0
468.0 286.0 468.0 288.0 470.0 288.0 470.0 286.0
470.0 286.0 470.0 288.0 472.0 288.0 472.0 286.0
472.0 286.0 472.0 288.0 474.0 288.0 474.0 286.0
474.0 286.0 474.0 288.0 476.0 288.0 476.0 286.0
476.0 286.0 476.0 288.0 478.0 288.0 478.0 286.0
478.0 286.0 478.0 288.0 480.0 288.0 480.0 286.0
480.0 286.0 480.0 288.0 482.0 288.0 482.0 286.0
482.0 286.0 482.0 288.0 484.0 288.0 484.0 286.0
484.0 286.0 484.0 288.0 486.0 288.0 486.0 286.0
486.0 286.0 486.0 288.0 488.0 288.0 488.0 286.0
488.0 286.0 488.0 288.0 490.0 288.0 490.0 286.0
490.0 286.0 490.0 288.0 492.0 288.0 492.0 286.0
492.0 286.0 492.0 288.0 494.0 288.0 494.0 286.0
494.0 286.0 494.0 288.0 496.0 288.0 496.0 286.0
496.0 286.0 496.0 288.0 498.0 288.0 498.0 286.0
498.0 286.0 498.0 288.0 500.0 288.0 500.0 286.0
500.0 286.0 500.0 288.0 502.0 288.0 502.0 286.0
502.0 286.0 502.0 288.0 504.0 288.0 504.0 286.0
504.0 286.0 504.0 288.0 506.0 288.0 506.0 286.0
506.0 286.0 506.0 288.0 508.0 288.0 508.0 286.0
508.0 286.0 508.0 288.0 510.0 288.0 510.0 286.0
510.0 286.0 510.0 288.0 512.0 288.0 512.0 286.0
0.0 288.0 0.0 290.0 2.0 290.0 2.0 288.0
2.0 288.0 2.0 290.0 4.0 290.0 4.0 288.0
4.0 288.0 4.0 290.0 6.0 290.0 6.0 288.0
6.0 288.0 6.0 290.0 8.0 290.0 8.0 288.0
8.0 288.0 8.0 290.0 10.0 290.0 10.0 288.0
10.0 288.0 10.0 290.0 12.0 290.0 12.0 288.0
12.0 288.0 12.0 290.0 14.0 290.0 14.0 288.0
14.0 288.0 14.0 290.0 16.0 290.0 16.0 288.0
16.0 288.0 16.0 290.0 18.0 290.0 18.0 288.0
18.0 288.0 18.0 290.0 20.0 290.0 20.0 288.0
20.0 288.0 20.0 290.0 22.0 290.0 22.0 288.0
22.0 288.0 22.0 290.0 24.0 290.0 24.0 288.0
24.0 288.0 24.0 290.0 26.0 290.0 26.0 288.0
26.0 288.0 26.0 290.0 28.0 290.0 28.0 288.0
28.0 288.0 28.0 290.0 30.0 290.0 30.0 288.0
30.0 288.0 30.0 290.0 32.0 290.0 32.0 288.0
32.0 288.0 32.0 290.0 34.0 290.0 34.0 288.0
34.0 288.0 34.0 290.0 36.0 290.0 36.0 288.0
36.0 288.0 36.0 290.0 38.0 290.0 38.0 288.0
38.0 288.0 38.0 290.0 40.0 290.0 40.0 288.0
40.0 288.0 40.0 290.0 42.0 290.0 42.0 288.0
42.0 288.0 42.0 290.0 44.0 290.0 44.0 288.0
44.0 288.0 44.0 290.0 46.0 290.0 46.0 288.0
46.0 288.0 46.0 290.0 48.0 290.0 48.0 288.0
48.0 288.0 48.0 290.0 50.0 290.0 50.0 288.0
50.0 288.0 50.0 290.0 52.0 290.0 52.0 288.0
52.0 288.0 52.0 290.0 54.0 290.0 54.0 288.0
54.0 288.0 54.0 290.0 56.0 290.0 56.0 288.0
56.0 288.0 56.0 290.0 58.0 290.0 58.0 288.0
158.0 288.0 158.0 290.0 160.0 290.0 160.0 288.0
160.0 288.0 160.0 290.0 162.0 290.0 162.0 288.0
162.0 288.0 162.0 290.0 164.0 290.0 164.0 288.0
164.0 288.0 164.0 290.0 166.0 290.0 166.0 288.0
166.0 288.0 166.0 290.0 168.0 290.0 168.0 288.0
168.0 288.0 168.0 290.0 170.0 290.0 170.0 288.0
170.0 288.0 170.0 290.0 172.0 290.0 172.0 288.0
172.0 288.0 172.0 290.0 174.0 290.0 174.0 288.0
174.0 288.0 174.0 290.0 176.0 290.0 176.0 288.0
176.0 288.0 176.0 290.0 178.0 290.0 178.0 288.0
178.0 288.0 178.0 290.0 180.0 290.0 180.0 288.0
180.0 288.0 180.0 290.0 182.0 290.0 182.0 288.0
182.0 288.0 182.0 290.0 184.0 290.0 184.0 288.0
184.0 288.0 184.0 290.0 186.0 290.0 186.0 288.0
186.0 288.0 186.0 290.0 188.0 290.0 188.0 288.0
188.0 288.0 188.0 290.0 190.0 290.0 190.0 288.0
190.0 288.0 190.0 290.0 192.0 290.0 192.0 288.0
192.0 288.0 192.0 290.0 194.0 290.0 194.0 288.0
230.0 288.0 230.0 290.0 232.0 290.0 232.0 288.0
232.0 288.0 232.0 290.0 234.0 290.0 234.0 288.0
234.0 288.0 234.0 290.0 236.0 290.0 236.0 288.0
236.0 288.0 236.0 290.0 238.0 290.0 238.0 288.0
238.0 288.0 238.0 290.0 240.0 290.0 240.0 288.0
240.0 288.0 240.0 290.0 242.0 290.0 242.0 288.0
242.0 288.0 242.0 290.0 244.0 290.0 244.0 288.0
244.0 288.0 244.0 290.0 246.0 290.0 246.0 288.0
246.0 288.0 246.0 290.0 248.0 290.0 248.0 288.0
248.0 288.0 248.0 290.0 250.0 290.0 250.0 288.0
250.0 288.0 250.0 290.0 252.0 290.0 252.0 288.0
252.0 288.0 252.0 290.0 254.0 290.0 254.0 288.0
254.0 288.0 254.0 290.0 256.0 290.0 256.0 288.0
256.0 288.0 256.0 290.0 258.0 290.0 258.0 288.0
258.0 288.0 258.0 290.0 260.0 290.0 260.0 288.0
260.0 288.0 260.0 290.0 262.0 290.0 262.0 288.0
262.0 288.0 262.0 290.0 264.0 290.0 264.0 288.0
264.0 288.0 264.0 290.0 266.0 290.0 266.0 288.0
266.0 288.0 266.0 290.0 268.0 290.0 268.0 288.0
268.0 288.0 268.0 290.0 270.0 290.0 270.0 288.0
270.0 288.0 270.0 290.0 272.0 290.0 272.0 288.0
272.0 288.0 272.0 290.0 274.0 290.0 274.0 288.0
274.0 288.0 274.0 290.0 276.0 290.0 276.0 288.0
276.0 288.0 276.0 290.0 278.0 290.0 278.0 288.0
278.0 288.0 278.0 290.0 280.0 290.0 280.0 288.0
280.0 288.0 280.0 290.0 282.0 290.0 282.0 288.0
282.0 288.0 282.0 290.0 284.0 290.0 284.0 288.0
284.0 288.0 284.0 290.0 286.0 290.0 286.0 288.0
286.0 288.0 286.0 290.0 288.0 290.0 288.0 288.0
288.0 288.0 288.0 290.0 290.0 290.0 290.0 288.0
290.0 288.0 290.0 290.0 292.0 290.0 292.0 288.0
292.0 288.0 292.0 290.0 294.0 290.0 294.0 288.0
294.0 288.0 294.0 290.0 296.0 290.0 296.0 288.0
296.0 288.0 296.0 290.0 298.0 290.0 298.0 288.0
298.0 288.0 298.0 290.0 300.0 290.0 300.0 288.0
300.0 288.0 300.0 290.0 302.0 290.0 302.0 288.0
302.0 288.0 302.0 290.0 304.0 290.0 304.0 288.0
304.0 288.0 304.0 290.0 306.0 290.0 306.0 288.0
306.0 288.0 306.0 290.0 308.0 290.0 308.0 288.0
308.0 288.0 308.0 290.0 310.0 290.0 310.0 288.0
310.0 288.0 310.0 290.0 312.0 290.0 312.0 288.0
312.0 288.0 312.0 290.0 314.0 290.0 314.0 288.0
314.0 288.0 314.0 290.0 316.0 290.0 316.0 288.0
316.0 288.0 316.0 290.0 318.0 290.0 318.0 288.0
318.0 288.0 318.0 290.0 320.0 290.0 320.0 288.0
320.0 288.0 320.0 290.0 322.0 290.0 322.0 288.0
322.0 288.0 322.0 290.0 324.0 290.0 324.0 288.0
324.0 288.0 324.0 290.0 326.0 290.0 326.0 288.0
326.0 288.0 326.0 290.0 328.0 290.0 328.0 288.0
328.0 288.0 328.0 290.0 330.0 290.0 330.0 288.0
330.0 288.0 330.0 290.0 332.0 290.0 332.0 288.0
332.0 288.0 332.0 290.0 334.0 290.0 334.0 288.0
334.0 288.0 334.0 290.0 336.0 290.0 336.0 288.0
336.0 288.0 336.0 290.0 338.0 290.0 338.0 288.0
338.0 288.0 338.0 290.0 340.0 290.0 340.0 288.0
340.0 288.0 340.0 290.0 342.0 290.0 342.0 288.0
342.0 288.0 342.0 290.0 344.0 290.0 344.0 288.0
344.0 288.0 344.0 290.0 346.0 290.0 346.0 288.0
346.0 288.0 346.0 290.0 348.0 290.0 348.0 288.0
348.0 288.0 348.0 290.0 350.0 290.0 350.0 288.0
350.0 288.0 350.0 290.0 352.0 290.0 352.0 288.0
352.0 288.0 352.0 290.0 354.0 290.0 354.0 288.0
354.0 288.0 354.0 290.0 356.0 290.0 356.0 288.0
356.0 288.0 356.0 290.0 358.0 290.0 358.0 288.0
454.0 288.0 454.0 290.0 456.0 290.0 456.0 288.0
456.0 288.0 456.0 290.0 458.0 290.0 458.0 288.0
458.0 288.0 458.0 290.0 460.0 290.0 460.0 288.0
460.0 288.0 460.0 290.0 462.0 290.0 462.0 288.0
462.0 288.0 462.0 290.0 464.0 290.0 464.0 288.0
464.0 288.0 464.0 290.0 466.0 290.0 466.0 288.0
466.0 288.0 466.0 290.0 468.0 290.0 468.0 288.0
468.0 288.0 468.0 290.0 470.0 290.0 470.0 288.0
470.0 288.0 470.0 290.0 472.0 290.0 472.0 288.0
472.0 288.0 472.0 290.0 474.0 290.0 474.0 288.0
474.0 288.0 474.0 290.0 476.0 290.0 476.0 288.0
476.0 288.0 476.0 290.0 478.0 290.0 478.0 288.0
478.0 288.0 478.0 290.0 480.0 290.0 480.0 288.0
480.0 288.0 480.0 290.0 482.0 290.0 482.0 288.0
482.0 288.0 482.0 290.0 484.0 290.0 484.0 288.0
484.0 288.0 484.0 290.0 486.0 290.0 486.0 288.0
486.0 288.0 486.0 290.0 488.0 290.0 488.0 288.0
488.0 288.0 488.0 290.0 490.0 290.0 490.0 288.0
490.0 288.0 490.0 290.0 492.0 290.0 492.0 288.0
492.0 288.0 492.0 290.0 494.0 290.0 494.0 288.0
494.0 288.0 494.0 290.0 496.0 290.0 496.0 288.0
496.0 288.0 496.0 290.0 498.0 290.0 498.0 288.0
498.0 288.0 498.0 290.0 500.0 290.0 500.0 288.0
500.0 288.0 500.0 290.0 502.0 290.0 502.0 288.0
502.0 288.0 502.0 290.0 504.0 290.0 504.0 288.0
504.0 288.0 504.0 290.0 506.0 290.0 506.0 288.0
506.0 288.0 506.0 290.0 508.0 290.0 508.0 288.0
508.0 288.0 508.0 290.0 510.0 290.0 510.0 288.0
510.0 288.0 510.0 290.0 512.0 290.0 512.0 288.0
0.0 290.0 0.0 292.0 2.0 292.0 2.0 290.0
2.0 290.0 2.0 292.0 4.0 292.0 4.0 290.0
4.0 290.0 4.0 292.0 6.0 292.0 6.0 290.0
6.0 290.0 6.0 292.0 8.0 292.0 8.0 290.0
8.0 290.0 8.0 292.0 10.0 292.0 10.0 290.0
10.0 290.0 10.0 292.0 12.0 292.0 12.0 290.0
12.0 290.0 12.0 292.0 14.0 292.0 14.0 290.0
14.0 290.0 14.0 292.0 16.0 292.0 16.0 290.0
16.0 290.0 16.0 292.0 18.0 292.0 18.0 290.0
18.0 290.0 18.0 292.0 20.0 292.0 20.0 290.0
20.0 290.0 20.0 292.0 22.0 292.0 22.0 290.0
22.0 290.0 22.0 292.0 24.0 292.0 24.0 290.0
24.0 290.0 24.0 292.0 26.0 292.0 26.0 290.0
26.0 290.0 26.0 292.0 28.0 292.0 28.0 290.0
28.0 290.0 28.0 292.0 30.0 292.0 30.0 290.0
30.0 290.0 30.0 292.0 32.0 292.0 32.0 290.0
32.0 290.0 32.0 292.0 34.0 292.0 34.0 290.0
34.0 290.0 34.0 292.0 36.0 292.0 36.0 290.0
36.0 290.0 36.0 292.0 38.0 292.0 38.0 290.0
38.0 290.0 38.0 292.0 40.0 292.0 40.0 290.0
40.0 290.0 40.0 292.0 42.0 292.0 42.0 290.0
42.0 290.0 42.0 292.0 44.0 292.0 44.0 290.0
44.0 290.0 44.0 292.0 46.0 292.0 46.0 290.0
46.0 290.0 46.0 292.0 48.0 292.0 48.0 290.0
48.0 290.0 48.0 292.0 50.0 292.0 50.0 290.0
50.0 290.0 50.0 292.0 52.0 292.0 52.0 290.0
52.0 290.0 52.0 292.0 54.0 292.0 54.0 290.0
54.0 290.0 54.0 292.0 56.0 292.0 56.0 290.0
56.0 290.0 56.0 292.0 58.0 292.0 58.0 290.0
158.0 290.0 158.0 292.0 160.0 292.0 160.0 290.0
160.0 290.0 160.0 292.0 162.0 292.0 162.0 290.0
162.0 290.0 162.0 292.0 164.0 292.0 164.0 290.0
164.0 290.0 164.0 292.0 166.0 292.0 166.0 290.0
166.0 290.0 166.0 292.0 168.0 292.0 168.0 290.0
168.0 290.0 168.0 292.0 170.0 292.0 170.0 290.0
170.0 290.0 170.0 292.0 172.0 292.0 172.0 290.0
172.0 290.0 172.0 292.0 174.0 292.0 174.0 290.0
174.0 290.0 174.0 292.0 176.0 292.0 176.0 290.0
176.0 290.0 176.0 292.0 178.0 292.0 178.0 290.0
178.0 290.0 178.0 292.0 180.0 292.0 180.0 290.0
180.0 290.0 180.0 292.0 182.0 292.0 182.0 290.0
182.0 290.0 182.0 292.0 184.0 292.0 184.0 290.0
184.0 290.0 184.0 292.0 186.0 292.0 186.0 290.0
186.0 290.0 186.0 292.0 188.0 292.0 188.0 290.0
188.0 290.0 188.0 292.0 190.0 292.0 190.0 290.0
190.0 290.0 190.0 292.0 192.0 292.0 192.0 290.0
230.0 290.0 230.0 292.0 232.0 292.0 232.0 290.0
232.0 290.0 232.0 292.0 234.0 292.0 234.0 290.0
234.0 290.0 234.0 292.0 236.0 292.0 236.0 290.0
236.0 290.0 236.0 292.0 238.0 292.0 238.0 290.0
238.0 290.0 238.0 292.0 240.0 292.0 240.0 290.0
240.0 290.0 240.0 292.0 242.0 292.0 242.0 290.0
242.0 290.0 242.0 292.0 244.0 292.0 244.0 290.0
244.0 290.0 244.0 292.0 246.0 292.0 246.0 290.0
246.0 290.0 246.0 292.0 248.0 292.0 248.0 290.0
248.0 290.0 248.0 292.0 250.0 292.0 250.0 290.0
250.0 290.0 250.0 292.0 252.0 292.0 252.0 290.0
252.0 290.0 252.0 292.0 254.0 292.0 254.0 290.0
254.0 290.0 254.0 292.0 256.0 292.0 256.0 290.0
256.0 290.0 256.0 292.0 258.0 292.0 258.0 290.0
258.0 290.0 258.0 292.0 260.0 292.0 260.0 290.0
260.0 290.0 260.0 292.0 262.0 292.0 262.0 290.0
262.0 290.0 262.0 292.0 264.0 292.0 264.0 290.0
264.0 290.0 264.0 292.0 266.0 292.0 266.0 290.0
266.0 290.0 266.0 292.0 268.0 292.0 268.0 290.0
268.0 290.0 268.0 292.0 270.0 292.0 270.0 290.0
270.0 290.0 270.0 292.0 272.0 292.0 272.0 290.0
272.0 290.0 272.0 292.0 274.0 292.0 274.0 290.0
274.0 290.0 274.0 292.0 276.0 292.0 276.0 290.0
276.0 290.0 276.0 292.0 278.0 292.0 278.0 290.0
278.0 290.0 278.0 292.0 280.0 292.0 280.0 290.0
280.0 290.0 280.0 292.0 282.0 292.0 282.0 290.0
282.0 290.0 282.0 292.0 284.0 292.0 284.0 290.0
284.0 290.0 284.0 292.0 286.0 292.0 286.0 290.0
286.0 290.0 286.0 292.0 288.0 292.0 288.0 290.0
288.0 290.0 288.0 292.0 290.0 292.0 290.0 290.0
290.0 290.0 290.0 292.0 292.0 292.0 292.0 290.0
292.0 290.0 292.0 292.0 294.0 292.0 294.0 290.0
294.0 290.0 294.0 292.0 296.0 292.0 296.0 290.0
296.0 290.0 296.0 292.0 298.0 292.0 298.0 290.0
298.0 290.0 298.0 292.0 300.0 292.0 300.0 290.0
300.0 290.0 300.0 292.0 302.0 292.0 302.0 290.0
302.0 290.0 302.0 292.0 304.0 292.0 304.0 290.0
304.0 290.0 304.0 292.0 306.0 292.0 306.0 290.0
306.0 290.0 306.0 292.0 308.0 292.0 308.0 290.0
308.0 290.0 308.0 292.0 310.0 292.0 310.0 290.0
310.0 290.0 310.0 292.0 312.0 292.0 312.0 290.0
312.0 290.0 312.0 292.0 314.0 292.0 314.0 290.0
314.0 290.0 314.0 292.0 316.0 292.0 316.0 290.0
316.0 290.0 316.0 292.0 318.0 292.0 318.0 290.0
318.0 290.0 318.0 292.0 320.0 292.0 320.0 290.0
320.0 290.0 320.0 292.0 322.0 292.0 322.0 290.0
322.0 290.0 322.0 292.0 324.0 292.0 324.0 290.0
324.0 290.0 324.0 292.0 326.0 292.0 326.0 290.0
326.0 290.0 326.0 292.0 328.0 292.0 328.0 290.0
328.0 290.0 328.0 292.0 330.0 292.0 330.0 290.0
330.0 290.0 330.0 292.0 332.0 292.0 332.0 290.0
332.0 290.0 332.0 292.0 334.0 292.0 334.0 290.0
334.0 290.0 334.0 292.0 336.0 292.0 336.0 290.0
336.0 290.0 336.0 292.0 338.0 292.0 338.0 290.0
338.0 290.0 338.0 292.0 340.0 292.0 340.0 290.0
340.0 290.0 340.0 292.0 342.0 292.0 342.0 290.0
342.0 290.0 342.0 292.0 344.0 292.0 344.0 290.0
344.0 290.0 344.0 292.0 346.0 292.0 346.0 290.0
346.0 290.0 346.0 292.0 348.0 292.0 348.0 290.0
348.0 290.0 348.0 292.0 350.0 292.0 350.0 290.0
350.0 290.0 350.0 292.0 352.0 292.0 352.0 290.0
352.0 290.0 352.0 292.0 354.0 292.0 354.0 290.0
354.0 290.0 354.0 292.0 356.0 292.0 356.0 290.0
454.0 290.0 454.0 292.0 456.0 292.0 456.0 290.0
456.0 290.0 456.0 292.0 458.0 292.0 458.0 290.0
458.0 290.0 458.0 292.0 460.0 292.0 460.0 290.0
460.0 290.0 460.0 292.0 462.0 292.0 462.0 290.0
462.0 290.0 462.0 292.0 464.0 292.0 464.0 290.0
464.0 290.0 464.0 292.0 466.0 292.0 466.0 290.0
466.0 290.0 466.0 292.0 468.0 292.0 468.0 290.0
468.0 290.0 468.0 292.0 470.0 292.0 470.0 290.0
470.0 290.0 470.0 292.0 472.0 292.0 472.0 290.0
472.0 290.0 472.0 292.0 474.0 292.0 474.0 290.0
474.0 290.0 474.0 292.0 476.0 292.0 476.0 290.0
476.0 290.0 476.0 292.0 478.0 292.0 478.0 290.0
478.0 290.0 478.0 292.0 480.0 292.0 480.0 290.0
480.0 290.0 480.0 292.0 482.0 292.0 482.0 290.0
482.0 290.0 482.0 292.0 484.0 292.0 484.0 290.0
484.0 290.0 484.0 292.0 486.0 292.0 486.0 290.0
486.0 290.0 486.0 292.0 488.0 292.0 488.0 290.0
488.0 290.0 488.0 292.0 490.0 292.0 490.0 290.0
490.0 290.0 490.0 292.0 492.0 292.0 492.0 290.0
492.0 290.0 492.0 292.0 494.0 292.0 494.0 290.0
494.0 290.0 494.0 292.0 496.0 292.0 496.0 290.0
496.0 290.0 496.0 292.0 498.0 292.0 498.0 290.0
498.0 290.0 498.0 292.0 500.0 292.0 500.0 290.0
500.0 290.0 500.0 292.0 502.0 292.0 502.0 290.0
502.0 290.0 502.0 292.0 504.0 292.0 504.0 290.0
504.0 290.0 504.0 292.0 506.0 292.0 506.0 290.0
506.0 290.0 506.0 292.0 508.0 292.0 508.0 290.0
508.0 290.0 508.0 292.0 510.0 292.0 510.0 290.0
510.0 290.0 510.0 292.0 512.0 292.0 512.0 290.0
0.0 292.0 0.0 294.0 2.0 294.0 2.0 292.0
2.0 292.0 2.0 294.0 4.0 294.0 4.0 292.0
4.0 292.0 4.0 294.0 6.0 294.0 6.0 292.0
6.0 292.0 6.0 294.0 8.0 294.0 8.0 292.0
8.0 292.0 8.0 294.0 10.0 294.0 10.0 292.0
10.0 292.0 10.0 294.0 12.0 294.0 12.0 292.0
12.0 292.0 12.0 294.0 14.0 294.0 14.0 292.0
14.0 292.0 14.0 294.0 16.0 294.0 16.0 292.0
16.0 292.0 16.0 294.0 18.0 294.0 18.0 292.0
18.0 292.0 18.0 294.0 20.0 294.0 20.0 292.0
20.0 292.0 20.0 294.0 22.0 294.0 22.0 292.0
22.0 292.0 22.0 294.0 24.0 294.0 24.0 292.0
24.0 292.0 24.0 294.0 26.0 294.0 26.0 292.0
26.0 292.0 26.0 294.0 28.0 294.0 28.0 292.0
28.0 292.0 28.0 294.0 30.0 294.0 30.0 292.0
30.0 292.0 30.0 294.0 32.0 294.0 32.0 292.0
32.0 292.0 32.0 294.0 34.0 294.0 34.0 292.0
34.0 292.0 34.0 294.0 36.0 294.0 36.0 292.0
36.0 292.0 36.0 294.0 38.0 294.0 38.0 292.0
38.0 292.0 38.0 294.0 40.0 294.0 40.0 292.0
40.0 292.0 40.0 294.0 42.0 294.0 42.0 292.0
42.0 292.0 42.0 294.0 44.0 294.0 44.0 292.0
44.0 292.0 44.0 294.0 46.0 294.0 46.0 292.0
46.0 292.0 46.0 294.0 48.0 294.0 48.0 292.0
48.0 292.0 48.0 294.0 50.0 294.0 50.0 292.0
50.0 292.0 50.0 294.0 52.0 294.0 52.0 292.0
52.0 292.0 52.0 294.0 54.0 294.0 54.0 292.0
54.0 292.0 54.0 294.0 56.0 294.0 56.0 292.0
56.0 292.0 56.0 294.0 58.0 294.0 58.0 292.0
158.0 292.0 158.0 294.0 160.0 294.0 160.0 292.0
160.0 292.0 160.0 294.0 162.0 294.0 162.0 292.0
162.0 292.0 162.0 294.0 164.0 294.0 164.0 292.0
164.0 292.0 164.0 294.0 166.0 294.0 166.0 292.0
166.0 292.0 166.0 294.0 168.0 294.0 168.0 292.0
168.0 292.0 168.0 294.0 170.0 294.0 170.0 292.0
170.0 292.0 170.0 294.0 172.0 294.0 172.0 292.0
172.0 292.0 172.0 294.0 174.0 294.0 174.0 292.0
174.0 292.0 174.0 294.0 176.0 294.0 176.0 292.0
176.0 292.0 176.0 294.0 178.0 294.0 178.0 292.0
178.0 292.0 178.0 294.0 180.0 294.0 180.0 292.0
180.0 292.0 180.0 294.0 182.0 294.0 182.0 292.0
182.0 292.0 182.0 294.0 184.0 294.0 184.0 292.0
184.0 292.0 184.0 294.0 186.0 294.0 186.0 292.0
186.0 292.0 186.0 294.0 188.0 294.0 188.0 292.0
230.0 292.0 230.0 294.0 232.0 294.0 232.0 292.0
232.0 292.0 232.0 294.0 234.0 294.0 234.0 292.0
234.0 292.0 234.0 294.0 236.0 294.0 236.0 292.0
236.0 292.0 236.0 294.0 238.0 294.0 238.0 292.0
238.0 292.0 238.0 294.0 240.0 294.0 240.0 292.0
240.0 292.0 240.0 294.0 242.0 294.0 242.0 292.0
242.0 292.0 242.0 294.0 244.0 294.0 244.0 292.0
244.0 292.0 244.0 294.0 246.0 294.0 246.0 292.0
246.0 292.0 246.0 294.0 248.0 294.0 248.0 292.0
248.0 292.0 248.0 294.0 250.0 294.0 250.0 292.0
250.0 292.0 250.0 294.0 252.0 294.0 252.0 292.0
252.0 292.0 252.0 294.0 254.0 294.0 254.0 292.0
254.0 292.0 254.0 294.0 256.0 294.0 256.0 292.0
256.0 292.0 256.0 294.0 258.0 294.0 258.0 292.0
258.0 292.0 258.0 294.0 260.0 294.0 260.0 292.0
260.0 292.0 260.0 294.0 262.0 294.0 262.0 292.0
262.0 292.0 262.0 294.0 264.0 294.0 264.0 292.0
264.0 292.0 264.0 294.0 266.0 294.0 266.0 292.0
266.0 292.0 266.0 294.0 268.0 294.0 268.0 292.0
268.0 292.0 268.0 294.0 270.0 294.0 270.0 292.0
270.0 292.0 270.0 294.0 272.0 294.0 272.0 292.0
272.0 292.0 272.0 294.0 274.0 294.0 274.0 292.0
274.0 292.0 274.0 294.0 276.0 294.0 276.0 292.0
276.0 292.0 276.0 294.0 278.0 294.0 278.0 292.0
278.0 292.0 278.0 294.0 280.0 294.0 280.0 292.0
280.0 292.0 280.0 294.0 282.0 294.0 282.0 292.0
282.0 292.0 282.0 294.0 284.0 294.0 284.0 292.0
284.0 292.0 284.0 294.0 286.0 294.0 286.0 292.0
286.0 292.0 286.0 294.0 288.0 294.0 288.0 292.0
288.0 292.0 288.0 294.0 290.0 294.0 290.0 292.0
290.0 292.0 290.0 294.0 292.0 294.0 292.0 292.0
292.0 292.0 292.0 294.0 294.0 294.0 294.0 292.0
294.0 292.0 294.0 294.0 296.0 294.0 296.0 292.0
296.0 292.0 296.0 294.0 298.0 294.0 298.0 292.0
298.0 292.0 298.0 294.0 300.0 294.0 300.0 292.0
300.0 292.0 300.0 294.0 302.0 294.0 302.0 292.0
302.0 292.0 302.0 294.0 304.0 294.0 304.0 292.0
304.0 292.0 304.0 294.0 306.0 294.0 306.0 292.0
306.0 292.0 306.0 294.0 308.0 294.0 308.0 292.0
308.0 292.0 308.0 294.0 310.0 294.0 310.0 292.0
310.0 292.0 310.0 294.0 312.0 294.0 312.0 292.0
312.0 292.0 312.0 294.0 314.0 294.0 314.0 292.0
314.0 292.0 314.0 294.0 316.0 294.0 316.0 292.0
316.0 292.0 316.0 294.0 318.0 294.0 318.0 292.0
318.0 292.0 318.0 294.0 320.0 294.0 320.0 292.0
320.0 292.0 320.0 294.0 322.0 294.0 322.0 292.0
322.0 292.0 322.0 294.0 324.0 294.0 324.0 292.0
324.0 292.0 324.0 294.0 326.0 294.0 326.0 292.0
326.0 292.0 326.0 294.0 328.0 294.0 328.0 292.0
328.0 292.0 328.0 294.0 330.0 294.0 330.0 292.0
330.0 292.0 330.0 294.0 332.0 294.0 332.0 292.0
332.0 292.0 332.0 294.0 334.0 294.0 334.0 292.0
334.0 292.0 334.0 294.0 336.0 294.0 336.0 292.0
336.0 292.0 336.0 294.0 338.0 294.0 338.0 292.0
338.0 292.0 338.0 294.0 340.0 294.0 340.0 292.0
340.0 292.0 340.0 294.0 342.0 294.0 342.0 292.0
342.0 292.0 342.0 294.0 344.0 294.0 344.0 292.0
344.0 292.0 344.0 294.0 346.0 294.0 346.0 292.0
346.0 292.0 346.0 294.0 348.0 294.0 348.0 292.0
348.0 292.0 348.0 294.0 350.0 294.0 350.0 292.0
350.0 292.0 350.0 294.0 352.0 294.0 352.0 292.0
352.0 292.0 352.0 294.0 354.0 294.0 354.0 292.0
452.0 292.0 452.0 294.0 454.0 294.0 454.0 292.0
454.0 292.0 454.0 294.0 456.0 294.0 456.0 292.0
456.0 292.0 456.0 294.0 458.0 294.0 458.0 292.0
458.0 292.0 458.0 294.0 460.0 294.0 460.0 292.0
460.0 292.0 460.0 294.0 462.0 294.0 462.0 292.0
462.0 292.0 462.0 294.0 464.0 294.0 464.0 292.0
464.0 292.0 464.0 294.0 466.0 294.0 466.0 292.0
466.0 292.0 466.0 294.0 468.0 294.0 468.0 292.0
468.0 292.0 468.0 294.0 470.0 294.0 470.0 292.0
470.0 292.0 470.0 294.0 472.0 294.0 472.0 292.0
472.0 292.0 472.0 294.0 474.0 294.0 474.0 292.0
474.0 292.0 474.0 294.0 476.0 294.0 476.0 292.0
476.0 292.0 476.0 294.0 478.0 294.0 478.0 292.0
478.0 292.0 478.0 294.0 480.0 294.0 480.0 292.0
480.0 292.0 480.0 294.0 482.0 294.0 482.0 292.0
482.0 292.0 482.0 294.0 484.0 294.0 484.0 292.0
484.0 292.0 484.0 294.0 486.0 294.0 486.0 292.0
486.0 292.0 486.0 294.0 488.0 294.0 488.0 292.0
488.0 292.0 488.0 294.0 490.0 294.0 490.0 292.0
490.0 292.0 490.0 294.0 492.0 294.0 492.0 292.0
492.0 292.0 492.0 294.0 494.0 294.0 494.0 292.0
494.0 292.0 494.0 294.0 496.0 294.0 496.0 292.0
496.0 292.0 496.0 294.0 498.0 294.0 498.0 292.0
498.0 292.0 498.0 294.0 500.0 294.0 500.0 292.0
500.0 292.0 500.0 294.0 502.0 294.0 502.0 292.0
502.0 292.0 502.0 294.0 504.0 294.0 504.0 292.0
504.0 292.0 504.0 294.0 506.0 294.0 506.0 292.0
506.0 292.0 506.0 294.0 508.0 294.0 508.0 292.0
508.0 292.0 508.0 294.0 510.0 294.0 510.0 292.0
510.0 292.0 510.0 294.0 512.0 294.0 512.0 292.0
0.0 294.0 0.0 296.0 2.0 296.0 2.0 294.0
2.0 294.0 2.0 296.0 4.0 296.0 4.0 294.0
4.0 294.0 4.0 296.0 6.0 296.0 6.0 294.0
6.0 294.0 6.0 296.0 8.0 296.0 8.0 294.0
8.0 294.0 8.0 296.0 10.0 296.0 10.0 294.0
10.0 294.0 10.0 296.0 12.0 296.0 12.0 294.0
12.0 294.0 12.0 296.0 14.0 296.0 14.0 294.0
14.0 294.0 14.0 296.0 16.0 296.0 16.0 294.0
16.0 294.0 16.0 296.0 18.0 296.0 18.0 294.0
18.0 294.0 18.0 296.0 20.0 296.0 20.0 294.0
20.0 294.0 20.0 296.0 22.0 296.0 22.0 294.0
22.0 294.0 22.0 296.0 24.0 296.0 24.0 294.0
24.0 294.0 24.0 296.0 26.0 296.0 26.0 294.0
26.0 294.0 26.0 296.0 28.0 296.0 28.0 294.0
28.0 294.0 28.0 296.0 30.0 296.0 30.0 294.0
30.0 294.0 30.0 296.0 32.0 296.0 32.0 294.0
32.0 294.0 32.0 296.0 34.0 296.0 34.0 294.0
34.0 294.0 34.0 296.0 36.0 296.0 36.0 294.0
36.0 294.0 36.0 296.0 38.0 296.0 38.0 294.0
38.0 294.0 38.0 296.0 40.0 296.0 40.0 294.0
40.0 294.0 40.0 296.0 42.0 296.0 42.0 294.0
42.0 294.0 42.0 296.0 44.0 296.0 44.0 294.0
44.0 294.0 44.0 296.0 46.0 296.0 46.0 294.0
46.0 294.0 46.0 296.0 48.0 296.0 48.0 294.0
48.0 294.0 48.0 296.0 50.0 296.0 50.0 294.0
50.0 294.0 50.0 296.0 52.0 296.0 52.0 294.0
52.0 294.0 52.0 296.0 54.0 296.0 54.0 294.0
54.0 294.0 54.0 296.0 56.0 296.0 56.0 294.0
56.0 294.0 56.0 296.0 58.0 296.0 58.0 294.0
58.0 294.0 58.0 296.0 60.0 296.0 60.0 294.0
158.0 294.0 158.0 296.0 160.0 296.0 160.0 294.0
160.0 294.0 160.0 296.0 162.0 296.0 162.0 294.0
162.0 294.0 162.0 296.0 164.0 296.0 164.0 294.0
164.0 294.0 164.0 296.0 166.0 296.0 166.0 294.0
166.0 294.0 166.0 296.0 168.0 296.0 168.0 294.0
168.0 294.0 168.0 296.0 170.0 296.0 170.0 294.0
170.0 294.0 170.0 296.0 172.0 296.0 172.0 294.0
172.0 294.0 172.0 296.0 174.0 296.0 174.0 294.0
174.0 294.0 174.0 296.0 176.0 296.0 176.0 294.0
176.0 294.0 176.0 296.0 178.0 296.0 178.0 294.0
178.0 294.0 178.0 296.0 180.0 296.0 180.0 294.0
180.0 294.0 180.0 296.0 182.0 296.0 182.0 294.0
182.0 294.0 182.0 296.0 184.0 296.0 184.0 294.0
230.0 294.0 230.0 296.0 232.0 296.0 232.0 294.0
232.0 294.0 232.0 296.0 234.0 296.0 234.0 294.0
234.0 294.0 234.0 296.0 236.0 296.0 236.0 294.0
236.0 294.0 236.0 296.0 238.0 296.0 238.0 294.0
238.0 294.0 238.0 296.0 240.0 296.0 240.0 294.0
240.0 294.0 240.0 296.0 242.0 296.0 242.0 294.0
242.0 294.0 242.0 296.0 244.0 296.0 244.0 294.0
244.0 294.0 244.0 296.0 246.0 296.0 246.0 294.0
246.0 294.0 246.0 296.0 248.0 296.0 248.0 294.0
248.0 294.0 248.0 296.0 250.0 296.0 250.0 294.0
250.0 294.0 250.0 296.0 252.0 296.0 252.0 294.0
252.0 294.0 252.0 296.0 254.0 296.0 254.0 294.0
254.0 294.0 254.0 296.0 256.0 296.0 256.0 294.0
256.0 294.0 256.0 296.0 258.0 296.0 258.0 294.0
258.0 294.0 258.0 296.0 260.0 296.0 260.0 294.0
260.0 294.0 260.0 296.0 262.0 296.0 262.0 294.0
262.0 294.0 262.0 296.0 264.0 296.0 264.0 294.0
264.0 294.0 264.0 296.0 266.0 296.0 266.0 294.0
266.0 294.0 266.0 296.0 268.0 296.0 268.0 294.0
268.0 294.0 268.0 296.0 270.0 296.0 270.0 294.0
270.0 294.0 270.0 296.0 272.0 296.0 272.0 294.0
272.0 294.0 272.0 296.0 274.0 296.0 274.0 294.0
274.0 294.0 274.0 296.0 276.0 296.0 276.0 294.0
276.0 294.0 276.0 296.0 278.0 296.0 278.0 294.0
278.0 294.0 278.0 296.0 280.0 296.0 280.0 294.0
280.0 294.0 280.0 296.0 282.0 296.0 282.0 294.0
282.0 294.0 282.0 296.0 284.0 296.0 284.0 294.0
284.0 294.0 284.0 296.0 286.0 296.0 286.0 294.0
286.0 294.0 286.0 296.0 288.0 296.0 288.0 294.0
288.0 294.0 288.0 296.0 290.0 296.0 290.0 294.0
290.0 294.0 290.0 296.0 292.0 296.0 292.0 294.0
292.0 294.0 292.0 296.0 294.0 296.0 294.0 294.0
294.0 294.0 294.0 296.0 296.0 296.0 296.0 294.0
296.0 294.0 296.0 296.0 298.0 296.0 298.0 294.0
298.0 294.0 298.0 296.0 300.0 296.0 300.0 294.0
300.0 294.0 300.0 296.0 302.0 296.0 302.0 294.0
302.0 294.0 302.0 296.0 304.0 296.0 304.0 294.0
304.0 294.0 304.0 296.0 306.0 296.0 306.0 294.0
306.0 294.0 306.0 296.0 308.0 296.0 308.0 294.0
308.0 294.0 308.0 296.0 310.0 296.0 310.0 294.0
310.0 294.0 310.0 296.0 312.0 296.0 312.0 294.0
312.0 294.0 312.0 296.0 314.0 296.0 314.0 294.0
314.0 294.0 314.0 296.0 316.0 296.0 316.0 294.0
316.0 294.0 316.0 296.0 318.0 296.0 318.0 294.0
318.0 294.0 318.0 296.0 320.0 296.0 320.0 294.0
320.0 294.0 320.0 296.0 322.0 296.0 322.0 294.0
322.0 294.0 322.0 296.0 324.0 296.0 324.0 294.0
324.0 294.0 324.0 296.0 326.0 296.0 326.0 294.0
326.0 294.0 326.0 296.0 328.0 296.0 328.0 294.0
328.0 294.0 328.0 296.0 330.0 296.0 330.0 294.0
330.0 294.0 330.0 296.0 332.0 296.0 332.0 294.0
332.0 294.0 332.0 296.0 334.0 296.0 334.0 294.0
334.0 294.0 334.0 296.0 336.0 296.0 336.0 294.0
336.0 294.0 336.0 296.0 338.0 296.0 338.0 294.0
338.0 294.0 338.0 296.0 340.0 296.0 340.0 294.0
340.0 294.0 340.0 296.0 342.0 296.0 342.0 294.0
342.0 294.0 342.0 296.0 344.0 296.0 344.0 294.0
344.0 294.0 344.0 296.0 346.0 296.0 346.0 294.0
346.0 294.0 346.0 296.0 348.0 296.0 348.0 294.0
348.0 294.0 348.0 296.0 350.0 296.0 350.0 294.0
350.0 294.0 350.0 296.0 352.0 296.0 352.0 294.0
352.0 294.0 352.0 296.0 354.0 296.0 354.0 294.0
452.0 294.0 452.0 296.0 454.0 296.0 454.0 294.0
454.0 294.0 454.0 296.0 456.0 296.0 456.0 294.0
456.0 294.0 456.0 296.0 458.0 296.0 458.0 294.0
458.0 294.0 458.0 296.0 460.0 296.0 460.0 294.0
460.0 294.0 460.0 296.0 462.0 296.0 462.0 294.0
462.0 294.0 462.0 296.0 464.0 296.0 464.0 294.0
464.0 294.0 464.0 296.0 466.0 296.0 466.0 294.0
466.0 294.0 466.0 296.0 468.0 296.0 468.0 294.0
468.0 294.0 468.0 296.0 470.0 296.0 470.0 294.0
470.0 294.0 470.0 296.0 472.0 296.0 472.0 294.0
472.0 294.0 472.0 296.0 474.0 296.0 474.0 294.0
474.0 294.0 474.0 296.0 476.0 296.0 476.0 294.0
476.0 294.0 476.0 296.0 478.0 296.0 478.0 294.0
478.0 294.0 478.0 296.0 480.0 296.0 480.0 294.0
480.0 294.0 480.0 296.0 482.0 296.0 482.0 294.0
482.0 294.0 482.0 296.0 484.0 296.0 484.0 294.0
484.0 294.0 484.0 296.0 486.0 296.0 486.0 294.0
486.0 294.0 486.0 296.0 488.0 296.0 488.0 294.0
488.0 294.0 488.0 296.0 490.0 296.0 490.0 294.0
490.0 294.0 490.0 296.0 492.0 296.0 492.0 294.0
492.0 294.0 492.0 296.0 494.0 296.0 494.0 294.0
494.0 294.0 494.0 296.0 496.0 296.0 496.0 294.0
496.0 294.0 496.0 296.0 498.0 296.0 498.0 294.0
498.0 294.0 498.0 296.0 500.0 296.0 500.0 294.0
500.0 294.0 500.0 296.0 502.0 296.0 502.0 294.0
502.0 294.0 502.0 296.0 504.0 296.0 504.0 294.0
504.0 294.0 504.0 296.0 506.0 296.0 506.0 294.0
506.0 294.0 506.0 296.0 508.0 296.0 508.0 294.0
508.0 294.0 508.0 296.0 510.0 296.0 510.0 294.0
510.0 294.0 510.0 296.0 512.0 296.0 512.0 294.0
0.0 296.0 0.0 298.0 2.0 298.0 2.0 296.0
2.0 296.0 2.0 298.0 4.0 298.0 4.0 296.0
4.0 296.0 4.0 298.0 6.0 298.0 6.0 296.0
6.0 296.0 6.0 298.0 8.0 298.0 8.0 296.0
8.0 296.0 8.0 298.0 10.0 298.0 10.0 296.0
10.0 296.0 10.0 298.0 12.0 298.0 12.0 296.0
12.0 296.0 12.0 298.0 14.0 298.0 14.0 296.0
14.0 296.0 14.0 298.0 16.0 298.0 16.0 296.0
16.0 296.0 16.0 298.0 18.0 298.0 18.0 296.0
18.0 296.0 18.0 298.0 20.0 298.0 20.0 296.0
20.0 296.0 20.0 298.0 22.0 298.0 22.0 296.0
22.0 296.0 22.0 298.0 24.0 298.0 24.0 296.0
24.0 296.0 24.0 298.0 26.0 298.0 26.0 296.0
26.0 296.0 26.0 298.0 28.0 298.0 28.0 296.0
28.0 296.0 28.0 298.0 30.0 298.0 30.0 296.0
30.0 296.0 30.0 298.0 32.0 298.0 32.0 296.0
32.0 296.0 32.0 298.0 34.0 298.0 34.0 296.0
34.0 296.0 34.0 298.0 36.0 298.0 36.0 296.0
36.0 296.0 36.0 298.0 38.0 298.0 38.0 296.0
38.0 296.0 38.0 298.0 40.0 298.0 40.0 296.0
40.0 296.0 40.0 298.0 42.0 298.0 42.0 296.0
42.0 296.0 42.0 298.0 44.0 298.0 44.0 296.0
44.0 296.0 44.0 298.0 46.0 298.0 46.0 296.0
46.0 296.0 46.0 298.0 48.0 298.0 48.0 296.0
48.0 296.0 48.0 298.0 50.0 298.0 50.0 296.0
50.0 296.0 50.0 298.0 52.0 298.0 52.0 296.0
52.0 296.0 52.0 298.0 54.0 298.0 54.0 296.0
54.0 296.0 54.0 298.0 56.0 298.0 56.0 296.0
56.0 296.0 56.0 298.0 58.0 298.0 58.0 296.0
58.0 296.0 58.0 298.0 60.0 298.0 60.0 296.0
160.0 296.0 160.0 298.0 162.0 298.0 162.0 296.0
162.0 296.0 162.0 298.0 164.0 298.0 164.0 296.0
164.0 296.0 164.0 298.0 166.0 298.0 166.0 296.0
166.0 296.0 166.0 298.0 168.0 298.0 168.0 296.0
168.0 296.0 168.0 298.0 170.0 298.0 170.0 296.0
170.0 296.0 170.0 298.0 172.0 298.0 172.0 296.0
172.0 296.0 172.0 298.0 174.0 298.0 174.0 296.0
174.0 296.0 174.0 298.0 176.0 298.0 176.0 296.0
176.0 296.0 176.0 298.0 178.0 298.0 178.0 296.0
178.0 296.0 178.0 298.0 180.0 298.0 180.0 296.0
180.0 296.0 180.0 298.0 182.0 298.0 182.0 296.0
232.0 296.0 232.0 298.0 234.0 298.0 234.0 296.0
234.0 296.0 234.0 298.0 236.0 298.0 236.0 296.0
236.0 296.0 236.0 298.0 238.0 298.0 238.0 296.0
238.0 296.0 238.0 298.0 240.0 298.0 240.0 296.0
240.0 296.0 240.0 298.0 242.0 298.0 242.0 296.0
242.0 296.0 242.0 298.0 244.0 298.0 244.0 296.0
244.0 296.0 244.0 298.0 246.0 298.0 246.0 296.0
246.0 296.0 246.0 298.0 248.0 298.0 248.0 296.0
248.0 296.0 248.0 298.0 250.0 298.0 250.0 296.0
250.0 296.0 250.0 298.0 252.0 298.0 252.0 296.0
252.0 296.0 252.0 298.0 254.0 298.0 254.0 296.0
254.0 296.0 254.0 298.0 256.0 298.0 256.0 296.0
256.0 296.0 256.0 298.0 258.0 298.0 258.0 296.0
258.0 296.0 258.0 298.0 260.0 298.0 260.0 296.0
260.0 296.0 260.0 298.0 262.0 298.0 262.0 296.0
262.0 296.0 262.0 298.0 264.0 298.0 264.0 296.0
264.0 296.0 264.0 298.0 266.0 298.0 266.0 296.0
266.0 296.0 266.0 298.0 268.0 298.0 268.0 296.0
268.0 296.0 268.0 298.0 270.0 298.0 270.0 296.0
270.0 296.0 270.0 298.0 272.0 298.0 272.0 296.0
272.0 296.0 272.0 298.0 274.0 298.0 274.0 296.0
274.0 296.0 274.0 298.0 276.0 298.0 276.0 296.0
276.0 296.0 276.0 298.0 278.0 298.0 278.0 296.0
278.0 296.0 278.0 298.0 280.0 298.0 280.0 296.0
280.0 296.0 280.0 298.0 282.0 298.0 282.0 296.0
282.0 296.0 282.0 298.0 284.0 298.0 284.0 296.0
284.0 296.0 284.0 298.0 286.0 298.0 286.0 296.0
286.0 296.0 286.0 298.0 288.0 298.0 288.0 296.0
288.0 296.0 288.0 298.0 290.0 298.0 290.0 296.0
290.0 296.0 290.0 298.0 292.0 298.0 292.0 296.0
292.0 296.0 292.0 298.0 294.0 298.0 294.0 296.0
294.0 296.0 294.0 298.0 296.0 298.0 296.0 296.0
296.0 296.0 296.0 298.0 298.0 298.0 298.0 296.0
298.0 296.0 298.0 298.0 300.0 298.0 300.0 296.0
300.0 296.0 300.0 298.0 302.0 298.0 302.0 296.0
302.0 296.0 302.0 298.0 304.0 298.0 304.0 296.0
304.0 296.0 304.0 298.0 306.0 298.0 306.0 296.0
306.0 296.0 306.0 298.0 308.0 298.0 308.0 296.0
308.0 296.0 308.0 298.0 310.0 298.0 310.0 296.0
310.0 296.0 310.0 298.0 312.0 298.0 312.0 296.0
312.0 296.0 312.0 298.0 314.0 298.0 314.0 296.0
314.0 296.0 314.0 298.0 316.0 298.0 316.0 296.0
316.0 296.0 316.0 298.0 318.0 298.0 318.0 296.0
318.0 296.0 318.0 298.0 320.0 298.0 320.0 296.0
320.0 296.0 320.0 298.0 322.0 298.0 322.0 296.0
322.0 296.0 322.0 298.0 324.0 298.0 324.0 296.0
324.0 296.0 324.0 298.0 326.0 298.0 326.0 296.0
346.0 296.0 346.0 298.0 348.0 298.0 348.0 296.0
348.0 296.0 348.0 298.0 350.0 298.0 350.0 296.0
350.0 296.0 350.0 298.0 352.0 298.0 352.0 296.0
452.0 296.0 452.0 298.0 454.0 298.0 454.0 296.0
454.0 296.0 454.0 298.0 456.0 298.0 456.0 296.0
456.0 296.0 456.0 298.0 458.0 298.0 458.0 296.0
458.0 296.0 458.0 298.0 460.0 298.0 460.0 296.0
460.0 296.0 460.0 298.0 462.0 298.0 462.0 296.0
462.0 296.0 462.0 298.0 464.0 298.0 464.0 296.0
464.0 296.0 464.0 298.0 466.0 298.0 466.0 296.0
466.0 296.0 466.0 298.0 468.0 298.0 468.0 296.0
468.0 296.0 468.0 298.0 470.0 298.0 470.0 296.0
470.0 296.0 470.0 298.0 472.0 298.0 472.0 296.0
472.0 296.0 472.0 298.0 474.0 298.0 474.0 296.0
474.0 296.0 474.0 298.0 476.0 298.0 476.0 296.0
476.0 296.0 476.0 298.0 478.0 298.0 478.0 296.0
478.0 296.0 478.0 298.0 480.0 298.0 480.0 296.0
480.0 296.0 480.0 298.0 482.0 298.0 482.0 296.0
482.0 296.0 482.0 298.0 484.0 298.0 484.0 296.0
484.0 296.0 484.0 298.0 486.0 298.0 486.0 296.0
486.0 296.0 486.0 298.0 488.0 298.0 488.0 296.0
488.0 296.0 488.0 298.0 490.0 298.0 490.0 296.0
490.0 296.0 490.0 298.0 492.0 298.0 492.0 296.0
492.0 296.0 492.0 298.0 494.0 298.0 494.0 296.0
494.0 296.0 494.0 298.0 496.0 298.0 496.0 296.0
496.0 296.0 496.0 298.0 498.0 298.0 498.0 296.0
498.0 296.0 498.0 298.0 500.0 298.0 500.0 296.0
500.0 296.0 500.0 298.0 502.0 298.0 502.0 296.0
502.0 296.0 502.0 298.0 504.0 298.0 504.0 296.0
504.0 296.0 504.0 298.0 506.0 298.0 506.0 296.0
506.0 296.0 506.0 298.0 508.0 298.0 508.0 296.0
508.0 296.0 508.0 298.0 510.0 298.0 510.0 296.0
510.0 296.0 510.0 298.0 512.0 298.0 512.0 296.0
0.0 298.0 0.0 300.0 2.0 300.0 2.0 298.0
2.0 298.0 2.0 300.0 4.0 300.0 4.0 298.0
4.0 298.0 4.0 300.0 6.0 300.0 6.0 298.0
6.0 298.0 6.0 300.0 8.0 300.0 8.0 298.0
8.0 298.0 8.0 300.0 10.0 300.0 10.0 298.0
10.0 298.0 10.0 300.0 12.0 300.0 12.0 298.0
12.0 298.0 12.0 300.0 14.0 300.0 14.0 298.0
14.0 298.0 14.0 300.0 16.0 300.0 16.0 298.0
16.0 298.0 16.0 300.0 18.0 300.0 18.0 298.0
18.0 298.0 18.0 300.0 20.0 300.0 20.0 298.0
20.0 298.0 20.0 300.0 22.0 300.0 22.0 298.0
22.0 298.0 22.0 300.0 24.0 300.0 24.0 298.0
24.0 298.0 24.0 300.0 26.0 300.0 26.0 298.0
26.0 298.0 26.0 300.0 28.0 300.0 28.0 298.0
28.0 298.0 28.0 300.0 30.0 300.0 30.0 298.0
30.0 298.0 30.0 300.0 32.0 300.0 32.0 298.0
32.0 298.0 32.0 300.0 34.0 300.0 34.0 298.0
34.0 298.0 34.0 300.0 36.0 300.0 36.0 298.0
36.0 298.0 36.0 300.0 38.0 300.0 38.0 298.0
38.0 298.0 38.0 300.0 40.0 300.0 40.0 298.0
40.0 298.0 40.0 300.0 42.0 300.0 42.0 298.0
42.0 298.0 42.0 300.0 44.0 300.0 44.0 298.0
44.0 298.0 44.0 300.0 46.0 300.0 46.0 298.0
46.0 298.0 46.0 300.0 48.0 300.0 48.0 298.0
48.0 298.0 48.0 300.0 50.0 300.0 50.0 298.0
50.0 298.0 50.0 300.0 52.0 300.0 52.0 298.0
52.0 298.0 52.0 300.0 54.0 300.0 54.0 298.0
54.0 298.0 54.0 300.0 56.0 300.0 56.0 298.0
56.0 298.0 56.0 300.0 58.0 300.0 58.0 298.0
58.0 298.0 58.0 300.0 60.0 300.0 60.0 298.0
160.0 298.0 160.0 300.0 162.0 300.0 162.0 298.0
162.0 298.0 162.0 300.0 164.0 300.0 164.0 298.0
164.0 298.0 164.0 300.0 166.0 300.0 166.0 298.0
166.0 298.0 166.0 300.0 168.0 300.0 168.0 298.0
168.0 298.0 168.0 300.0 170.0 300.0 170.0 298.0
170.0 298.0 170.0 300.0 172.0 300.0 172.0 298.0
172.0 298.0 172.0 300.0 174.0 300.0 174.0 298.0
174.0 298.0 174.0 300.0 176.0 300.0 176.0 298.0
176.0 298.0 176.0 300.0 178.0 300.0 178.0 298.0
232.0 298.0 232.0 300.0 234.0 300.0 234.0 298.0
234.0 298.0 234.0 300.0 236.0 300.0 236.0 298.0
236.0 298.0 236.0 300.0 238.0 300.0 238.0 298.0
238.0 298.0 238.0 300.0 240.0 300.0 240.0 298.0
240.0 298.0 240.0 300.0 242.0 300.0 242.0 298.0
242.0 298.0 242.0 300.0 244.0 300.0 244.0 298.0
244.0 298.0 244.0 300.0 246.0 300.0 246.0 298.0
246.0 298.0 246.0 300.0 248.0 300.0 248.0 298.0
248.0 298.0 248.0 300.0 250.0 300.0 250.0 298.0
250.0 298.0 250.0 300.0 252.0 300.0 252.0 298.0
252.0 298.0 252.0 300.0 254.0 300.0 254.0 298.0
254.0 298.0 254.0 300.0 256.0 300.0 256.0 298.0
256.0 298.0 256.0 300.0 258.0 300.0 258.0 298.0
258.0 298.0 258.0 300.0 260.0 300.0 260.0 298.0
260.0 298.0 260.0 300.0 262.0 300.0 262.0 298.0
262.0 298.0 262.0 300.0 264.0 300.0 264.0 298.0
264.0 298.0 264.0 300.0 266.0 300.0 266.0 298.0
266.0 298.0 266.0 300.0 268.0 300.0 268.0 298.0
268.0 298.0 268.0 300.0 270.0 300.0 270.0 298.0
270.0 298.0 270.0 300.0 272.0 300.0 272.0 298.0
272.0 298.0 272.0 300.0 274.0 300.0 274.0 298.0
274.0 298.0 274.0 300.0 276.0 300.0 276.0 298.0
276.0 298.0 276.0 300.0 278.0 300.0 278.0 298.0
278.0 298.0 278.0 300.0 280.0 300.0 280.0 298.0
280.0 298.0 280.0 300.0 282.0 300.0 282.0 298.0
282.0 298.0 282.0 300.0 284.0 300.0 284.0 298.0
284.0 298.0 284.0 300.0 286.0 300.0 286.0 298.0
286.0 298.0 286.0 300.0 288.0 300.0 288.0 298.0
288.0 298.0 288.0 300.0 290.0 300.0 290.0 298.0
290.0 298.0 290.0 300.0 292.0 300.0 292.0 298.0
292.0 298.0 292.0 300.0 294.0 300.0 294.0 298.0
294.0 298.0 294.0 300.0 296.0 300.0 296.0 298.0
296.0 298.0 296.0 300.0 298.0 300.0 298.0 298.0
298.0 298.0 298.0 300.0 300.0 300.0 300.0 298.0
300.0 298.0 300.0 300.0 302.0 300.0 302.0 298.0
302.0 298.0 302.0 300.0 304.0 300.0 304.0 298.0
304.0 298.0 304.0 300.0 306.0 300.0 306.0 298.0
306.0 298.0 306.0 300.0 308.0 300.0 308.0 298.0
308.0 298.0 308.0 300.0 310.0 300.0 310.0 298.0
310.0 298.0 310.0 300.0 312.0 300.0 312.0 298.0
312.0 298.0 312.0 300.0 314.0 300.0 314.0 298.0
314.0 298.0 314.0 300.0 316.0 300.0 316.0 298.0
316.0 298.0 316.0 300.0 318.0 300.0 318.0 298.0
318.0 298.0 318.0 300.0 320.0 300.0 320.0 298.0
320.0 298.0 320.0 300.0 322.0 300.0 322.0 298.0
322.0 298.0 322.0 300.0 324.0 300.0 324.0 298.0
348.0 298.0 348.0 300.0 350.0 300.0 350.0 298.0
350.0 298.0 350.0 300.0 352.0 300.0 352.0 298.0
452.0 298.0 452.0 300.0 454.0 300.0 454.0 298.0
454.0 298.0 454.0 300.0 456.0 300.0 456.0 298.0
456.0 298.0 456.0 300.0 458.0 300.0 458.0 298.0
458.0 298.0 458.0 300.0 460.0 300.0 460.0 298.0
460.0 298.0 460.0 300.0 462.0 300.0 462.0 298.0
462.0 298.0 462.0 300.0 464.0 300.0 464.0 298.0
464.0 298.0 464.0 300.0 466.0 300.0 466.0 298.0
466.0 298.0 466.0 300.0 468.0 300.0 468.0 298.0
468.0 298.0 468.0 300.0 470.0 300.0 470.0 298.0
470.0 298.0 470.0 300.0 472.0 300.0 472.0 298.0
472.0 298.0 472.0 300.0 474.0 300.0 474.0 298.0
474.0 298.0 474.0 300.0 476.0 300.0 476.0 298.0
476.0 298.0 476.0 300.0 478.0 300.0 478.0 298.0
478.0 298.0 478.0 300.0 480.0 300.0 480.0 298.0
480.0 298.0 480.0 300.0 482.0 300.0 482.0 298.0
482.0 298.0 482.0 300.0 484.0 300.0 484.0 298.0
484.0 298.0 484.0 300.0 486.0 300.0 486.0 298.0
486.0 298.0 486.0 300.0 488.0 300.0 488.0 298.0
488.0 298.0 488.0 300.0 490.0 300.0 490.0 298.0
490.0 298.0 490.0 300.0 492.0 300.0 492.0 298.0
492.0 298.0 492.0 300.0 494.0 300.0 494.0 298.0
494.0 298.0 494.0 300.0 496.0 300.0 496.0 298.0
496.0 298.0 496.0 300.0 498.0 300.0 498.0 298.0
498.0 298.0 498.0 300.0 500.0 300.0 500.0 298.0
500.0 298.0 500.0 300.0 502.0 300.0 502.0 298.0
502.0 298.0 502.0 300.0 504.0 300.0 504.0 298.0
504.0 298.0 504.0 300.0 506.0 300.0 506.0 298.0
506.0 298.0 506.0 300.0 508.0 300.0 508.0 298.0
508.0 298.0 508.0 300.0 510.0 300.0 510.0 298.0
510.0 298.0 510.0 300.0 512.0 300.0 512.0 298.0
0.0 300.0 0.0 302.0 2.0 302.0 2.0 300.0
2.0 300.0 2.0 302.0 4.0 302.0 4.0 300.0
4.0 300.0 4.0 302.0 6.0 302.0 6.0 300.0
6.0 300.0 6.0 302.0 8.0 302.0 8.0 300.0
8.0 300.0 8.0 302.0 10.0 302.0 10.0 300.0
10.0 300.0 10.0 302.0 12.0 302.0 12.0 300.0
12.0 300.0 12.0 302.0 14.0 302.0 14.0 300.0
14.0 300.0 14.0 302.0 16.0 302.0 16.0 300.0
16.0 300.0 16.0 302.0 18.0 302.0 18.0 300.0
18.0 300.0 18.0 302.0 20.0 302.0 20.0 300.0
20.0 300.0 20.0 302.0 22.0 302.0 22.0 300.0
22.0 300.0 22.0 302.0 24.0 302.0 24.0 300.0
24.0 300.0 24.0 302.0 26.0 302.0 26.0 300.0
26.0 300.0 26.0 302.0 28.0 302.0 28.0 300.0
28.0 300.0 28.0 302.0 30.0 302.0 30.0 300.0
30.0 300.0 30.0 302.0 32.0 302.0 32.0 300.0
32.0 300.0 32.0 302.0 34.0 302.0 34.0 300.0
34.0 300.0 34.0 302.0 36.0 302.0 36.0 300.0
36.0 300.0 36.0 302.0 38.0 302.0 38.0 300.0
38.0 300.0 38.0 302.0 40.0 302.0 40.0 300.0
40.0 300.0 40.0 302.0 42.0 302.0 42.0 300.0
42.0 300.0 42.0 302.0 44.0 302.0 44.0 300.0
44.0 300.0 44.0 302.0 46.0 302.0 46.0 300.0
46.0 300.0 46.0 302.0 48.0 302.0 48.0 300.0
48.0 300.0 48.0 302.0 50.0 302.0 50.0 300.0
50.0 300.0 50.0 302.0 52.0 302.0 52.0 300.0
52.0 300.0 52.0 302.0 54.0 302.0 54.0 300.0
54.0 300.0 54.0 302.0 56.0 302.0 56.0 300.0
56.0 300.0 56.0 302.0 58.0 302.0 58.0 300.0
58.0 300.0 58.0 302.0 60.0 302.0 60.0 300.0
160.0 300.0 160.0 302.0 162.0 302.0 162.0 300.0
162.0 300.0 162.0 302.0 164.0 302.0 164.0 300.0
164.0 300.0 164.0 302.0 166.0 302.0 166.0 300.0
166.0 300.0 166.0 302.0 168.0 302.0 168.0 300.0
168.0 300.0 168.0 302.0 170.0 302.0 170.0 300.0
170.0 300.0 170.0 302.0 172.0 302.0 172.0 300.0
234.0 300.0 234.0 302.0 236.0 302.0 236.0 300.0
236.0 300.0 236.0 302.0 238.0 302.0 238.0 300.0
238.0 300.0 238.0 302.0 240.0 302.0 240.0 300.0
240.0 300.0 240.0 302.0 242.0 302.0 242.0 300.0
242.0 300.0 242.0 302.0 244.0 302.0 244.0 300.0
244.0 300.0 244.0 302.0 246.0 302.0 246.0 300.0
246.0 300.0 246.0 302.0 248.0 302.0 248.0 300.0
248.0 300.0 248.0 302.0 250.0 302.0 250.0 300.0
250.0 300.0 250.0 302.0 252.0 302.0 252.0 300.0
252.0 300.0 252.0 302.0 254.0 302.0 254.0 300.0
254.0 300.0 254.0 302.0 256.0 302.0 256.0 300.0
256.0 300.0 256.0 302.0 258.0 302.0 258.0 300.0
258.0 300.0 258.0 302.0 260.0 302.0 260.0 300.0
260.0 300.0 260.0 302.0 262.0 302.0 262.0 300.0
262.0 300.0 262.0 302.0 264.0 302.0 264.0 300.0
264.0 300.0 264.0 302.0 266.0 302.0 266.0 300.0
266.0 300.0 266.0 302.0 268.0 302.0 268.0 300.0
268.0 300.0 268.0 302.0 270.0 302.0 270.0 300.0
270.0 300.0 270.0 302.0 272.0 302.0 272.0 300.0
272.0 300.0 272.0 302.0 274.0 302.0 274.0 300.0
274.0 300.0 274.0 302.0 276.0 302.0 276.0 300.0
276.0 300.0 276.0 302.0 278.0 302.0 278.0 300.0
278.0 300.0 278.0 302.0 280.0 302.0 280.0 300.0
280.0 300.0 280.0 302.0 282.0 302.0 282.0 300.0
282.0 300.0 282.0 302.0 284.0 302.0 284.0 300.0
284.0 300.0 284.0 302.0 286.0 302.0 286.0 300.0
286.0 300.0 286.0 302.0 288.0 302.0 288.0 300.0
288.0 300.0 288.0 302.0 290.0 302.0 290.0 300.0
290.0 300.0 290.0 302.0 292.0 302.0 292.0 300.0
292.0 300.0 292.0 302.0 294.0 302.0 294.0 300.0
294.0 300.0 294.0 302.0 296.0 302.0 296.0 300.0
296.0 300.0 296.0 302.0 298.0 302.0 298.0 300.0
298.0 300.0 298.0 302.0 300.0 302.0 300.0 300.0
300.0 300.0 300.0 302.0 302.0 302.0 302.0 300.0
302.0 300.0 302.0 302.0 304.0 302.0 304.0 300.0
304.0 300.0 304.0 302.0 306.0 302.0 306.0 300.0
306.0 300.0 306.0 302.0 308.0 302.0 308.0 300.0
308.0 300.0 308.0 302.0 310.0 302.0 310.0 300.0
310.0 300.0 310.0 302.0 312.0 302.0 312.0 300.0
312.0 300.0 312.0 302.0 314.0 302.0 314.0 300.0
314.0 300.0 314.0 302.0 316.0 302.0 316.0 300.0
316.0 300.0 316.0 302.0 318.0 302.0 318.0 300.0
318.0 300.0 318.0 302.0 320.0 302.0 320.0 300.0
320.0 300.0 320.0 302.0 322.0 302.0 322.0 300.0
350.0 300.0 350.0 302.0 352.0 302.0 352.0 300.0
450.0 300.0 450.0 302.0 452.0 302.0 452.0 300.0
452.0 300.0 452.0 302.0 454.0 302.0 454.0 300.0
454.0 300.0 454.0 302.0 456.0 302.0 456.0 300.0
456.0 300.0 456.0 302.0 458.0 302.0 458.0 300.0
458.0 300.0 458.0 302.0 460.0 302.0 460.0 300.0
460.0 300.0 460.0 302.0 462.0 302.0 462.0 300.0
462.0 300.0 462.0 302.0 464.0 302.0 464.0 300.0
464.0 300.0 464.0 302.0 466.0 302.0 466.0 300.0
466.0 300.0 466.0 302.0 468.0 302.0 468.0 300.0
468.0 300.0 468.0 302.0 470.0 302.0 470.0 300.0
470.0 300.0 470.0 302.0 472.0 302.0 472.0 300.0
472.0 300.0 472.0 302.0 474.0 302.0 474.0 300.0
474.0 300.0 474.0 302.0 476.0 302.0 476.0 300.0
476.0 300.0 476.0 302.0 478.0 302.0 478.0 300.0
478.0 300.0 478.0 302.0 480.0 302.0 480.0 300.0
480.0 300.0 480.0 302.0 482.0 302.0 482.0 300.0
482.0 300.0 482.0 302.0 484.0 302.0 484.0 300.0
484.0 300.0 484.0 302.0 486.0 302.0 486.0 300.0
486.0 300.0 486.0 302.0 488.0 302.0 488.0 300.0
488.0 300.0 488.0 302.0 490.0 302.0 490.0 300.0
490.0 300.0 490.0 302.0 492.0 302.0 492.0 300.0
492.0 300.0 492.0 302.0 494.0 302.0 494.0 300.0
494.0 300.0 494.0 302.0 496.0 302.0 496.0 300.0
496.0 300.0 496.0 302.0 498.0 302.0 498.0 300.0
498.0 300.0 498.0 302.0 500.0 302.0 500.0 300.0
500.0 300.0 500.0 302.0 502.0 302.0 502.0 300.0
502.0 300.0 502.0 302.0 504.0 302.0 504.0 300.0
504.0 300.0 504.0 302.0 506.0 302.0 506.0 300.0
506.0 300.0 506.0 302.0 508.0 302.0 508.0 300.0
508.0 300.0 508.0 302.0 510.0 302.0 510.0 300.0
510.0 300.0 510.0 302.0 512.0 302.0 512.0 300.0
0.0 302.0 0.0 304.0 2.0 304.0 2.0 302.0
2.0 302.0 2.0 304.0 4.0 304.0 4.0 302.0
4.0 302.0 4.0 304.0 6.0 304.0 6.0 302.0
6.0 302.0 6.0 304.0 8.0 304.0 8.0 302.0
8.0 302.0 8.0 304.0 10.0 304.0 10.0 302.0
10.0 302.0 10.0 304.0 12.0 304.0 12.0 302.0
12.0 302.0 12.0 304.0 14.0 304.0 14.0 302.0
14.0 302.0 14.0 304.0 16.0 304.0 16.0 302.0
16.0 302.0 16.0 304.0 18.0 304.0 18.0 302.0
18.0 302.0 18.0 304.0 20.0 304.0 20.0 302.0
20.0 302.0 20.0 304.0 22.0 304.0 22.0 302.0
22.0 302.0 22.0 304.0 24.0 304.0 24.0 302.0
24.0 302.0 24.0 304.0 26.0 304.0 26.0 302.0
26.0 302.0 26.0 304.0 28.0 304.0 28.0 302.0
28.0 302.0 28.0 304.0 30.0 304.0 30.0 302.0
30.0 302.0 30.0 304.0 32.0 304.0 32.0 302.0
32.0 302.0 32.0 304.0 34.0 304.0 34.0 302.0
34.0 302.0 34.0 304.0 36.0 304.0 36.0 302.0
36.0 302.0 36.0 304.0 38.0 304.0 38.0 302.0
38.0 302.0 38.0 304.0 40.0 304.0 40.0 302.0
40.0 302.0 40.0 304.0 42.0 304.0 42.0 302.0
42.0 302.0 42.0 304.0 44.0 304.0 44.0 302.0
44.0 302.0 44.0 304.0 46.0 304.0 46.0 302.0
46.0 302.0 46.0 304.0 48.0 304.0 48.0 302.0
48.0 302.0 48.0 304.0 50.0 304.0 50.0 302.0
50.0 302.0 50.0 304.0 52.0 304.0 52.0 302.0
52.0 302.0 52.0 304.0 54.0 304.0 54.0 302.0
54.0 302.0 54.0 304.0 56.0 304.0 56.0 302.0
56.0 302.0 56.0 304.0 58.0 304.0 58.0 302.0
58.0 302.0 58.0 304.0 60.0 304.0 60.0 302.0
160.0 302.0 160.0 304.0 162.0 304.0 162.0 302.0
162.0 302.0 162.0 304.0 164.0 304.0 164.0 302.0
236.0 302.0 236.0 304.0 238.0 304.0 238.0 302.0
238.0 302.0 238.0 304.0 240.0 304.0 240.0 302.0
240.0 302.0 240.0 304.0 242.0 304.0 242.0 302.0
242.0 302.0 242.0 304.0 244.0 304.0 244.0 302.0
244.0 302.0 244.0 304.0 246.0 304.0 246.0 302.0
246.0 302.0 246.0 304.0 248.0 304.0 248.0 302.0
248.0 302.0 248.0 304.0 250.0 304.0 250.0 302.0
250.0 302.0 250.0 304.0 252.0 304.0 252.0 302.0
252.0 302.0 252.0 304.0 254.0 304.0 254.0 302.0
254.0 302.0 254.0 304.0 256.0 304.0 256.0 302.0
256.0 302.0 256.0 304.0 258.0 304.0 258.0 302.0
258.0 302.0 258.0 304.0 260.0 304.0 260.0 302.0
260.0 302.0 260.0 304.0 262.0 304.0 262.0 302.0
262.0 302.0 262.0 304.0 264.0 304.0 264.0 302.0
264.0 302.0 264.0 304.0 266.0 304.0 266.0 302.0
266.0 302.0 266.0 304.0 268.0 304.0 268.0 302.0
268.0 302.0 268.0 304.0 270.0 304.0 270.0 302.0
270.0 302.0 270.0 304.0 272.0 304.0 272.0 302.0
272.0 302.0 272.0 304.0 274.0 304.0 274.0 302.0
274.0 302.0 274.0 304.0 276.0 304.0 276.0 302.0
276.0 302.0 276.0 304.0 278.0 304.0 278.0 302.0
278.0 302.0 278.0 304.0 280.0 304.0 280.0 302.0
280.0 302.0 280.0 304.0 282.0 304.0 282.0 302.0
282.0 302.0 282.0 304.0 284.0 304.0 284.0 302.0
284.0 302.0 284.0 304.0 286.0 304.0 286.0 302.0
286.0 302.0 286.0 304.0 288.0 304.0 288.0 302.0
288.0 302.0 288.0 304.0 290.0 304.0 290.0 302.0
290.0 302.0 290.0 304.0 292.0 304.0 292.0 302.0
292.0 302.0 292.0 304.0 294.0 304.0 294.0 302.0
294.0 302.0 294.0 304.0 296.0 304.0 296.0 302.0
296.0 302.0 296.0 304.0 298.0 304.0 298.0 302.0
298.0 302.0 298.0 304.0 300.0 304.0 300.0 302.0
300.0 302.0 300.0 304.0 302.0 304.0 302.0 302.0
302.0 302.0 302.0 304.0 304.0 304.0 304.0 302.0
304.0 302.0 304.0 304.0 306.0 304.0 306.0 302.0
306.0 302.0 306.0 304.0 308.0 304.0 308.0 302.0
308.0 302.0 308.0 304.0 310.0 304.0 310.0 302.0
310.0 302.0 310.0 304.0 312.0 304.0 312.0 302.0
312.0 302.0 312.0 304.0 314.0 304.0 314.0 302.0
314.0 302.0 314.0 304.0 316.0 304.0 316.0 302.0
316.0 302.0 316.0 304.0 318.0 304.0 318.0 302.0
318.0 302.0 318.0 304.0 320.0 304.0 320.0 302.0
348.0 302.0 348.0 304.0 350.0 304.0 350.0 302.0
350.0 302.0 350.0 304.0 352.0 304.0 352.0 302.0
450.0 302.0 450.0 304.0 452.0 304.0 452.0 302.0
452.0 302.0 452.0 304.0 454.0 304.0 454.0 302.0
454.0 302.0 454.0 304.0 456.0 304.0 456.0 302.0
456.0 302.0 456.0 304.0 458.0 304.0 458.0 302.0
458.0 302.0 458.0 304.0 460.0 304.0 460.0 302.0
460.0 302.0 460.0 304.0 462.0 304.0 462.0 302.0
462.0 302.0 462.0 304.0 464.0 304.0 464.0 302.0
464.0 302.0 464.0 304.0 466.0 304.0 466.0 302.0
466.0 302.0 466.0 304.0 468.0 304.0 468.0 302.0
468.0 302.0 468.0 304.0 470.0 304.0 470.0 302.0
470.0 302.0 470.0 304.0 472.0 304.0 472.0 302.0
472.0 302.0 472.0 304.0 474.0 304.0 474.0 302.0
474.0 302.0 474.0 304.0 476.0 304.0 476.0 302.0
476.0 302.0 476.0 304.0 478.0 304.0 478.0 302.0
478.0 302.0 478.0 304.0 480.0 304.0 480.0 302.0
480.0 302.0 480.0 304.0 482.0 304.0 482.0 302.0
482.0 302.0 482.0 304.0 484.0 304.0 484.0 302.0
484.0 302.0 484.0 304.0 486.0 304.0 486.0 302.0
486.0 302.0 486.0 304.0 488.0 304.0 488.0 302.0
488.0 302.0 488.0 304.0 490.0 304.0 490.0 302.0
490.0 302.0 490.0 304.0 492.0 304.0 492.0 302.0
492.0 302.0 492.0 304.0 494.0 304.0 494.0 302.0
494.0 302.0 494.0 304.0 496.0 304.0 496.0 302.0
496.0 302.0 496.0 304.0 498.0 304.0 498.0 302.0
498.0 302.0 498.0 304.0 500.0 304.0 500.0 302.0
500.0 302.0 500.0 304.0 502.0 304.0 502.0 302.0
502.0 302.0 502.0 304.0 504.0 304.0 504.0 302.0
504.0 302.0 504.0 304.0 506.0 304.0 506.0 302.0
506.0 302.0 506.0 304.0 508.0 304.0 508.0 302.0
508.0 302.0 508.0 304.0 510.0 304.0 510.0 302.0
510.0 302.0 510.0 304.0 512.0 304.0 512.0 302.0
0.0 304.0 0.0 306.0 2.0 306.0 2.0 304.0
2.0 304.0 2.0 306.0 4.0 306.0 4.0 304.0
4.0 304.0 4.0 306.0 6.0 306.0 6.0 304.0
6.0 304.0 6.0 306.0 8.0 306.0 8.0 304.0
8.0 304.0 8.0 306.0 10.0 306.0 10.0 304.0
10.0 304.0 10.0 306.0 12.0 306.0 12.0 304.0
12.0 304.0 12.0 306.0 14.0 306.0 14.0 304.0
14.0 304.0 14.0 306.0 16.0 306.0 16.0 304.0
16.0 304.0 16.0 306.0 18.0 306.0 18.0 304.0
18.0 304.0 18.0 306.0 20.0 306.0 20.0 304.0
20.0 304.0 20.0 306.0 22.0 306.0 22.0 304.0
22.0 304.0 22.0 306.0 24.0 306.0 24.0 304.0
24.0 304.0 24.0 306.0 26.0 306.0 26.0 304.0
26.0 304.0 26.0 306.0 28.0 306.0 28.0 304.0
28.0 304.0 28.0 306.0 30.0 306.0 30.0 304.0
30.0 304.0 30.0 306.0 32.0 306.0 32.0 304.0
32.0 304.0 32.0 306.0 34.0 306.0 34.0 304.0
34.0 304.0 34.0 306.0 36.0 306.0 36.0 304.0
36.0 304.0 36.0 306.0 38.0 306.0 38.0 304.0
38.0 304.0 38.0 306.0 40.0 306.0 40.0 304.0
40.0 304.0 40.0 306.0 42.0 306.0 42.0 304.0
42.0 304.0 42.0 306.0 44.0 306.0 44.0 304.0
44.0 304.0 44.0 306.0 46.0 306.0 46.0 304.0
46.0 304.0 46.0 306.0 48.0 306.0 48.0 304.0
48.0 304.0 48.0 306.0 50.0 306.0 50.0 304.0
50.0 304.0 50.0 306.0 52.0 306.0 52.0 304.0
52.0 304.0 52.0 306.0 54.0 306.0 54.0 304.0
54.0 304.0 54.0 306.0 56.0 306.0 56.0 304.0
56.0 304.0 56.0 306.0 58.0 306.0 58.0 304.0
58.0 304.0 58.0 306.0 60.0 306.0 60.0 304.0
60.0 304.0 60.0 306.0 62.0 306.0 62.0 304.0
238.0 304.0 238.0 306.0 240.0 306.0 240.0 304.0
240.0 304.0 240.0 306.0 242.0 306.0 242.0 304.0
242.0 304.0 242.0 306.0 244.0 306.0 244.0 304.0
244.0 304.0 244.0 306.0 246.0 306.0 246.0 304.0
246.0 304.0 246.0 306.0 248.0 306.0 248.0 304.0
248.0 304.0 248.0 306.0 250.0 306.0 250.0 304.0
250.0 304.0 250.0 306.0 252.0 306.0 252.0 304.0
252.0 304.0 252.0 306.0 254.0 306.0 254.0 304.0
254.0 304.0 254.0 306.0 256.0 306.0 256.0 304.0
256.0 304.0 256.0 306.0 258.0 306.0 258.0 304.0
258.0 304.0 258.0 306.0 260.0 306.0 260.0 304.0
260.0 304.0 260.0 306.0 262.0 306.0 262.0 304.0
262.0 304.0 262.0 306.0 264.0 306.0 264.0 304.0
264.0 304.0 264.0 306.0 266.0 306.0 266.0 304.0
266.0 304.0 266.0 306.0 268.0 306.0 268.0 304.0
268.0 304.0 268.0 306.0 270.0 306.0 270.0 304.0
270.0 304.0 270.0 306.0 272.0 306.0 272.0 304.0
272.0 304.0 272.0 306.0 274.0 306.0 274.0 304.0
274.0 304.0 274.0 306.0 276.0 306.0 276.0 304.0
276.0 304.0 276.0 306.0 278.0 306.0 278.0 304.0
278.0 304.0 278.0 306.0 280.0 306.0 280.0 304.0
280.0 304.0 280.0 306.0 282.0 306.0 282.0 304.0
282.0 304.0 282.0 306.0 284.0 306.0 284.0 304.0
284.0 304.0 284.0 306.0 286.0 306.0 286.0 304.0
286.0 304.0 286.0 306.0 288.0 306.0 288.0 304.0
288.0 304.0 288.0 306.0 290.0 306.0 290.0 304.0
290.0 304.0 290.0 306.0 292.0 306.0 292.0 304.0
292.0 304.0 292.0 306.0 294.0 306.0 294.0 304.0
294.0 304.0 294.0 306.0 296.0 306.0 296.0 304.0
296.0 304.0 296.0 306.0 298.0 306.0 298.0 304.0
298.0 304.0 298.0 306.0 300.0 306.0 300.0 304.0
300.0 304.0 300.0 306.0 302.0 306.0 302.0 304.0
302.0 304.0 302.0 306.0 304.0 306.0 304.0 304.0
304.0 304.0 304.0 306.0 306.0 306.0 306.0 304.0
306.0 304.0 306.0 306.0 308.0 306.0 308.0 304.0
308.0 304.0 308.0 306.0 310.0 306.0 310.0 304.0
310.0 304.0 310.0 306.0 312.0 306.0 312.0 304.0
312.0 304.0 312.0 306.0 314.0 306.0 314.0 304.0
314.0 304.0 314.0 306.0 316.0 306.0 316.0 304.0
316.0 304.0 316.0 306.0 318.0 306.0 318.0 304.0
348.0 304.0 348.0 306.0 350.0 306.0 350.0 304.0
350.0 304.0 350.0 306.0 352.0 306.0 352.0 304.0
352.0 304.0 352.0 306.0 354.0 306.0 354.0 304.0
450.0 304.0 450.0 306.0 452.0 306.0 452.0 304.0
452.0 304.0 452.0 306.0 454.0 306.0 454.0 304.0
454.0 304.0 454.0 306.0 456.0 306.0 456.0 304.0
456.0 304.0 456.0 306.0 458.0 306.0 458.0 304.0
458.0 304.0 458.0 306.0 460.0 306.0 460.0 304.0
460.0 304.0 460.0 306.0 462.0 306.0 462.0 304.0
462.0 304.0 462.0 306.0 464.0 306.0 464.0 304.0
464.0 304.0 464.0 306.0 466.0 306.0 466.0 304.0
466.0 304.0 466.0 306.0 468.0 306.0 468.0 304.0
468.0 304.0 468.0 306.0 470.0 306.0 470.0 304.0
470.0 304.0 470.0 306.0 472.0 306.0 472.0 304.0
472.0 304.0 472.0 306.0 474.0 306.0 474.0 304.0
474.0 304.0 474.0 306.0 476.0 306.0 476.0 304.0
476.0 304.0 476.0 306.0 478.0 306.0 478.0 304.0
478.0 304.0 478.0 306.0 480.0 306.0 480.0 304.0
480.0 304.0 480.0 306.0 482.0 306.0 482.0 304.0
482.0 304.0 482.0 306.0 484.0 306.0 484.0 304.0
484.0 304.0 484.0 306.0 486.0 306.0 486.0 304.0
486.0 304.0 486.0 306.0 488.0 306.0 488.0 304.0
488.0 304.0 488.0 306.0 490.0 306.0 490.0 304.0
490.0 304.0 490.0 306.0 492.0 306.0 492.0 304.0
492.0 304.0 492.0 306.0 494.0 306.0 494.0 304.0
494.0 304.0 494.0 306.0 496.0 306.0 496.0 304.0
496.0 304.0 496.0 306.0 498.0 306.0 498.0 304.0
498.0 304.0 498.0 306.0 500.0 306.0 500.0 304.0
500.0 304.0 500.0 306.0 502.0 306.0 502.0 304.0
502.0 304.0 502.0 306.0 504.0 306.0 504.0 304.0
504.0 304.0 504.0 306.0 506.0 306.0 506.0 304.0
506.0 304.0 506.0 306.0 508.0 306.0 508.0 304.0
508.0 304.0 508.0 306.0 510.0 306.0 510.0 304.0
510.0 304.0 510.0 306.0 512.0 306.0 512.0 304.0
0.0 306.0 0.0 308.0 2.0 308.0 2.0 306.0
2.0 306.0 2.0 308.0 4.0 308.0 4.0 306.0
4.0 306.0 4.0 308.0 6.0 308.0 6.0 306.0
6.0 306.0 6.0 308.0 8.0 308.0 8.0 306.0
8.0 306.0 8.0 308.0 10.0 308.0 10.0 306.0
10.0 306.0 10.0 308.0 12.0 308.0 12.0 306.0
12.0 306.0 12.0 308.0 14.0 308.0 14.0 306.0
14.0 306.0 14.0 308.0 16.0 308.0 16.0 306.0
16.0 306.0 16.0 308.0 18.0 308.0 18.0 306.0
18.0 306.0 18.0 308.0 20.0 308.0 20.0 306.0
20.0 306.0 20.0 308.0 22.0 308.0 22.0 306.0
22.0 306.0 22.0 308.0 24.0 308.0 24.0 306.0
24.0 306.0 24.0 308.0 26.0 308.0 26.0 306.0
26.0 306.0 26.0 308.0 28.0 308.0 28.0 306.0
28.0 306.0 28.0 308.0 30.0 308.0 30.0 306.0
30.0 306.0 30.0 308.0 32.0 308.0 32.0 306.0
32.0 306.0 32.0 308.0 34.0 308.0 34.0 306.0
34.0 306.0 34.0 308.0 36.0 308.0 36.0 306.0
36.0 306.0 36.0 308.0 38.0 308.0 38.0 306.0
38.0 306.0 38.0 308.0 40.0 308.0 40.0 306.0
40.0 306.0 40.0 308.0 42.0 308.0 42.0 306.0
42.0 306.0 42.0 308.0 44.0 308.0 44.0 306.0
44.0 306.0 44.0 308.0 46.0 308.0 46.0 306.0
46.0 306.0 46.0 308.0 48.0 308.0 48.0 306.0
48.0 306.0 48.0 308.0 50.0 308.0 50.0 306.0
50.0 306.0 50.0 308.0 52.0 308.0 52.0 306.0
52.0 306.0 52.0 308.0 54.0 308.0 54.0 306.0
54.0 306.0 54.0 308.0 56.0 308.0 56.0 306.0
56.0 306.0 56.0 308.0 58.0 308.0 58.0 306.0
58.0 306.0 58.0 308.0 60.0 308.0 60.0 306.0
60.0 306.0 60.0 308.0 62.0 308.0 62.0 306.0
242.0 306.0 242.0 308.0 244.0 308.0 244.0 306.0
244.0 306.0 244.0 308.0 246.0 308.0 246.0 306.0
246.0 306.0 246.0 308.0 248.0 308.0 248.0 306.0
248.0 306.0 248.0 308.0 250.0 308.0 250.0 306.0
250.0 306.0 250.0 308.0 252.0 308.0 252.0 306.0
252.0 306.0 252.0 308.0 254.0 308.0 254.0 306.0
254.0 306.0 254.0 308.0 256.0 308.0 256.0 306.0
256.0 306.0 256.0 308.0 258.0 308.0 258.0 306.0
258.0 306.0 258.0 308.0 260.0 308.0 260.0 306.0
260.0 306.0 260.0 308.0 262.0 308.0 262.0 306.0
262.0 306.0 262.0 308.0 264.0 308.0 264.0 306.0
264.0 306.0 264.0 308.0 266.0 308.0 266.0 306.0
266.0 306.0 266.0 308.0 268.0 308.0 268.0 306.0
268.0 306.0 268.0 308.0 270.0 308.0 270.0 306.0
270.0 306.0 270.0 308.0 272.0 308.0 272.0 306.0
272.0 306.0 272.0 308.0 274.0 308.0 274.0 306.0
274.0 306.0 274.0 308.0 276.0 308.0 276.0 306.0
276.0 306.0 276.0 308.0 278.0 308.0 278.0 306.0
278.0 306.0 278.0 308.0 280.0 308.0 280.0 306.0
280.0 306.0 280.0 308.0 282.0 308.0 282.0 306.0
282.0 306.0 282.0 308.0 284.0 308.0 284.0 306.0
284.0 306.0 284.0 308.0 286.0 308.0 286.0 306.0
286.0 306.0 286.0 308.0 288.0 308.0 288.0 306.0
288.0 306.0 288.0 308.0 290.0 308.0 290.0 306.0
290.0 306.0 290.0 308.0 292.0 308.0 292.0 306.0
292.0 306.0 292.0 308.0 294.0 308.0 294.0 306.0
294.0 306.0 294.0 308.0 296.0 308.0 296.0 306.0
296.0 306.0 296.0 308.0 298.0 308.0 298.0 306.0
298.0 306.0 298.0 308.0 300.0 308.0 300.0 306.0
300.0 306.0 300.0 308.0 302.0 308.0 302.0 306.0
302.0 306.0 302.0 308.0 304.0 308.0 304.0 306.0
304.0 306.0 304.0 308.0 306.0 308.0 306.0 306.0
306.0 306.0 306.0 308.0 308.0 308.0 308.0 306.0
308.0 306.0 308.0 308.0 310.0 308.0 310.0 306.0
310.0 306.0 310.0 308.0 312.0 308.0 312.0 306.0
312.0 306.0 312.0 308.0 314.0 308.0 314.0 306.0
314.0 306.0 314.0 308.0 316.0 308.0 316.0 306.0
316.0 306.0 316.0 308.0 318.0 308.0 318.0 306.0
348.0 306.0 348.0 308.0 350.0 308.0 350.0 306.0
350.0 306.0 350.0 308.0 352.0 308.0 352.0 306.0
352.0 306.0 352.0 308.0 354.0 308.0 354.0 306.0
448.0 306.0 448.0 308.0 450.0 308.0 450.0 306.0
450.0 306.0 450.0 308.0 452.0 308.0 452.0 306.0
452.0 306.0 452.0 308.0 454.0 308.0 454.0 306.0
454.0 306.0 454.0 308.0 456.0 308.0 456.0 306.0
456.0 306.0 456.0 308.0 458.0 308.0 458.0 306.0
458.0 306.0 458.0 308.0 460.0 308.0 460.0 306.0
460.0 306.0 460.0 308.0 462.0 308.0 462.0 306.0
462.0 306.0 462.0 308.0 464.0 308.0 464.0 306.0
464.0 306.0 464.0 308.0 466.0 308.0 466.0 306.0
466.0 306.0 466.0 308.0 468.0 308.0 468.0 306.0
468.0 306.0 468.0 308.0 470.0 308.0 470.0 306.0
470.0 306.0 470.0 308.0 472.0 308.0 472.0 306.0
472.0 306.0 472.0 308.0 474.0 308.0 474.0 306.0
474.0 306.0 474.0 308.0 476.0 308.0 476.0 306.0
476.0 306.0 476.0 308.0 478.0 308.0 478.0 306.0
478.0 306.0 478.0 308.0 480.0 308.0 480.0 306.0
480.0 306.0 480.0 308.0 482.0 308.0 482.0 306.0
482.0 306.0 482.0 308.0 484.0 308.0 484.0 306.0
484.0 306.0 484.0 308.0 486.0 308.0 486.0 306.0
486.0 306.0 486.0 308.0 488.0 308.0 488.0 306.0
488.0 306.0 488.0 308.0 490.0 308.0 490.0 306.0
490.0 306.0 490.0 308.0 492.0 308.0 492.0 306.0
492.0 306.0 492.0 308.0 494.0 308.0 494.0 306.0
494.0 306.0 494.0 308.0 496.0 308.0 496.0 306.0
496.0 306.0 496.0 308.0 498.0 308.0 498.0 306.0
498.0 306.0 498.0 308.0 500.0 308.0 500.0 306.0
500.0 306.0 500.0 308.0 502.0 308.0 502.0 306.0
502.0 306.0 502.0 308.0 504.0 308.0 504.0 306.0
504.0 306.0 504.0 308.0 506.0 308.0 506.0 306.0
506.0 306.0 506.0 308.0 508.0 308.0 508.0 306.0
508.0 306.0 508.0 308.0 510.0 308.0 510.0 306.0
510.0 306.0 510.0 308.0 512.0 308.0 512.0 306.0
0.0 308.0 0.0 310.0 2.0 310.0 2.0 308.0
2.0 308.0 2.0 310.0 4.0 310.0 4.0 308.0
4.0 308.0 4.0 310.0 6.0 310.0 6.0 308.0
6.0 308.0 6.0 310.0 8.0 310.0 8.0 308.0
8.0 308.0 8.0 310.0 10.0 310.0 10.0 308.0
10.0 308.0 10.0 310.0 12.0 310.0 12.0 308.0
12.0 308.0 12.0 310.0 14.0 310.0 14.0 308.0
14.0 308.0 14.0 310.0 16.0 310.0 16.0 308.0
16.0 308.0 16.0 310.0 18.0 310.0 18.0 308.0
18.0 308.0 18.0 310.0 20.0 310.0 20.0 308.0
20.0 308.0 20.0 310.0 22.0 310.0 22.0 308.0
22.0 308.0 22.0 310.0 24.0 310.0 24.0 308.0
24.0 308.0 24.0 310.0 26.0 310.0 26.0 308.0
26.0 308.0 26.0 310.0 28.0 310.0 28.0 308.0
28.0 308.0 28.0 310.0 30.0 310.0 30.0 308.0
30.0 308.0 30.0 310.0 32.0 310.0 32.0 308.0
32.0 308.0 32.0 310.0 34.0 310.0 34.0 308.0
34.0 308.0 34.0 310.0 36.0 310.0 36.0 308.0
36.0 308.0 36.0 310.0 38.0 310.0 38.0 308.0
38.0 308.0 38.0 310.0 40.0 310.0 40.0 308.0
40.0 308.0 40.0 310.0 42.0 310.0 42.0 308.0
42.0 308.0 42.0 310.0 44.0 310.0 44.0 308.0
44.0 308.0 44.0 310.0 46.0 310.0 46.0 308.0
46.0 308.0 46.0 310.0 48.0 310.0 48.0 308.0
48.0 308.0 48.0 310.0 50.0 310.0 50.0 308.0
50.0 308.0 50.0 310.0 52.0 310.0 52.0 308.0
52.0 308.0 52.0 310.0 54.0 310.0 54.0 308.0
54.0 308.0 54.0 310.0 56.0 310.0 56.0 308.0
56.0 308.0 56.0 310.0 58.0 310.0 58.0 308.0
58.0 308.0 58.0 310.0 60.0 310.0 60.0 308.0
60.0 308.0 60.0 310.0 62.0 310.0 62.0 308.0
244.0 308.0 244.0 310.0 246.0 310.0 246.0 308.0
246.0 308.0 246.0 310.0 248.0 310.0 248.0 308.0
248.0 308.0 248.0 310.0 250.0 310.0 250.0 308.0
250.0 308.0 250.0 310.0 252.0 310.0 252.0 308.0
252.0 308.0 252.0 310.0 254.0 310.0 254.0 308.0
254.0 308.0 254.0 310.0 256.0 310.0 256.0 308.0
256.0 308.0 256.0 310.0 258.0 310.0 258.0 308.0
258.0 308.0 258.0 310.0 260.0 310.0 260.0 308.0
260.0 308.0 260.0 310.0 262.0 310.0 262.0 308.0
262.0 308.0 262.0 310.0 264.0 310.0 264.0 308.0
264.0 308.0 264.0 310.0 266.0 310.0 266.0 308.0
266.0 308.0 266.0 310.0 268.0 310.0 268.0 308.0
268.0 308.0 268.0 310.0 270.0 310.0 270.0 308.0
270.0 308.0 270.0 310.0 272.0 310.0 272.0 308.0
272.0 308.0 272.0 310.0 274.0 310.0 274.0 308.0
274.0 308.0 274.0 310.0 276.0 310.0 276.0 308.0
276.0 308.0 276.0 310.0 278.0 310.0 278.0 308.0
278.0 308.0 278.0 310.0 280.0 310.0 280.0 308.0
280.0 308.0 280.0 310.0 282.0 310.0 282.0 308.0
282.0 308.0 282.0 310.0 284.0 310.0 284.0 308.0
284.0 308.0 284.0 310.0 286.0 310.0 286.0 308.0
286.0 308.0 286.0 310.0 288.0 310.0 288.0 308.0
288.0 308.0 288.0 310.0 290.0 310.0 290.0 308.0
290.0 308.0 290.0 310.0 292.0 310.0 292.0 308.0
292.0 308.0 292.0 310.0 294.0 310.0 294.0 308.0
294.0 308.0 294.0 310.0 296.0 310.0 296.0 308.0
296.0 308.0 296.0 310.0 298.0 310.0 298.0 308.0
298.0 308.0 298.0 310.0 300.0 310.0 300.0 308.0
300.0 308.0 300.0 310.0 302.0 310.0 302.0 308.0
302.0 308.0 302.0 310.0 304.0 310.0 304.0 308.0
304.0 308.0 304.0 310.0 306.0 310.0 306.0 308.0
306.0 308.0 306.0 310.0 308.0 310.0 308.0 308.0
308.0 308.0 308.0 310.0 310.0 310.0 310.0 308.0
310.0 308.0 310.0 310.0 312.0 310.0 312.0 308.0
312.0 308.0 312.0 310.0 314.0 310.0 314.0 308.0
314.0 308.0 314.0 310.0 316.0 310.0 316.0 308.0
316.0 308.0 316.0 310.0 318.0 310.0 318.0 308.0
346.0 308.0 346.0 310.0 348.0 310.0 348.0 308.0
348.0 308.0 348.0 310.0 350.0 310.0 350.0 308.0
350.0 308.0 350.0 310.0 352.0 310.0 352.0 308.0
352.0 308.0 352.0 310.0 354.0 310.0 354.0 308.0
354.0 308.0 354.0 310.0 356.0 310.0 356.0 308.0
448.0 308.0 448.0 310.0 450.0 310.0 450.0 308.0
450.0 308.0 450.0 310.0 452.0 310.0 452.0 308.0
452.0 308.0 452.0 310.0 454.0 310.0 454.0 308.0
454.0 308.0 454.0 310.0 456.0 310.0 456.0 308.0
456.0 308.0 456.0 310.0 458.0 310.0 458.0 308.0
458.0 308.0 458.0 310.0 460.0 310.0 460.0 308.0
460.0 308.0 460.0 310.0 462.0 310.0 462.0 308.0
462.0 308.0 462.0 310.0 464.0 310.0 464.0 308.0
464.0 308.0 464.0 310.0 466.0 310.0 466.0 308.0
466.0 308.0 466.0 310.0 468.0 310.0 468.0 308.0
468.0 308.0 468.0 310.0 470.0 310.0 470.0 308.0
470.0 308.0 470.0 310.0 472.0 310.0 472.0 308.0
472.0 308.0 472.0 310.0 474.0 310.0 474.0 308.0
474.0 308.0 474.0 310.0 476.0 310.0 476.0 308.0
476.0 308.0 476.0 310.0 478.0 310.0 478.0 308.0
478.0 308.0 478.0 310.0 480.0 310.0 480.0 308.0
480.0 308.0 480.0 310.0 482.0 310.0 482.0 308.0
482.0 308.0 482.0 310.0 484.0 310.0 484.0 308.0
484.0 308.0 484.0 310.0 486.0 310.0 486.0 308.0
486.0 308.0 486.0 310.0 488.0 310.0 488.0 308.0
488.0 308.0 488.0 310.0 490.0 310.0 490.0 308.0
490.0 308.0 490.0 310.0 492.0 310.0 492.0 308.0
492.0 308.0 492.0 310.0 494.0 310.0 494.0 308.0
494.0 308.0 494.0 310.0 496.0 310.0 496.0 308.0
496.0 308.0 496.0 310.0 498.0 310.0 498.0 308.0
498.0 308.0 498.0 310.0 500.0 310.0 500.0 308.0
500.0 308.0 500.0 310.0 502.0 310.0 502.0 308.0
502.0 308.0 502.0 310.0 504.0 310.0 504.0 308.0
504.0 308.0 504.0 310.0 506.0 310.0 506.0 308.0
506.0 308.0 506.0 310.0 508.0 310.0 508.0 308.0
508.0 308.0 508.0 310.0 510.0 310.0 510.0 308.0
510.0 308.0 510.0 310.0 512.0 310.0 512.0 308.0
0.0 310.0 0.0 312.0 2.0 312.0 2.0 310.0
2.0 310.0 2.0 312.0 4.0 312.0 4.0 310.0
4.0 310.0 4.0 312.0 6.0 312.0 6.0 310.0
6.0 310.0 6.0 312.0 8.0 312.0 8.0 310.0
8.0 310.0 8.0 312.0 10.0 312.0 10.0 310.0
10.0 310.0 10.0 312.0 12.0 312.0 12.0 310.0
12.0 310.0 12.0 312.0 14.0 312.0 14.0 310.0
14.0 310.0 14.0 312.0 16.0 312.0 16.0 310.0
16.0 310.0 16.0 312.0 18.0 312.0 18.0 310.0
18.0 310.0 18.0 312.0 20.0 312.0 20.0 310.0
20.0 310.0 20.0 312.0 22.0 312.0 22.0 310.0
22.0 310.0 22.0 312.0 24.0 312.0 24.0 310.0
24.0 310.0 24.0 312.0 26.0 312.0 26.0 310.0
26.0 310.0 26.0 312.0 28.0 312.0 28.0 310.0
28.0 310.0 28.0 312.0 30.0 312.0 30.0 310.0
30.0 310.0 30.0 312.0 32.0 312.0 32.0 310.0
32.0 310.0 32.0 312.0 34.0 312.0 34.0 310.0
34.0 310.0 34.0 312.0 36.0 312.0 36.0 310.0
36.0 310.0 36.0 312.0 38.0 312.0 38.0 310.0
38.0 310.0 38.0 312.0 40.0 312.0 40.0 310.0
40.0 310.0 40.0 312.0 42.0 312.0 42.0 310.0
42.0 310.0 42.0 312.0 44.0 312.0 44.0 310.0
44.0 310.0 44.0 312.0 46.0 312.0 46.0 310.0
46.0 310.0 46.0 312.0 48.0 312.0 48.0 310.0
48.0 310.0 48.0 312.0 50.0 312.0 50.0 310.0
50.0 310.0 50.0 312.0 52.0 312.0 52.0 310.0
52.0 310.0 52.0 312.0 54.0 312.0 54.0 310.0
54.0 310.0 54.0 312.0 56.0 312.0 56.0 310.0
56.0 310.0 56.0 312.0 58.0 312.0 58.0 310.0
58.0 310.0 58.0 312.0 60.0 312.0 60.0 310.0
60.0 310.0 60.0 312.0 62.0 312.0 62.0 310.0
246.0 310.0 246.0 312.0 248.0 312.0 248.0 310.0
248.0 310.0 248.0 312.0 250.0 312.0 250.0 310.0
250.0 310.0 250.0 312.0 252.0 312.0 252.0 310.0
252.0 310.0 252.0 312.0 254.0 312.0 254.0 310.0
254.0 310.0 254.0 312.0 256.0 312.0 256.0 310.0
256.0 310.0 256.0 312.0 258.0 312.0 258.0 310.0
258.0 310.0 258.0 312.0 260.0 312.0 260.0 310.0
260.0 310.0 260.0 312.0 262.0 312.0 262.0 310.0
262.0 310.0 262.0 312.0 264.0 312.0 264.0 310.0
264.0 310.0 264.0 312.0 266.0 312.0 266.0 310.0
266.0 310.0 266.0 312.0 268.0 312.0 268.0 310.0
268.0 310.0 268.0 312.0 270.0 312.0 270.0 310.0
270.0 310.0 270.0 312.0 272.0 312.0 272.0 310.0
272.0 310.0 272.0 312.0 274.0 312.0 274.0 310.0
274.0 310.0 274.0 312.0 276.0 312.0 276.0 310.0
276.0 310.0 276.0 312.0 278.0 312.0 278.0 310.0
278.0 310.0 278.0 312.0 280.0 312.0 280.0 310.0
280.0 310.0 280.0 312.0 282.0 312.0 282.0 310.0
282.0 310.0 282.0 312.0 284.0 312.0 284.0 310.0
284.0 310.0 284.0 312.0 286.0 312.0 286.0 310.0
286.0 310.0 286.0 312.0 288.0 312.0 288.0 310.0
288.0 310.0 288.0 312.0 290.0 312.0 290.0 310.0
290.0 310.0 290.0 312.0 292.0 312.0 292.0 310.0
292.0 310.0 292.0 312.0 294.0 312.0 294.0 310.0
294.0 310.0 294.0 312.0 296.0 312.0 296.0 310.0
296.0 310.0 296.0 312.0 298.0 312.0 298.0 310.0
298.0 310.0 298.0 312.0 300.0 312.0 300.0 310.0
300.0 310.0 300.0 312.0 302.0 312.0 302.0 310.0
302.0 310.0 302.0 312.0 304.0 312.0 304.0 310.0
304.0 310.0 304.0 312.0 306.0 312.0 306.0 310.0
306.0 310.0 306.0 312.0 308.0 312.0 308.0 310.0
308.0 310.0 308.0 312.0 310.0 312.0 310.0 310.0
310.0 310.0 310.0 312.0 312.0 312.0 312.0 310.0
312.0 310.0 312.0 312.0 314.0 312.0 314.0 310.0
314.0 310.0 314.0 312.0 316.0 312.0 316.0 310.0
316.0 310.0 316.0 312.0 318.0 312.0 318.0 310.0
344.0 310.0 344.0 312.0 346.0 312.0 346.0 310.0
346.0 310.0 346.0 312.0 348.0 312.0 348.0 310.0
348.0 310.0 348.0 312.0 350.0 312.0 350.0 310.0
350.0 310.0 350.0 312.0 352.0 312.0 352.0 310.0
352.0 310.0 352.0 312.0 354.0 312.0 354.0 310.0
354.0 310.0 354.0 312.0 356.0 312.0 356.0 310.0
356.0 310.0 356.0 312.0 358.0 312.0 358.0 310.0
448.0 310.0 448.0 312.0 450.0 312.0 450.0 310.0
450.0 310.0 450.0 312.0 452.0 312.0 452.0 310.0
452.0 310.0 452.0 312.0 454.0 312.0 454.0 310.0
454.0 310.0 454.0 312.0 456.0 312.0 456.0 310.0
456.0 310.0 456.0 312.0 458.0 312.0 458.0 310.0
458.0 310.0 458.0 312.0 460.0 312.0 460.0 310.0
460.0 310.0 460.0 312.0 462.0 312.0 462.0 310.0
462.0 310.0 462.0 312.0 464.0 312.0 464.0 310.0
464.0 310.0 464.0 312.0 466.0 312.0 466.0 310.0
466.0 310.0 466.0 312.0 468.0 312.0 468.0 310.0
468.0 310.0 468.0 312.0 470.0 312.0 470.0 310.0
470.0 310.0 470.0 312.0 472.0 312.0 472.0 310.0
472.0 310.0 472.0 312.0 474.0 312.0 474.0 310.0
474.0 310.0 474.0 312.0 476.0 312.0 476.0 310.0
476.0 310.0 476.0 312.0 478.0 312.0 478.0 310.0
478.0 310.0 478.0 312.0 480.0 312.0 480.0 310.0
480.0 310.0 480.0 312.0 482.0 312.0 482.0 310.0
482.0 310.0 482.0 312.0 484.0 312.0 484.0 310.0
484.0 310.0 484.0 312.0 486.0 312.0 486.0 310.0
486.0 310.0 486.0 312.0 488.0 312.0 488.0 310.0
488.0 310.0 488.0 312.0 490.0 312.0 490.0 310.0
490.0 310.0 490.0 312.0 492.0 312.0 492.0 310.0
492.0 310.0 492.0 312.0 494.0 312.0 494.0 310.0
494.0 310.0 494.0 312.0 496.0 312.0 496.0 310.0
496.0 310.0 496.0 312.0 498.0 312.0 498.0 310.0
498.0 310.0 498.0 312.0 500.0 312.0 500.0 310.0
500.0 310.0 500.0 312.0 502.0 312.0 502.0 310.0
502.0 310.0 502.0 312.0 504.0 312.0 504.0 310.0
504.0 310.0 504.0 312.0 506.0 312.0 506.0 310.0
506.0 310.0 506.0 312.0 508.0 312.0 508.0 310.0
508.0 310.0 508.0 312.0 510.0 312.0 510.0 310.0
510.0 310.0 510.0 312.0 512.0 312.0 512.0 310.0
0.0 312.0 0.0 314.0 2.0 314.0 2.0 312.0
2.0 312.0 2.0 314.0 4.0 314.0 4.0 312.0
4.0 312.0 4.0 314.0 6.0 314.0 6.0 312.0
6.0 312.0 6.0 314.0 8.0 314.0 8.0 312.0
8.0 312.0 8.0 314.0 10.0 314.0 10.0 312.0
10.0 312.0 10.0 314.0 12.0 314.0 12.0 312.0
12.0 312.0 12.0 314.0 14.0 314.0 14.0 312.0
14.0 312.0 14.0 314.0 16.0 314.0 16.0 312.0
16.0 312.0 16.0 314.0 18.0 314.0 18.0 312.0
18.0 312.0 18.0 314.0 20.0 314.0 20.0 312.0
20.0 312.0 20.0 314.0 22.0 314.0 22.0 312.0
22.0 312.0 22.0 314.0 24.0 314.0 24.0 312.0
24.0 312.0 24.0 314.0 26.0 314.0 26.0 312.0
26.0 312.0 26.0 314.0 28.0 314.0 28.0 312.0
28.0 312.0 28.0 314.0 30.0 314.0 30.0 312.0
30.0 312.0 30.0 314.0 32.0 314.0 32.0 312.0
32.0 312.0 32.0 314.0 34.0 314.0 34.0 312.0
34.0 312.0 34.0 314.0 36.0 314.0 36.0 312.0
36.0 312.0 36.0 314.0 38.0 314.0 38.0 312.0
38.0 312.0 38.0 314.0 40.0 314.0 40.0 312.0
40.0 312.0 40.0 314.0 42.0 314.0 42.0 312.0
42.0 312.0 42.0 314.0 44.0 314.0 44.0 312.0
44.0 312.0 44.0 314.0 46.0 314.0 46.0 312.0
46.0 312.0 46.0 314.0 48.0 314.0 48.0 312.0
48.0 312.0 48.0 314.0 50.0 314.0 50.0 312.0
50.0 312.0 50.0 314.0 52.0 314.0 52.0 312.0
52.0 312.0 52.0 314.0 54.0 314.0 54.0 312.0
54.0 312.0 54.0 314.0 56.0 314.0 56.0 312.0
56.0 312.0 56.0 314.0 58.0 314.0 58.0 312.0
58.0 312.0 58.0 314.0 60.0 314.0 60.0 312.0
60.0 312.0 60.0 314.0 62.0 314.0 62.0 312.0
250.0 312.0 250.0 314.0 252.0 314.0 252.0 312.0
252.0 312.0 252.0 314.0 254.0 314.0 254.0 312.0
254.0 312.0 254.0 314.0 256.0 314.0 256.0 312.0
256.0 312.0 256.0 314.0 258.0 314.0 258.0 312.0
258.0 312.0 258.0 314.0 260.0 314.0 260.0 312.0
260.0 312.0 260.0 314.0 262.0 314.0 262.0 312.0
262.0 312.0 262.0 314.0 264.0 314.0 264.0 312.0
264.0 312.0 264.0 314.0 266.0 314.0 266.0 312.0
266.0 312.0 266.0 314.0 268.0 314.0 268.0 312.0
268.0 312.0 268.0 314.0 270.0 314.0 270.0 312.0
270.0 312.0 270.0 314.0 272.0 314.0 272.0 312.0
272.0 312.0 272.0 314.0 274.0 314.0 274.0 312.0
274.0 312.0 274.0 314.0 276.0 314.0 276.0 312.0
276.0 312.0 276.0 314.0 278.0 314.0 278.0 312.0
278.0 312.0 278.0 314.0 280.0 314.0 280.0 312.0
280.0 312.0 280.0 314.0 282.0 314.0 282.0 312.0
282.0 312.0 282.0 314.0 284.0 314.0 284.0 312.0
284.0 312.0 284.0 314.0 286.0 314.0 286.0 312.0
286.0 312.0 286.0 314.0 288.0 314.0 288.0 312.0
288.0 312.0 288.0 314.0 290.0 314.0 290.0 312.0
290.0 312.0 290.0 314.0 292.0 314.0 292.0 312.0
292.0 312.0 292.0 314.0 294.0 314.0 294.0 312.0
294.0 312.0 294.0 314.0 296.0 314.0 296.0 312.0
296.0 312.0 296.0 314.0 298.0 314.0 298.0 312.0
298.0 312.0 298.0 314.0 300.0 314.0 300.0 312.0
300.0 312.0 300.0 314.0 302.0 314.0 302.0 312.0
302.0 312.0 302.0 314.0 304.0 314.0 304.0 312.0
304.0 312.0 304.0 314.0 306.0 314.0 306.0 312.0
306.0 312.0 306.0 314.0 308.0 314.0 308.0 312.0
308.0 312.0 308.0 314.0 310.0 314.0 310.0 312.0
310.0 312.0 310.0 314.0 312.0 314.0 312.0 312.0
312.0 312.0 312.0 314.0 314.0 314.0 314.0 312.0
314.0 312.0 314.0 314.0 316.0 314.0 316.0 312.0
316.0 312.0 316.0 314.0 318.0 314.0 318.0 312.0
342.0 312.0 342.0 314.0 344.0 314.0 344.0 312.0
344.0 312.0 344.0 314.0 346.0 314.0 346.0 312.0
346.0 312.0 346.0 314.0 348.0 314.0 348.0 312.0
348.0 312.0 348.0 314.0 350.0 314.0 350.0 312.0
350.0 312.0 350.0 314.0 352.0 314.0 352.0 312.0
352.0 312.0 352.0 314.0 354.0 314.0 354.0 312.0
354.0 312.0 354.0 314.0 356.0 314.0 356.0 312.0
356.0 312.0 356.0 314.0 358.0 314.0 358.0 312.0
358.0 312.0 358.0 314.0 360.0 314.0 360.0 312.0
448.0 312.0 448.0 314.0 450.0 314.0 450.0 312.0
450.0 312.0 450.0 314.0 452.0 314.0 452.0 312.0
452.0 312.0 452.0 314.0 454.0 314.0 454.0 312.0
454.0 312.0 454.0 314.0 456.0 314.0 456.0 312.0
456.0 312.0 456.0 314.0 458.0 314.0 458.0 312.0
458.0 312.0 458.0 314.0 460.0 314.0 460.0 312.0
460.0 312.0 460.0 314.0 462.0 314.0 462.0 312.0
462.0 312.0 462.0 314.0 464.0 314.0 464.0 312.0
464.0 312.0 464.0 314.0 466.0 314.0 466.0 312.0
466.0 312.0 466.0 314.0 468.0 314.0 468.0 312.0
468.0 312.0 468.0 314.0 470.0 314.0 470.0 312.0
470.0 312.0 470.0 314.0 472.0 314.0 472.0 312.0
472.0 312.0 472.0 314.0 474.0 314.0 474.0 312.0
474.0 312.0 474.0 314.0 476.0 314.0 476.0 312.0
476.0 312.0 476.0 314.0 478.0 314.0 478.0 312.0
478.0 312.0 478.0 314.0 480.0 314.0 480.0 312.0
480.0 312.0 480.0 314.0 482.0 314.0 482.0 312.0
482.0 312.0 482.0 314.0 484.0 314.0 484.0 312.0
484.0 312.0 484.0 314.0 486.0 314.0 486.0 312.0
486.0 312.0 486.0 314.0 488.0 314.0 488.0 312.0
488.0 312.0 488.0 314.0 490.0 314.0 490.0 312.0
490.0 312.0 490.0 314.0 492.0 314.0 492.0 312.0
492.0 312.0 492.0 314.0 494.0 314.0 494.0 312.0
494.0 312.0 494.0 314.0 496.0 314.0 496.0 312.0
496.0 312.0 496.0 314.0 498.0 314.0 498.0 312.0
498.0 312.0 498.0 314.0 500.0 314.0 500.0 312.0
500.0 312.0 500.0 314.0 502.0 314.0 502.0 312.0
502.0 312.0 502.0 314.0 504.0 314.0 504.0 312.0
504.0 312.0 504.0 314.0 506.0 314.0 506.0 312.0
506.0 312.0 506.0 314.0 508.0 314.0 508.0 312.0
508.0 312.0 508.0 314.0 510.0 314.0 510.0 312.0
510.0 312.0 510.0 314.0 512.0 314.0 512.0 312.0
0.0 314.0 0.0 316.0 2.0 316.0 2.0 314.0
2.0 314.0 2.0 316.0 4.0 316.0 4.0 314.0
4.0 314.0 4.0 316.0 6.0 316.0 6.0 314.0
6.0 314.0 6.0 316.0 8.0 316.0 8.0 314.0
8.0 314.0 8.0 316.0 10.0 316.0 10.0 314.0
10.0 314.0 10.0 316.0 12.0 316.0 12.0 314.0
12.0 314.0 12.0 316.0 14.0 316.0 14.0 314.0
14.0 314.0 14.0 316.0 16.0 316.0 16.0 314.0
16.0 314.0 16.0 316.0 18.0 316.0 18.0 314.0
18.0 314.0 18.0 316.0 20.0 316.0 20.0 314.0
20.0 314.0 20.0 316.0 22.0 316.0 22.0 314.0
22.0 314.0 22.0 316.0 24.0 316.0 24.0 314.0
24.0 314.0 24.0 316.0 26.0 316.0 26.0 314.0
26.0 314.0 26.0 316.0 28.0 316.0 28.0 314.0
28.0 314.0 28.0 316.0 30.0 316.0 30.0 314.0
30.0 314.0 30.0 316.0 32.0 316.0 32.0 314.0
32.0 314.0 32.0 316.0 34.0 316.0 34.0 314.0
34.0 314.0 34.0 316.0 36.0 316.0 36.0 314.0
36.0 314.0 36.0 316.0 38.0 316.0 38.0 314.0
38.0 314.0 38.0 316.0 40.0 316.0 40.0 314.0
40.0 314.0 40.0 316.0 42.0 316.0 42.0 314.0
42.0 314.0 42.0 316.0 44.0 316.0 44.0 314.0
44.0 314.0 44.0 316.0 46.0 316.0 46.0 314.0
46.0 314.0 46.0 316.0 48.0 316.0 48.0 314.0
48.0 314.0 48.0 316.0 50.0 316.0 50.0 314.0
50.0 314.0 50.0 316.0 52.0 316.0 52.0 314.0
52.0 314.0 52.0 316.0 54.0 316.0 54.0 314.0
54.0 314.0 54.0 316.0 56.0 316.0 56.0 314.0
56.0 314.0 56.0 316.0 58.0 316.0 58.0 314.0
58.0 314.0 58.0 316.0 60.0 316.0 60.0 314.0
60.0 314.0 60.0 316.0 62.0 316.0 62.0 314.0
62.0 314.0 62.0 316.0 64.0 316.0 64.0 314.0
252.0 314.0 252.0 316.0 254.0 316.0 254.0 314.0
254.0 314.0 254.0 316.0 256.0 316.0 256.0 314.0
256.0 314.0 256.0 316.0 258.0 316.0 258.0 314.0
258.0 314.0 258.0 316.0 260.0 316.0 260.0 314.0
260.0 314.0 260.0 316.0 262.0 316.0 262.0 314.0
262.0 314.0 262.0 316.0 264.0 316.0 264.0 314.0
264.0 314.0 264.0 316.0 266.0 316.0 266.0 314.0
266.0 314.0 266.0 316.0 268.0 316.0 268.0 314.0
268.0 314.0 268.0 316.0 270.0 316.0 270.0 314.0
270.0 314.0 270.0 316.0 272.0 316.0 272.0 314.0
272.0 314.0 272.0 316.0 274.0 316.0 274.0 314.0
274.0 314.0 274.0 316.0 276.0 316.0 276.0 314.0
276.0 314.0 276.0 316.0 278.0 316.0 278.0 314.0
278.0 314.0 278.0 316.0 280.0 316.0 280.0 314.0
280.0 314.0 280.0 316.0 282.0 316.0 282.0 314.0
282.0 314.0 282.0 316.0 284.0 316.0 284.0 314.0
284.0 314.0 284.0 316.0 286.0 316.0 286.0 314.0
286.0 314.0 286.0 316.0 288.0 316.0 288.0 314.0
288.0 314.0 288.0 316.0 290.0 316.0 290.0 314.0
290.0 314.0 290.0 316.0 292.0 316.0 292.0 314.0
292.0 314.0 292.0 316.0 294.0 316.0 294.0 314.0
294.0 314.0 294.0 316.0 296.0 316.0 296.0 314.0
296.0 314.0 296.0 316.0 298.0 316.0 298.0 314.0
298.0 314.0 298.0 316.0 300.0 316.0 300.0 314.0
300.0 314.0 300.0 316.0 302.0 316.0 302.0 314.0
302.0 314.0 302.0 316.0 304.0 316.0 304.0 314.0
304.0 314.0 304.0 316.0 306.0 316.0 306.0 314.0
306.0 314.0 306.0 316.0 308.0 316.0 308.0 314.0
308.0 314.0 308.0 316.0 310.0 316.0 310.0 314.0
310.0 314.0 310.0 316.0 312.0 316.0 312.0 314.0
312.0 314.0 312.0 316.0 314.0 316.0 314.0 314.0
314.0 314.0 314.0 316.0 316.0 316.0 316.0 314.0
316.0 314.0 316.0 316.0 318.0 316.0 318.0 314.0
340.0 314.0 340.0 316.0 342.0 316.0 342.0 314.0
342.0 314.0 342.0 316.0 344.0 316.0 344.0 314.0
344.0 314.0 344.0 316.0 346.0 316.0 346.0 314.0
346.0 314.0 346.0 316.0 348.0 316.0 348.0 314.0
348.0 314.0 348.0 316.0 350.0 316.0 350.0 314.0
350.0 314.0 350.0 316.0 352.0 316.0 352.0 314.0
352.0 314.0 352.0 316.0 354.0 316.0 354.0 314.0
354.0 314.0 354.0 316.0 356.0 316.0 356.0 314.0
356.0 314.0 356.0 316.0 358.0 316.0 358.0 314.0
358.0 314.0 358.0 316.0 360.0 316.0 360.0 314.0
360.0 314.0 360.0 316.0 362.0 316.0 362.0 314.0
448.0 314.0 448.0 316.0 450.0 316.0 450.0 314.0
450.0 314.0 450.0 316.0 452.0 316.0 452.0 314.0
452.0 314.0 452.0 316.0 454.0 316.0 454.0 314.0
454.0 314.0 454.0 316.0 456.0 316.0 456.0 314.0
456.0 314.0 456.0 316.0 458.0 316.0 458.0 314.0
458.0 314.0 458.0 316.0 460.0 316.0 460.0 314.0
460.0 314.0 460.0 316.0 462.0 316.0 462.0 314.0
462.0 314.0 462.0 316.0 464.0 316.0 464.0 314.0
464.0 314.0 464.0 316.0 466.0 316.0 466.0 314.0
466.0 314.0 466.0 316.0 468.0 316.0 468.0 314.0
468.0 314.0 468.0 316.0 470.0 316.0 470.0 314.0
470.0 314.0 470.0 316.0 472.0 316.0 472.0 314.0
472.0 314.0 472.0 316.0 474.0 316.0 474.0 314.0
474.0 314.0 474.0 316.0 476.0 316.0 476.0 314.0
476.0 314.0 476.0 316.0 478.0 316.0 478.0 314.0
478.0 314.0 478.0 316.0 480.0 316.0 480.0 314.0
480.0 314.0 480.0 316.0 482.0 316.0 482.0 314.0
482.0 314.0 482.0 316.0 484.0 316.0 484.0 314.0
484.0 314.0 484.0 316.0 486.0 316.0 486.0 314.0
486.0 314.0 486.0 316.0 488.0 316.0 488.0 314.0
488.0 314.0 488.0 316.0 490.0 316.0 490.0 314.0
490.0 314.0 490.0 316.0 492.0 316.0 492.0 314.0
492.0 314.0 492.0 316.0 494.0 316.0 494.0 314.0
494.0 314.0 494.0 316.0 496.0 316.0 496.0 314.0
496.0 314.0 496.0 316.0 498.0 316.0 498.0 314.0
498.0 314.0 498.0 316.0 500.0 316.0 500.0 314.0
500.0 314.0 500.0 316.0 502.0 316.0 502.0 314.0
502.0 314.0 502.0 316.0 504.0 316.0 504.0 314.0
504.0 314.0 504.0 316.0 506.0 316.0 506.0 314.0
506.0 314.0 506.0 316.0 508.0 316.0 508.0 314.0
508.0 314.0 508.0 316.0 510.0 316.0 510.0 314.0
510.0 314.0 510.0 316.0 512.0 316.0 512.0 314.0
0.0 316.0 0.0 318.0 2.0 318.0 2.0 316.0
2.0 316.0 2.0 318.0 4.0 318.0 4.0 316.0
4.0 316.0 4.0 318.0 6.0 318.0 6.0 316.0
6.0 316.0 6.0 318.0 8.0 318.0 8.0 316.0
8.0 316.0 8.0 318.0 10.0 318.0 10.0 316.0
10.0 316.0 10.0 318.0 12.0 318.0 12.0 316.0
12.0 316.0 12.0 318.0 14.0 318.0 14.0 316.0
14.0 316.0 14.0 318.0 16.0 318.0 16.0 316.0
16.0 316.0 16.0 318.0 18.0 318.0 18.0 316.0
18.0 316.0 18.0 318.0 20.0 318.0 20.0 316.0
20.0 316.0 20.0 318.0 22.0 318.0 22.0 316.0
22.0 316.0 22.0 318.0 24.0 318.0 24.0 316.0
24.0 316.0 24.0 318.0 26.0 318.0 26.0 316.0
26.0 316.0 26.0 318.0 28.0 318.0 28.0 316.0
28.0 316.0 28.0 318.0 30.0 318.0 30.0 316.0
30.0 316.0 30.0 318.0 32.0 318.0 32.0 316.0
32.0 316.0 32.0 318.0 34.0 318.0 34.0 316.0
34.0 316.0 34.0 318.0 36.0 318.0 36.0 316.0
36.0 316.0 36.0 318.0 38.0 318.0 38.0 316.0
38.0 316.0 38.0 318.0 40.0 318.0 40.0 316.0
40.0 316.0 40.0 318.0 42.0 318.0 42.0 316.0
42.0 316.0 42.0 318.0 44.0 318.0 44.0 316.0
44.0 316.0 44.0 318.0 46.0 318.0 46.0 316.0
46.0 316.0 46.0 318.0 48.0 318.0 48.0 316.0
48.0 316.0 48.0 318.0 50.0 318.0 50.0 316.0
50.0 316.0 50.0 318.0 52.0 318.0 52.0 316.0
52.0 316.0 52.0 318.0 54.0 318.0 54.0 316.0
54.0 316.0 54.0 318.0 56.0 318.0 56.0 316.0
56.0 316.0 56.0 318.0 58.0 318.0 58.0 316.0
58.0 316.0 58.0 318.0 60.0 318.0 60.0 316.0
60.0 316.0 60.0 318.0 62.0 318.0 62.0 316.0
62.0 316.0 62.0 318.0 64.0 318.0 64.0 316.0
254.0 316.0 254.0 318.0 256.0 318.0 256.0 316.0
256.0 316.0 256.0 318.0 258.0 318.0 258.0 316.0
258.0 316.0 258.0 318.0 260.0 318.0 260.0 316.0
260.0 316.0 260.0 318.0 262.0 318.0 262.0 316.0
262.0 316.0 262.0 318.0 264.0 318.0 264.0 316.0
264.0 316.0 264.0 318.0 266.0 318.0 266.0 316.0
266.0 316.0 266.0 318.0 268.0 318.0 268.0 316.0
268.0 316.0 268.0 318.0 270.0 318.0 270.0 316.0
270.0 316.0 270.0 318.0 272.0 318.0 272.0 316.0
272.0 316.0 272.0 318.0 274.0 318.0 274.0 316.0
274.0 316.0 274.0 318.0 276.0 318.0 276.0 316.0
276.0 316.0 276.0 318.0 278.0 318.0 278.0 316.0
278.0 316.0 278.0 318.0 280.0 318.0 280.0 316.0
280.0 316.0 280.0 318.0 282.0 318.0 282.0 316.0
282.0 316.0 282.0 318.0 284.0 318.0 284.0 316.0
284.0 316.0 284.0 318.0 286.0 318.0 286.0 316.0
286.0 316.0 286.0 318.0 288.0 318.0 288.0 316.0
288.0 316.0 288.0 318.0 290.0 318.0 290.0 316.0
290.0 316.0 290.0 318.0 292.0 318.0 292.0 316.0
292.0 316.0 292.0 318.0 294.0 318.0 294.0 316.0
294.0 316.0 294.0 318.0 296.0 318.0 296.0 316.0
296.0 316.0 296.0 318.0 298.0 318.0 298.0 316.0
298.0 316.0 298.0 318.0 300.0 318.0 300.0 316.0
300.0 316.0 300.0 318.0 302.0 318.0 302.0 316.0
302.0 316.0 302.0 318.0 304.0 318.0 304.0 316.0
304.0 316.0 304.0 318.0 306.0 318.0 306.0 316.0
306.0 316.0 306.0 318.0 308.0 318.0 308.0 316.0
308.0 316.0 308.0 318.0 310.0 318.0 310.0 316.0
310.0 316.0 310.0 318.0 312.0 318.0 312.0 316.0
312.0 316.0 312.0 318.0 314.0 318.0 314.0 316.0
314.0 316.0 314.0 318.0 316.0 318.0 316.0 316.0
316.0 316.0 316.0 318.0 318.0 318.0 318.0 316.0
318.0 316.0 318.0 318.0 320.0 318.0 320.0 316.0
320.0 316.0 320.0 318.0 322.0 318.0 322.0 316.0
338.0 316.0 338.0 318.0 340.0 318.0 340.0 316.0
340.0 316.0 340.0 318.0 342.0 318.0 342.0 316.0
342.0 316.0 342.0 318.0 344.0 318.0 344.0 316.0
344.0 316.0 344.0 318.0 346.0 318.0 346.0 316.0
346.0 316.0 346.0 318.0 348.0 318.0 348.0 316.0
348.0 316.0 348.0 318.0 350.0 318.0 350.0 316.0
350.0 316.0 350.0 318.0 352.0 318.0 352.0 316.0
352.0 316.0 352.0 318.0 354.0 318.0 354.0 316.0
354.0 316.0 354.0 318.0 356.0 318.0 356.0 316.0
356.0 316.0 356.0 318.0 358.0 318.0 358.0 316.0
358.0 316.0 358.0 318.0 360.0 318.0 360.0 316.0
360.0 316.0 360.0 318.0 362.0 318.0 362.0 316.0
362.0 316.0 362.0 318.0 364.0 318.0 364.0 316.0
448.0 316.0 448.0 318.0 450.0 318.0 450.0 316.0
450.0 316.0 450.0 318.0 452.0 318.0 452.0 316.0
452.0 316.0 452.0 318.0 454.0 318.0 454.0 316.0
454.0 316.0 454.0 318.0 456.0 318.0 456.0 316.0
456.0 316.0 456.0 318.0 458.0 318.0 458.0 316.0
458.0 316.0 458.0 318.0 460.0 318.0 460.0 316.0
460.0 316.0 460.0 318.0 462.0 318.0 462.0 316.0
462.0 316.0 462.0 318.0 464.0 318.0 464.0 316.0
464.0 316.0 464.0 318.0 466.0 318.0 466.0 316.0
466.0 316.0 466.0 318.0 468.0 318.0 468.0 316.0
468.0 316.0 468.0 318.0 470.0 318.0 470.0 316.0
470.0 316.0 470.0 318.0 472.0 318.0 472.0 316.0
472.0 316.0 472.0 318.0 474.0 318.0 474.0 316.0
474.0 316.0 474.0 318.0 476.0 318.0 476.0 316.0
476.0 316.0 476.0 318.0 478.0 318.0 478.0 316.0
478.0 316.0 478.0 318.0 480.0 318.0 480.0 316.0
480.0 316.0 480.0 318.0 482.0 318.0 482.0 316.0
482.0 316.0 482.0 318.0 484.0 318.0 484.0 316.0
484.0 316.0 484.0 318.0 486.0 318.0 486.0 316.0
486.0 316.0 486.0 318.0 488.0 318.0 488.0 316.0
488.0 316.0 488.0 318.0 490.0 318.0 490.0 316.0
490.0 316.0 490.0 318.0 492.0 318.0 492.0 316.0
492.0 316.0 492.0 318.0 494.0 318.0 494.0 316.0
494.0 316.0 494.0 318.0 496.0 318.0 496.0 316.0
496.0 316.0 496.0 318.0 498.0 318.0 498.0 316.0
498.0 316.0 498.0 318.0 500.0 318.0 500.0 316.0
500.0 316.0 500.0 318.0 502.0 318.0 502.0 316.0
502.0 316.0 502.0 318.0 504.0 318.0 504.0 316.0
504.0 316.0 504.0 318.0 506.0 318.0 506.0 316.0
506.0 316.0 506.0 318.0 508.0 318.0 508.0 316.0
508.0 316.0 508.0 318.0 510.0 318.0 510.0 316.0
510.0 316.0 510.0 318.0 512.0 318.0 512.0 316.0
0.0 318.0 0.0 320.0 2.0 320.0 2.0 318.0
2.0 318.0 2.0 320.0 4.0 320.0 4.0 318.0
4.0 318.0 4.0 320.0 6.0 320.0 6.0 318.0
6.0 318.0 6.0 320.0 8.0 320.0 8.0 318.0
8.0 318.0 8.0 320.0 10.0 320.0 10.0 318.0
10.0 318.0 10.0 320.0 12.0 320.0 12.0 318.0
12.0 318.0 12.0 320.0 14.0 320.0 14.0 318.0
14.0 318.0 14.0 320.0 16.0 320.0 16.0 318.0
16.0 318.0 16.0 320.0 18.0 320.0 18.0 318.0
18.0 318.0 18.0 320.0 20.0 320.0 20.0 318.0
20.0 318.0 20.0 320.0 22.0 320.0 22.0 318.0
22.0 318.0 22.0 320.0 24.0 320.0 24.0 318.0
24.0 318.0 24.0 320.0 26.0 320.0 26.0 318.0
26.0 318.0 26.0 320.0 28.0 320.0 28.0 318.0
28.0 318.0 28.0 320.0 30.0 320.0 30.0 318.0
30.0 318.0 30.0 320.0 32.0 320.0 32.0 318.0
32.0 318.0 32.0 320.0 34.0 320.0 34.0 318.0
34.0 318.0 34.0 320.0 36.0 320.0 36.0 318.0
36.0 318.0 36.0 320.0 38.0 320.0 38.0 318.0
38.0 318.0 38.0 320.0 40.0 320.0 40.0 318.0
40.0 318.0 40.0 320.0 42.0 320.0 42.0 318.0
42.0 318.0 42.0 320.0 44.0 320.0 44.0 318.0
44.0 318.0 44.0 320.0 46.0 320.0 46.0 318.0
46.0 318.0 46.0 320.0 48.0 320.0 48.0 318.0
48.0 318.0 48.0 320.0 50.0 320.0 50.0 318.0
50.0 318.0 50.0 320.0 52.0 320.0 52.0 318.0
52.0 318.0 52.0 320.0 54.0 320.0 54.0 318.0
54.0 318.0 54.0 320.0 56.0 320.0 56.0 318.0
56.0 318.0 56.0 320.0 58.0 320.0 58.0 318.0
58.0 318.0 58.0 320.0 60.0 320.0 60.0 318.0
60.0 318.0 60.0 320.0 62.0 320.0 62.0 318.0
62.0 318.0 62.0 320.0 64.0 320.0 64.0 318.0
254.0 318.0 254.0 320.0 256.0 320.0 256.0 318.0
256.0 318.0 256.0 320.0 258.0 320.0 258.0 318.0
258.0 318.0 258.0 320.0 260.0 320.0 260.0 318.0
260.0 318.0 260.0 320.0 262.0 320.0 262.0 318.0
262.0 318.0 262.0 320.0 264.0 320.0 264.0 318.0
264.0 318.0 264.0 320.0 266.0 320.0 266.0 318.0
266.0 318.0 266.0 320.0 268.0 320.0 268.0 318.0
268.0 318.0 268.0 320.0 270.0 320.0 270.0 318.0
270.0 318.0 270.0 320.0 272.0 320.0 272.0 318.0
272.0 318.0 272.0 320.0 274.0 320.0 274.0 318.0
274.0 318.0 274.0 320.0 276.0 320.0 276.0 318.0
276.0 318.0 276.0 320.0 278.0 320.0 278.0 318.0
278.0 318.0 278.0 320.0 280.0 320.0 280.0 318.0
280.0 318.0 280.0 320.0 282.0 320.0 282.0 318.0
282.0 318.0 282.0 320.0 284.0 320.0 284.0 318.0
284.0 318.0 284.0 320.0 286.0 320.0 286.0 318.0
286.0 318.0 286.0 320.0 288.0 320.0 288.0 318.0
288.0 318.0 288.0 320.0 290.0 320.0 290.0 318.0
290.0 318.0 290.0 320.0 292.0 320.0 292.0 318.0
292.0 318.0 292.0 320.0 294.0 320.0 294.0 318.0
294.0 318.0 294.0 320.0 296.0 320.0 296.0 318.0
296.0 318.0 296.0 320.0 298.0 320.0 298.0 318.0
298.0 318.0 298.0 320.0 300.0 320.0 300.0 318.0
300.0 318.0 300.0 320.0 302.0 320.0 302.0 318.0
302.0 318.0 302.0 320.0 304.0 320.0 304.0 318.0
304.0 318.0 304.0 320.0 306.0 320.0 306.0 318.0
306.0 318.0 306.0 320.0 308.0 320.0 308.0 318.0
308.0 318.0 308.0 320.0 310.0 320.0 310.0 318.0
310.0 318.0 310.0 320.0 312.0 320.0 312.0 318.0
312.0 318.0 312.0 320.0 314.0 320.0 314.0 318.0
314.0 318.0 314.0 320.0 316.0 320.0 316.0 318.0
316.0 318.0 316.0 320.0 318.0 320.0 318.0 318.0
318.0 318.0 318.0 320.0 320.0 320.0 320.0 318.0
320.0 318.0 320.0 320.0 322.0 320.0 322.0 318.0
322.0 318.0 322.0 320.0 324.0 320.0 324.0 318.0
324.0 318.0 324.0 320.0 326.0 320.0 326.0 318.0
326.0 318.0 326.0 320.0 328.0 320.0 328.0 318.0
328.0 318.0 328.0 320.0 330.0 320.0 330.0 318.0
330.0 318.0 330.0 320.0 332.0 320.0 332.0 318.0
332.0 318.0 332.0 320.0 334.0 320.0 334.0 318.0
334.0 318.0 334.0 320.0 336.0 320.0 336.0 318.0
336.0 318.0 336.0 320.0 338.0 320.0 338.0 318.0
338.0 318.0 338.0 320.0 340.0 320.0 340.0 318.0
340.0 318.0 340.0 320.0 342.0 320.0 342.0 318.0
342.0 318.0 342.0 320.0 344.0 320.0 344.0 318.0
344.0 318.0 344.0 320.0 346.0 320.0 346.0 318.0
346.0 318.0 346.0 320.0 348.0 320.0 348.0 318.0
348.0 318.0 348.0 320.0 350.0 320.0 350.0 318.0
350.0 318.0 350.0 320.0 352.0 320.0 352.0 318.0
352.0 318.0 352.0 320.0 354.0 320.0 354.0 318.0
354.0 318.0 354.0 320.0 356.0 320.0 356.0 318.0
356.0 318.0 356.0 320.0 358.0 320.0 358.0 318.0
358.0 318.0 358.0 320.0 360.0 320.0 360.0 318.0
360.0 318.0 360.0 320.0 362.0 320.0 362.0 318.0
362.0 318.0 362.0 320.0 364.0 320.0 364.0 318.0
448.0 318.0 448.0 320.0 450.0 320.0 450.0 318.0
450.0 318.0 450.0 320.0 452.0 320.0 452.0 318.0
452.0 318.0 452.0 320.0 454.0 320.0 454.0 318.0
454.0 318.0 454.0 320.0 456.0 320.0 456.0 318.0
456.0 318.0 456.0 320.0 458.0 320.0 458.0 318.0
458.0 318.0 458.0 320.0 460.0 320.0 460.0 318.0
460.0 318.0 460.0 320.0 462.0 320.0 462.0 318.0
462.0 318.0 462.0 320.0 464.0 320.0 464.0 318.0
464.0 318.0 464.0 320.0 466.0 320.0 466.0 318.0
466.0 318.0 466.0 320.0 468.0 320.0 468.0 318.0
468.0 318.0 468.0 320.0 470.0 320.0 470.0 318.0
470.0 318.0 470.0 320.0 472.0 320.0 472.0 318.0
472.0 318.0 472.0 320.0 474.0 320.0 474.0 318.0
474.0 318.0 474.0 320.0 476.0 320.0 476.0 318.0
476.0 318.0 476.0 320.0 478.0 320.0 478.0 318.0
478.0 318.0 478.0 320.0 480.0 320.0 480.0 318.0
480.0 318.0 480.0 320.0 482.0 320.0 482.0 318.0
482.0 318.0 482.0 320.0 484.0 320.0 484.0 318.0
484.0 318.0 484.0 320.0 486.0 320.0 486.0 318.0
486.0 318.0 486.0 320.0 488.0 320.0 488.0 318.0
488.0 318.0 488.0 320.0 490.0 320.0 490.0 318.0
490.0 318.0 490.0 320.0 492.0 320.0 492.0 318.0
492.0 318.0 492.0 320.0 494.0 320.0 494.0 318.0
494.0 318.0 494.0 320.0 496.0 320.0 496.0 318.0
496.0 318.0 496.0 320.0 498.0 320.0 498.0 318.0
498.0 318.0 498.0 320.0 500.0 320.0 500.0 318.0
500.0 318.0 500.0 320.0 502.0 320.0 502.0 318.0
502.0 318.0 502.0 320.0 504.0 320.0 504.0 318.0
504.0 318.0 504.0 320.0 506.0 320.0 506.0 318.0
506.0 318.0 506.0 320.0 508.0 320.0 508.0 318.0
508.0 318.0 508.0 320.0 510.0 320.0 510.0 318.0
510.0 318.0 510.0 320.0 512.0 320.0 512.0 318.0
0.0 320.0 0.0 322.0 2.0 322.0 2.0 320.0
2.0 320.0 2.0 322.0 4.0 322.0 4.0 320.0
4.0 320.0 4.0 322.0 6.0 322.0 6.0 320.0
6.0 320.0 6.0 322.0 8.0 322.0 8.0 320.0
8.0 320.0 8.0 322.0 10.0 322.0 10.0 320.0
10.0 320.0 10.0 322.0 12.0 322.0 12.0 320.0
12.0 320.0 12.0 322.0 14.0 322.0 14.0 320.0
14.0 320.0 14.0 322.0 16.0 322.0 16.0 320.0
16.0 320.0 16.0 322.0 18.0 322.0 18.0 320.0
18.0 320.0 18.0 322.0 20.0 322.0 20.0 320.0
20.0 320.0 20.0 322.0 22.0 322.0 22.0 320.0
22.0 320.0 22.0 322.0 24.0 322.0 24.0 320.0
24.0 320.0 24.0 322.0 26.0 322.0 26.0 320.0
26.0 320.0 26.0 322.0 28.0 322.0 28.0 320.0
28.0 320.0 28.0 322.0 30.0 322.0 30.0 320.0
30.0 320.0 30.0 322.0 32.0 322.0 32.0 320.0
32.0 320.0 32.0 322.0 34.0 322.0 34.0 320.0
34.0 320.0 34.0 322.0 36.0 322.0 36.0 320.0
36.0 320.0 36.0 322.0 38.0 322.0 38.0 320.0
38.0 320.0 38.0 322.0 40.0 322.0 40.0 320.0
40.0 320.0 40.0 322.0 42.0 322.0 42.0 320.0
42.0 320.0 42.0 322.0 44.0 322.0 44.0 320.0
44.0 320.0 44.0 322.0 46.0 322.0 46.0 320.0
46.0 320.0 46.0 322.0 48.0 322.0 48.0 320.0
48.0 320.0 48.0 322.0 50.0 322.0 50.0 320.0
50.0 320.0 50.0 322.0 52.0 322.0 52.0 320.0
52.0 320.0 52.0 322.0 54.0 322.0 54.0 320.0
54.0 320.0 54.0 322.0 56.0 322.0 56.0 320.0
56.0 320.0 56.0 322.0 58.0 322.0 58.0 320.0
58.0 320.0 58.0 322.0 60.0 322.0 60.0 320.0
60.0 320.0 60.0 322.0 62.0 322.0 62.0 320.0
62.0 320.0 62.0 322.0 64.0 322.0 64.0 320.0
256.0 320.0 256.0 322.0 258.0 322.0 258.0 320.0
258.0 320.0 258.0 322.0 260.0 322.0 260.0 320.0
260.0 320.0 260.0 322.0 262.0 322.0 262.0 320.0
262.0 320.0 262.0 322.0 264.0 322.0 264.0 320.0
264.0 320.0 264.0 322.0 266.0 322.0 266.0 320.0
266.0 320.0 266.0 322.0 268.0 322.0 268.0 320.0
268.0 320.0 268.0 322.0 270.0 322.0 270.0 320.0
270.0 320.0 270.0 322.0 272.0 322.0 272.0 320.0
272.0 320.0 272.0 322.0 274.0 322.0 274.0 320.0
274.0 320.0 274.0 322.0 276.0 322.0 276.0 320.0
276.0 320.0 276.0 322.0 278.0 322.0 278.0 320.0
278.0 320.0 278.0 322.0 280.0 322.0 280.0 320.0
280.0 320.0 280.0 322.0 282.0 322.0 282.0 320.0
282.0 320.0 282.0 322.0 284.0 322.0 284.0 320.0
284.0 320.0 284.0 322.0 286.0 322.0 286.0 320.0
286.0 320.0 286.0 322.0 288.0 322.0 288.0 320.0
288.0 320.0 288.0 322.0 290.0 322.0 290.0 320.0
290.0 320.0 290.0 322.0 292.0 322.0 292.0 320.0
292.0 320.0 292.0 322.0 294.0 322.0 294.0 320.0
294.0 320.0 294.0 322.0 296.0 322.0 296.0 320.0
296.0 320.0 296.0 322.0 298.0 322.0 298.0 320.0
298.0 320.0 298.0 322.0 300.0 322.0 300.0 320.0
300.0 320.0 300.0 322.0 302.0 322.0 302.0 320.0
302.0 320.0 302.0 322.0 304.0 322.0 304.0 320.0
304.0 320.0 304.0 322.0 306.0 322.0 306.0 320.0
306.0 320.0 306.0 322.0 308.0 322.0 308.0 320.0
308.0 320.0 308.0 322.0 310.0 322.0 310.0 320.0
310.0 320.0 310.0 322.0 312.0 322.0 312.0 320.0
312.0 320.0 312.0 322.0 314.0 322.0 314.0 320.0
314.0 320.0 314.0 322.0 316.0 322.0 316.0 320.0
316.0 320.0 316.0 322.0 318.0 322.0 318.0 320.0
318.0 320.0 318.0 322.0 320.0 322.0 320.0 320.0
320.0 320.0 320.0 322.0 322.0 322.0 322.0 320.0
322.0 320.0 322.0 322.0 324.0 322.0 324.0 320.0
324.0 320.0 324.0 322.0 326.0 322.0 326.0 320.0
326.0 320.0 326.0 322.0 328.0 322.0 328.0 320.0
328.0 320.0 328.0 322.0 330.0 322.0 330.0 320.0
330.0 320.0 330.0 322.0 332.0 322.0 332.0 320.0
332.0 320.0 332.0 322.0 334.0 322.0 334.0 320.0
334.0 320.0 334.0 322.0 336.0 322.0 336.0 320.0
336.0 320.0 336.0 322.0 338.0 322.0 338.0 320.0
338.0 320.0 338.0 322.0 340.0 322.0 340.0 320.0
340.0 320.0 340.0 322.0 342.0 322.0 342.0 320.0
342.0 320.0 342.0 322.0 344.0 322.0 344.0 320.0
344.0 320.0 344.0 322.0 346.0 322.0 346.0 320.0
346.0 320.0 346.0 322.0 348.0 322.0 348.0 320.0
348.0 320.0 348.0 322.0 350.0 322.0 350.0 320.0
350.0 320.0 350.0 322.0 352.0 322.0 352.0 320.0
352.0 320.0 352.0 322.0 354.0 322.0 354.0 320.0
354.0 320.0 354.0 322.0 356.0 322.0 356.0 320.0
356.0 320.0 356.0 322.0 358.0 322.0 358.0 320.0
358.0 320.0 358.0 322.0 360.0 322.0 360.0 320.0
360.0 320.0 360.0 322.0 362.0 322.0 362.0 320.0
362.0 320.0 362.0 322.0 364.0 322.0 364.0 320.0
364.0 320.0 364.0 322.0 366.0 322.0 366.0 320.0
448.0 320.0 448.0 322.0 450.0 322.0 450.0 320.0
450.0 320.0 450.0 322.0 452.0 322.0 452.0 320.0
452.0 320.0 452.0 322.0 454.0 322.0 454.0 320.0
454.0 320.0 454.0 322.0 456.0 322.0 456.0 320.0
456.0 320.0 456.0 322.0 458.0 322.0 458.0 320.0
458.0 320.0 458.0 322.0 460.0 322.0 460.0 320.0
460.0 320.0 460.0 322.0 462.0 322.0 462.0 320.0
462.0 320.0 462.0 322.0 464.0 322.0 464.0 320.0
464.0 320.0 464.0 322.0 466.0 322.0 466.0 320.0
466.0 320.0 466.0 322.0 468.0 322.0 468.0 320.0
468.0 320.0 468.0 322.0 470.0 322.0 470.0 320.0
470.0 320.0 470.0 322.0 472.0 322.0 472.0 320.0
472.0 320.0 472.0 322.0 474.0 322.0 474.0 320.0
474.0 320.0 474.0 322.0 476.0 322.0 476.0 320.0
476.0 320.0 476.0 322.0 478.0 322.0 478.0 320.0
478.0 320.0 478.0 322.0 480.0 322.0 480.0 320.0
480.0 320.0 480.0 322.0 482.0 322.0 482.0 320.0
482.0 320.0 482.0 322.0 484.0 322.0 484.0 320.0
484.0 320.0 484.0 322.0 486.0 322.0 486.0 320.0
486.0 320.0 486.0 322.0 488.0 322.0 488.0 320.0
488.0 320.0 488.0 322.0 490.0 322.0 490.0 320.0
490.0 320.0 490.0 322.0 492.0 322.0 492.0 320.0
492.0 320.0 492.0 322.0 494.0 322.0 494.0 320.0
494.0 320.0 494.0 322.0 496.0 322.0 496.0 320.0
496.0 320.0 496.0 322.0 498.0 322.0 498.0 320.0
498.0 320.0 498.0 322.0 500.0 322.0 500.0 320.0
500.0 320.0 500.0 322.0 502.0 322.0 502.0 320.0
502.0 320.0 502.0 322.0 504.0 322.0 504.0 320.0
504.0 320.0 504.0 322.0 506.0 322.0 506.0 320.0
506.0 320.0 506.0 322.0 508.0 322.0 508.0 320.0
508.0 320.0 508.0 322.0 510.0 322.0 510.0 320.0
510.0 320.0 510.0 322.0 512.0 322.0 512.0 320.0
0.0 322.0 0.0 324.0 2.0 324.0 2.0 322.0
2.0 322.0 2.0 324.0 4.0 324.0 4.0 322.0
4.0 322.0 4.0 324.0 6.0 324.0 6.0 322.0
6.0 322.0 6.0 324.0 8.0 324.0 8.0 322.0
8.0 322.0 8.0 324.0 10.0 324.0 10.0 322.0
10.0 322.0 10.0 324.0 12.0 324.0 12.0 322.0
12.0 322.0 12.0 324.0 14.0 324.0 14.0 322.0
14.0 322.0 14.0 324.0 16.0 324.0 16.0 322.0
16.0 322.0 16.0 324.0 18.0 324.0 18.0 322.0
18.0 322.0 18.0 324.0 20.0 324.0 20.0 322.0
20.0 322.0 20.0 324.0 22.0 324.0 22.0 322.0
22.0 322.0 22.0 324.0 24.0 324.0 24.0 322.0
24.0 322.0 24.0 324.0 26.0 324.0 26.0 322.0
26.0 322.0 26.0 324.0 28.0 324.0 28.0 322.0
28.0 322.0 28.0 324.0 30.0 324.0 30.0 322.0
30.0 322.0 30.0 324.0 32.0 324.0 32.0 322.0
32.0 322.0 32.0 324.0 34.0 324.0 34.0 322.0
34.0 322.0 34.0 324.0 36.0 324.0 36.0 322.0
36.0 322.0 36.0 324.0 38.0 324.0 38.0 322.0
38.0 322.0 38.0 324.0 40.0 324.0 40.0 322.0
40.0 322.0 40.0 324.0 42.0 324.0 42.0 322.0
42.0 322.0 42.0 324.0 44.0 324.0 44.0 322.0
44.0 322.0 44.0 324.0 46.0 324.0 46.0 322.0
46.0 322.0 46.0 324.0 48.0 324.0 48.0 322.0
48.0 322.0 48.0 324.0 50.0 324.0 50.0 322.0
50.0 322.0 50.0 324.0 52.0 324.0 52.0 322.0
52.0 322.0 52.0 324.0 54.0 324.0 54.0 322.0
54.0 322.0 54.0 324.0 56.0 324.0 56.0 322.0
56.0 322.0 56.0 324.0 58.0 324.0 58.0 322.0
58.0 322.0 58.0 324.0 60.0 324.0 60.0 322.0
60.0 322.0 60.0 324.0 62.0 324.0 62.0 322.0
62.0 322.0 62.0 324.0 64.0 324.0 64.0 322.0
256.0 322.0 256.0 324.0 258.0 324.0 258.0 322.0
258.0 322.0 258.0 324.0 260.0 324.0 260.0 322.0
260.0 322.0 260.0 324.0 262.0 324.0 262.0 322.0
262.0 322.0 262.0 324.0 264.0 324.0 264.0 322.0
264.0 322.0 264.0 324.0 266.0 324.0 266.0 322.0
266.0 322.0 266.0 324.0 268.0 324.0 268.0 322.0
268.0 322.0 268.0 324.0 270.0 324.0 270.0 322.0
270.0 322.0 270.0 324.0 272.0 324.0 272.0 322.0
272.0 322.0 272.0 324.0 274.0 324.0 274.0 322.0
274.0 322.0 274.0 324.0 276.0 324.0 276.0 322.0
276.0 322.0 276.0 324.0 278.0 324.0 278.0 322.0
278.0 322.0 278.0 324.0 280.0 324.0 280.0 322.0
280.0 322.0 280.0 324.0 282.0 324.0 282.0 322.0
282.0 322.0 282.0 324.0 284.0 324.0 284.0 322.0
284.0 322.0 284.0 324.0 286.0 324.0 286.0 322.0
286.0 322.0 286.0 324.0 288.0 324.0 288.0 322.0
288.0 322.0 288.0 324.0 290.0 324.0 290.0 322.0
290.0 322.0 290.0 324.0 292.0 324.0 292.0 322.0
292.0 322.0 292.0 324.0 294.0 324.0 294.0 322.0
294.0 322.0 294.0 324.0 296.0 324.0 296.0 322.0
296.0 322.0 296.0 324.0 298.0 324.0 298.0 322.0
298.0 322.0 298.0 324.0 300.0 324.0 300.0 322.0
300.0 322.0 300.0 324.0 302.0 324.0 302.0 322.0
302.0 322.0 302.0 324.0 304.0 324.0 304.0 322.0
304.0 322.0 304.0 324.0 306.0 324.0 306.0 322.0
306.0 322.0 306.0 324.0 308.0 324.0 308.0 322.0
308.0 322.0 308.0 324.0 310.0 324.0 310.0 322.0
310.0 322.0 310.0 324.0 312.0 324.0 312.0 322.0
312.0 322.0 312.0 324.0 314.0 324.0 314.0 322.0
314.0 322.0 314.0 324.0 316.0 324.0 316.0 322.0
316.0 322.0 316.0 324.0 318.0 324.0 318.0 322.0
318.0 322.0 318.0 324.0 320.0 324.0 320.0 322.0
320.0 322.0 320.0 324.0 322.0 324.0 322.0 322.0
322.0 322.0 322.0 324.0 324.0 324.0 324.0 322.0
324.0 322.0 324.0 324.0 326.0 324.0 326.0 322.0
326.0 322.0 326.0 324.0 328.0 324.0 328.0 322.0
328.0 322.0 328.0 324.0 330.0 324.0 330.0 322.0
330.0 322.0 330.0 324.0 332.0 324.0 332.0 322.0
332.0 322.0 332.0 324.0 334.0 324.0 334.0 322.0
334.0 322.0 334.0 324.0 336.0 324.0 336.0 322.0
336.0 322.0 336.0 324.0 338.0 324.0 338.0 322.0
338.0 322.0 338.0 324.0 340.0 324.0 340.0 322.0
340.0 322.0 340.0 324.0 342.0 324.0 342.0 322.0
342.0 322.0 342.0 324.0 344.0 324.0 344.0 322.0
344.0 322.0 344.0 324.0 346.0 324.0 346.0 322.0
346.0 322.0 346.0 324.0 348.0 324.0 348.0 322.0
348.0 322.0 348.0 324.0 350.0 324.0 350.0 322.0
350.0 322.0 350.0 324.0 352.0 324.0 352.0 322.0
352.0 322.0 352.0 324.0 354.0 324.0 354.0 322.0
354.0 322.0 354.0 324.0 356.0 324.0 356.0 322.0
356.0 322.0 356.0 324.0 358.0 324.0 358.0 322.0
358.0 322.0 358.0 324.0 360.0 324.0 360.0 322.0
360.0 322.0 360.0 324.0 362.0 324.0 362.0 322.0
362.0 322.0 362.0 324.0 364.0 324.0 364.0 322.0
364.0 322.0 364.0 324.0 366.0 324.0 366.0 322.0
448.0 322.0 448.0 324.0 450.0 324.0 450.0 322.0
450.0 322.0 450.0 324.0 452.0 324.0 452.0 322.0
452.0 322.0 452.0 324.0 454.0 324.0 454.0 322.0
454.0 322.0 454.0 324.0 456.0 324.0 456.0 322.0
456.0 322.0 456.0 324.0 458.0 324.0 458.0 322.0
458.0 322.0 458.0 324.0 460.0 324.0 460.0 322.0
460.0 322.0 460.0 324.0 462.0 324.0 462.0 322.0
462.0 322.0 462.0 324.0 464.0 324.0 464.0 322.0
464.0 322.0 464.0 324.0 466.0 324.0 466.0 322.0
466.0 322.0 466.0 324.0 468.0 324.0 468.0 322.0
468.0 322.0 468.0 324.0 470.0 324.0 470.0 322.0
470.0 322.0 470.0 324.0 472.0 324.0 472.0 322.0
472.0 322.0 472.0 324.0 474.0 324.0 474.0 322.0
474.0 322.0 474.0 324.0 476.0 324.0 476.0 322.0
476.0 322.0 476.0 324.0 478.0 324.0 478.0 322.0
478.0 322.0 478.0 324.0 480.0 324.0 480.0 322.0
480.0 322.0 480.0 324.0 482.0 324.0 482.0 322.0
482.0 322.0 482.0 324.0 484.0 324.0 484.0 322.0
484.0 322.0 484.0 324.0 486.0 324.0 486.0 322.0
486.0 322.0 486.0 324.0 488.0 324.0 488.0 322.0
488.0 322.0 488.0 324.0 490.0 324.0 490.0 322.0
490.0 322.0 490.0 324.0 492.0 324.0 492.0 322.0
492.0 322.0 492.0 324.0 494.0 324.0 494.0 322.0
494.0 322.0 494.0 324.0 496.0 324.0 496.0 322.0
496.0 322.0 496.0 324.0 498.0 324.0 498.0 322.0
498.0 322.0 498.0 324.0 500.0 324.0 500.0 322.0
500.0 322.0 500.0 324.0 502.0 324.0 502.0 322.0
502.0 322.0 502.0 324.0 504.0 324.0 504.0 322.0
504.0 322.0 504.0 324.0 506.0 324.0 506.0 322.0
506.0 322.0 506.0 324.0 508.0 324.0 508.0 322.0
508.0 322.0 508.0 324.0 510.0 324.0 510.0 322.0
510.0 322.0 510.0 324.0 512.0 324.0 512.0 322.0
0.0 324.0 0.0 326.0 2.0 326.0 2.0 324.0
2.0 324.0 2.0 326.0 4.0 326.0 4.0 324.0
4.0 324.0 4.0 326.0 6.0 326.0 6.0 324.0
6.0 324.0 6.0 326.0 8.0 326.0 8.0 324.0
8.0 324.0 8.0 326.0 10.0 326.0 10.0 324.0
10.0 324.0 10.0 326.0 12.0 326.0 12.0 324.0
12.0 324.0 12.0 326.0 14.0 326.0 14.0 324.0
14.0 324.0 14.0 326.0 16.0 326.0 16.0 324.0
16.0 324.0 16.0 326.0 18.0 326.0 18.0 324.0
18.0 324.0 18.0 326.0 20.0 326.0 20.0 324.0
20.0 324.0 20.0 326.0 22.0 326.0 22.0 324.0
22.0 324.0 22.0 326.0 24.0 326.0 24.0 324.0
24.0 324.0 24.0 326.0 26.0 326.0 26.0 324.0
26.0 324.0 26.0 326.0 28.0 326.0 28.0 324.0
28.0 324.0 28.0 326.0 30.0 326.0 30.0 324.0
30.0 324.0 30.0 326.0 32.0 326.0 32.0 324.0
32.0 324.0 32.0 326.0 34.0 326.0 34.0 324.0
34.0 324.0 34.0 326.0 36.0 326.0 36.0 324.0
36.0 324.0 36.0 326.0 38.0 326.0 38.0 324.0
38.0 324.0 38.0 326.0 40.0 326.0 40.0 324.0
40.0 324.0 40.0 326.0 42.0 326.0 42.0 324.0
42.0 324.0 42.0 326.0 44.0 326.0 44.0 324.0
44.0 324.0 44.0 326.0 46.0 326.0 46.0 324.0
46.0 324.0 46.0 326.0 48.0 326.0 48.0 324.0
48.0 324.0 48.0 326.0 50.0 326.0 50.0 324.0
50.0 324.0 50.0 326.0 52.0 326.0 52.0 324.0
52.0 324.0 52.0 326.0 54.0 326.0 54.0 324.0
54.0 324.0 54.0 326.0 56.0 326.0 56.0 324.0
56.0 324.0 56.0 326.0 58.0 326.0 58.0 324.0
58.0 324.0 58.0 326.0 60.0 326.0 60.0 324.0
60.0 324.0 60.0 326.0 62.0 326.0 62.0 324.0
62.0 324.0 62.0 326.0 64.0 326.0 64.0 324.0
64.0 324.0 64.0 326.0 66.0 326.0 66.0 324.0
258.0 324.0 258.0 326.0 260.0 326.0 260.0 324.0
260.0 324.0 260.0 326.0 262.0 326.0 262.0 324.0
262.0 324.0 262.0 326.0 264.0 326.0 264.0 324.0
264.0 324.0 264.0 326.0 266.0 326.0 266.0 324.0
266.0 324.0 266.0 326.0 268.0 326.0 268.0 324.0
268.0 324.0 268.0 326.0 270.0 326.0 270.0 324.0
270.0 324.0 270.0 326.0 272.0 326.0 272.0 324.0
272.0 324.0 272.0 326.0 274.0 326.0 274.0 324.0
274.0 324.0 274.0 326.0 276.0 326.0 276.0 324.0
276.0 324.0 276.0 326.0 278.0 326.0 278.0 324.0
278.0 324.0 278.0 326.0 280.0 326.0 280.0 324.0
280.0 324.0 280.0 326.0 282.0 326.0 282.0 324.0
282.0 324.0 282.0 326.0 284.0 326.0 284.0 324.0
284.0 324.0 284.0 326.0 286.0 326.0 286.0 324.0
286.0 324.0 286.0 326.0 288.0 326.0 288.0 324.0
288.0 324.0 288.0 326.0 290.0 326.0 290.0 324.0
290.0 324.0 290.0 326.0 292.0 326.0 292.0 324.0
292.0 324.0 292.0 326.0 294.0 326.0 294.0 324.0
294.0 324.0 294.0 326.0 296.0 326.0 296.0 324.0
296.0 324.0 296.0 326.0 298.0 326.0 298.0 324.0
298.0 324.0 298.0 326.0 300.0 326.0 300.0 324.0
300.0 324.0 300.0 326.0 302.0 326.0 302.0 324.0
302.0 324.0 302.0 326.0 304.0 326.0 304.0 324.0
304.0 324.0 304.0 326.0 306.0 326.0 306.0 324.0
306.0 324.0 306.0 326.0 308.0 326.0 308.0 324.0
308.0 324.0 308.0 326.0 310.0 326.0 310.0 324.0
310.0 324.0 310.0 326.0 312.0 326.0 312.0 324.0
312.0 324.0 312.0 326.0 314.0 326.0 314.0 324.0
314.0 324.0 314.0 326.0 316.0 326.0 316.0 324.0
316.0 324.0 316.0 326.0 318.0 326.0 318.0 324.0
318.0 324.0 318.0 326.0 320.0 326.0 320.0 324.0
320.0 324.0 320.0 326.0 322.0 326.0 322.0 324.0
322.0 324.0 322.0 326.0 324.0 326.0 324.0 324.0
324.0 324.0 324.0 326.0 326.0 326.0 326.0 324.0
326.0 324.0 326.0 326.0 328.0 326.0 328.0 324.0
328.0 324.0 328.0 326.0 330.0 326.0 330.0 324.0
330.0 324.0 330.0 326.0 332.0 326.0 332.0 324.0
332.0 324.0 332.0 326.0 334.0 326.0 334.0 324.0
334.0 324.0 334.0 326.0 336.0 326.0 336.0 324.0
336.0 324.0 336.0 326.0 338.0 326.0 338.0 324.0
338.0 324.0 338.0 326.0 340.0 326.0 340.0 324.0
340.0 324.0 340.0 326.0 342.0 326.0 342.0 324.0
342.0 324.0 342.0 326.0 344.0 326.0 344.0 324.0
344.0 324.0 344.0 326.0 346.0 326.0 346.0 324.0
346.0 324.0 346.0 326.0 348.0 326.0 348.0 324.0
348.0 324.0 348.0 326.0 350.0 326.0 350.0 324.0
350.0 324.0 350.0 326.0 352.0 326.0 352.0 324.0
352.0 324.0 352.0 326.0 354.0 326.0 354.0 324.0
354.0 324.0 354.0 326.0 356.0 326.0 356.0 324.0
356.0 324.0 356.0 326.0 358.0 326.0 358.0 324.0
358.0 324.0 358.0 326.0 360.0 326.0 360.0 324.0
360.0 324.0 360.0 326.0 362.0 326.0 362.0 324.0
362.0 324.0 362.0 326.0 364.0 326.0 364.0 324.0
364.0 324.0 364.0 326.0 366.0 326.0 366.0 324.0
448.0 324.0 448.0 326.0 450.0 326.0 450.0 324.0
450.0 324.0 450.0 326.0 452.0 326.0 452.0 324.0
452.0 324.0 452.0 326.0 454.0 326.0 454.0 324.0
454.0 324.0 454.0 326.0 456.0 326.0 456.0 324.0
456.0 324.0 456.0 326.0 458.0 326.0 458.0 324.0
458.0 324.0 458.0 326.0 460.0 326.0 460.0 324.0
460.0 324.0 460.0 326.0 462.0 326.0 462.0 324.0
462.0 324.0 462.0 326.0 464.0 326.0 464.0 324.0
464.0 324.0 464.0 326.0 466.0 326.0 466.0 324.0
466.0 324.0 466.0 326.0 468.0 326.0 468.0 324.0
468.0 324.0 468.0 326.0 470.0 326.0 470.0 324.0
470.0 324.0 470.0 326.0 472.0 326.0 472.0 324.0
472.0 324.0 472.0 326.0 474.0 326.0 474.0 324.0
474.0 324.0 474.0 326.0 476.0 326.0 476.0 324.0
476.0 324.0 476.0 326.0 478.0 326.0 478.0 324.0
478.0 324.0 478.0 326.0 480.0 326.0 480.0 324.0
480.0 324.0 480.0 326.0 482.0 326.0 482.0 324.0
482.0 324.0 482.0 326.0 484.0 326.0 484.0 324.0
484.0 324.0 484.0 326.0 486.0 326.0 486.0 324.0
486.0 324.0 486.0 326.0 488.0 326.0 488.0 324.0
488.0 324.0 488.0 326.0 490.0 326.0 490.0 324.0
490.0 324.0 490.0 326.0 492.0 326.0 492.0 324.0
492.0 324.0 492.0 326.0 494.0 326.0 494.0 324.0
494.0 324.0 494.0 326.0 496.0 326.0 496.0 324.0
496.0 324.0 496.0 326.0 498.0 326.0 498.0 324.0
498.0 324.0 498.0 326.0 500.0 326.0 500.0 324.0
500.0 324.0 500.0 326.0 502.0 326.0 502.0 324.0
502.0 324.0 502.0 326.0 504.0 326.0 504.0 324.0
504.0 324.0 504.0 326.0 506.0 326.0 506.0 324.0
506.0 324.0 506.0 326.0 508.0 326.0 508.0 324.0
508.0 324.0 508.0 326.0 510.0 326.0 510.0 324.0
510.0 324.0 510.0 326.0 512.0 326.0 512.0 324.0
0.0 326.0 0.0 328.0 2.0 328.0 2.0 326.0
2.0 326.0 2.0 328.0 4.0 328.0 4.0 326.0
4.0 326.0 4.0 328.0 6.0 328.0 6.0 326.0
6.0 326.0 6.0 328.0 8.0 328.0 8.0 326.0
8.0 326.0 8.0 328.0 10.0 328.0 10.0 326.0
10.0 326.0 10.0 328.0 12.0 328.0 12.0 326.0
12.0 326.0 12.0 328.0 14.0 328.0 14.0 326.0
14.0 326.0 14.0 328.0 16.0 328.0 16.0 326.0
16.0 326.0 16.0 328.0 18.0 328.0 18.0 326.0
18.0 326.0 18.0 328.0 20.0 328.0 20.0 326.0
20.0 326.0 20.0 328.0 22.0 328.0 22.0 326.0
22.0 326.0 22.0 328.0 24.0 328.0 24.0 326.0
24.0 326.0 24.0 328.0 26.0 328.0 26.0 326.0
26.0 326.0 26.0 328.0 28.0 328.0 28.0 326.0
28.0 326.0 28.0 328.0 30.0 328.0 30.0 326.0
30.0 326.0 30.0 328.0 32.0 328.0 32.0 326.0
32.0 326.0 32.0 328.0 34.0 328.0 34.0 326.0
34.0 326.0 34.0 328.0 36.0 328.0 36.0 326.0
36.0 326.0 36.0 328.0 38.0 328.0 38.0 326.0
38.0 326.0 38.0 328.0 40.0 328.0 40.0 326.0
40.0 326.0 40.0 328.0 42.0 328.0 42.0 326.0
42.0 326.0 42.0 328.0 44.0 328.0 44.0 326.0
44.0 326.0 44.0 328.0 46.0 328.0 46.0 326.0
46.0 326.0 46.0 328.0 48.0 328.0 48.0 326.0
48.0 326.0 48.0 328.0 50.0 328.0 50.0 326.0
50.0 326.0 50.0 328.0 52.0 328.0 52.0 326.0
52.0 326.0 52.0 328.0 54.0 328.0 54.0 326.0
54.0 326.0 54.0 328.0 56.0 328.0 56.0 326.0
56.0 326.0 56.0 328.0 58.0 328.0 58.0 326.0
58.0 326.0 58.0 328.0 60.0 328.0 60.0 326.0
60.0 326.0 60.0 328.0 62.0 328.0 62.0 326.0
62.0 326.0 62.0 328.0 64.0 328.0 64.0 326.0
64.0 326.0 64.0 328.0 66.0 328.0 66.0 326.0
258.0 326.0 258.0 328.0 260.0 328.0 260.0 326.0
260.0 326.0 260.0 328.0 262.0 328.0 262.0 326.0
262.0 326.0 262.0 328.0 264.0 328.0 264.0 326.0
264.0 326.0 264.0 328.0 266.0 328.0 266.0 326.0
266.0 326.0 266.0 328.0 268.0 328.0 268.0 326.0
268.0 326.0 268.0 328.0 270.0 328.0 270.0 326.0
270.0 326.0 270.0 328.0 272.0 328.0 272.0 326.0
272.0 326.0 272.0 328.0 274.0 328.0 274.0 326.0
274.0 326.0 274.0 328.0 276.0 328.0 276.0 326.0
276.0 326.0 276.0 328.0 278.0 328.0 278.0 326.0
278.0 326.0 278.0 328.0 280.0 328.0 280.0 326.0
280.0 326.0 280.0 328.0 282.0 328.0 282.0 326.0
282.0 326.0 282.0 328.0 284.0 328.0 284.0 326.0
284.0 326.0 284.0 328.0 286.0 328.0 286.0 326.0
286.0 326.0 286.0 328.0 288.0 328.0 288.0 326.0
288.0 326.0 288.0 328.0 290.0 328.0 290.0 326.0
290.0 326.0 290.0 328.0 292.0 328.0 292.0 326.0
292.0 326.0 292.0 328.0 294.0 328.0 294.0 326.0
294.0 326.0 294.0 328.0 296.0 328.0 296.0 326.0
296.0 326.0 296.0 328.0 298.0 328.0 298.0 326.0
298.0 326.0 298.0 328.0 300.0 328.0 300.0 326.0
300.0 326.0 300.0 328.0 302.0 328.0 302.0 326.0
302.0 326.0 302.0 328.0 304.0 328.0 304.0 326.0
304.0 326.0 304.0 328.0 306.0 328.0 306.0 326.0
306.0 326.0 306.0 328.0 308.0 328.0 308.0 326.0
308.0 326.0 308.0 328.0 310.0 328.0 310.0 326.0
310.0 326.0 310.0 328.0 312.0 328.0 312.0 326.0
312.0 326.0 312.0 328.0 314.0 328.0 314.0 326.0
314.0 326.0 314.0 328.0 316.0 328.0 316.0 326.0
316.0 326.0 316.0 328.0 318.0 328.0 318.0 326.0
318.0 326.0 318.0 328.0 320.0 328.0 320.0 326.0
320.0 326.0 320.0 328.0 322.0 328.0 322.0 326.0
322.0 326.0 322.0 328.0 324.0 328.0 324.0 326.0
324.0 326.0 324.0 328.0 326.0 328.0 326.0 326.0
326.0 326.0 326.0 328.0 328.0 328.0 328.0 326.0
328.0 326.0 328.0 328.0 330.0 328.0 330.0 326.0
330.0 326.0 330.0 328.0 332.0 328.0 332.0 326.0
332.0 326.0 332.0 328.0 334.0 328.0 334.0 326.0
334.0 326.0 334.0 328.0 336.0 328.0 336.0 326.0
336.0 326.0 336.0 328.0 338.0 328.0 338.0 326.0
338.0 326.0 338.0 328.0 340.0 328.0 340.0 326.0
340.0 326.0 340.0 328.0 342.0 328.0 342.0 326.0
342.0 326.0 342.0 328.0 344.0 328.0 344.0 326.0
344.0 326.0 344.0 328.0 346.0 328.0 346.0 326.0
346.0 326.0 346.0 328.0 348.0 328.0 348.0 326.0
348.0 326.0 348.0 328.0 350.0 328.0 350.0 326.0
350.0 326.0 350.0 328.0 352.0 328.0 352.0 326.0
352.0 326.0 352.0 328.0 354.0 328.0 354.0 326.0
354.0 326.0 354.0 328.0 356.0 328.0 356.0 326.0
356.0 326.0 356.0 328.0 358.0 328.0 358.0 326.0
358.0 326.0 358.0 328.0 360.0 328.0 360.0 326.0
360.0 326.0 360.0 328.0 362.0 328.0 362.0 326.0
362.0 326.0 362.0 328.0 364.0 328.0 364.0 326.0
364.0 326.0 364.0 328.0 366.0 328.0 366.0 326.0
366.0 326.0 366.0 328.0 368.0 328.0 368.0 326.0
448.0 326.0 448.0 328.0 450.0 328.0 450.0 326.0
450.0 326.0 450.0 328.0 452.0 328.0 452.0 326.0
452.0 326.0 452.0 328.0 454.0 328.0 454.0 326.0
454.0 326.0 454.0 328.0 456.0 328.0 456.0 326.0
456.0 326.0 456.0 328.0 458.0 328.0 458.0 326.0
458.0 326.0 458.0 328.0 460.0 328.0 460.0 326.0
460.0 326.0 460.0 328.0 462.0 328.0 462.0 326.0
462.0 326.0 462.0 328.0 464.0 328.0 464.0 326.0
464.0 326.0 464.0 328.0 466.0 328.0 466.0 326.0
466.0 326.0 466.0 328.0 468.0 328.0 468.0 326.0
468.0 326.0 468.0 328.0 470.0 328.0 470.0 326.0
470.0 326.0 470.0 328.0 472.0 328.0 472.0 326.0
472.0 326.0 472.0 328.0 474.0 328.0 474.0 326.0
474.0 326.0 474.0 328.0 476.0 328.0 476.0 326.0
476.0 326.0 476.0 328.0 478.0 328.0 478.0 326.0
478.0 326.0 478.0 328.0 480.0 328.0 480.0 326.0
480.0 326.0 480.0 328.0 482.0 328.0 482.0 326.0
482.0 326.0 482.0 328.0 484.0 328.0 484.0 326.0
484.0 326.0 484.0 328.0 486.0 328.0 486.0 326.0
486.0 326.0 486.0 328.0 488.0 328.0 488.0 326.0
488.0 326.0 488.0 328.0 490.0 328.0 490.0 326.0
490.0 326.0 490.0 328.0 492.0 328.0 492.0 326.0
492.0 326.0 492.0 328.0 494.0 328.0 494.0 326.0
494.0 326.0 494.0 328.0 496.0 328.0 496.0 326.0
496.0 326.0 496.0 328.0 498.0 328.0 498.0 326.0
498.0 326.0 498.0 328.0 500.0 328.0 500.0 326.0
500.0 326.0 500.0 328.0 502.0 328.0 502.0 326.0
502.0 326.0 502.0 328.0 504.0 328.0 504.0 326.0
504.0 326.0 504.0 328.0 506.0 328.0 506.0 326.0
506.0 326.0 506.0 328.0 508.0 328.0 508.0 326.0
508.0 326.0 508.0 328.0 510.0 328.0 510.0 326.0
510.0 326.0 510.0 328.0 512.0 328.0 512.0 326.0
0.0 328.0 0.0 330.0 2.0 330.0 2.0 328.0
2.0 328.0 2.0 330.0 4.0 330.0 4.0 328.0
4.0 328.0 4.0 330.0 6.0 330.0 6.0 328.0
6.0 328.0 6.0 330.0 8.0 330.0 8.0 328.0
8.0 328.0 8.0 330.0 10.0 330.0 10.0 328.0
10.0 328.0 10.0 330.0 12.0 330.0 12.0 328.0
12.0 328.0 12.0 330.0 14.0 330.0 14.0 328.0
14.0 328.0 14.0 330.0 16.0 330.0 16.0 328.0
16.0 328.0 16.0 330.0 18.0 330.0 18.0 328.0
18.0 328.0 18.0 330.0 20.0 330.0 20.0 328.0
20.0 328.0 20.0 330.0 22.0 330.0 22.0 328.0
22.0 328.0 22.0 330.0 24.0 330.0 24.0 328.0
24.0 328.0 24.0 330.0 26.0 330.0 26.0 328.0
26.0 328.0 26.0 330.0 28.0 330.0 28.0 328.0
28.0 328.0 28.0 330.0 30.0 330.0 30.0 328.0
30.0 328.0 30.0 330.0 32.0 330.0 32.0 328.0
32.0 328.0 32.0 330.0 34.0 330.0 34.0 328.0
34.0 328.0 34.0 330.0 36.0 330.0 36.0 328.0
36.0 328.0 36.0 330.0 38.0 330.0 38.0 328.0
38.0 328.0 38.0 330.0 40.0 330.0 40.0 328.0
40.0 328.0 40.0 330.0 42.0 330.0 42.0 328.0
42.0 328.0 42.0 330.0 44.0 330.0 44.0 328.0
44.0 328.0 44.0 330.0 46.0 330.0 46.0 328.0
46.0 328.0 46.0 330.0 48.0 330.0 48.0 328.0
48.0 328.0 48.0 330.0 50.0 330.0 50.0 328.0
50.0 328.0 50.0 330.0 52.0 330.0 52.0 328.0
52.0 328.0 52.0 330.0 54.0 330.0 54.0 328.0
54.0 328.0 54.0 330.0 56.0 330.0 56.0 328.0
56.0 328.0 56.0 330.0 58.0 330.0 58.0 328.0
58.0 328.0 58.0 330.0 60.0 330.0 60.0 328.0
60.0 328.0 60.0 330.0 62.0 330.0 62.0 328.0
62.0 328.0 62.0 330.0 64.0 330.0 64.0 328.0
64.0 328.0 64.0 330.0 66.0 330.0 66.0 328.0
258.0 328.0 258.0 330.0 260.0 330.0 260.0 328.0
260.0 328.0 260.0 330.0 262.0 330.0 262.0 328.0
262.0 328.0 262.0 330.0 264.0 330.0 264.0 328.0
264.0 328.0 264.0 330.0 266.0 330.0 266.0 328.0
266.0 328.0 266.0 330.0 268.0 330.0 268.0 328.0
268.0 328.0 268.0 330.0 270.0 330.0 270.0 328.0
270.0 328.0 270.0 330.0 272.0 330.0 272.0 328.0
272.0 328.0 272.0 330.0 274.0 330.0 274.0 328.0
274.0 328.0 274.0 330.0 276.0 330.0 276.0 328.0
276.0 328.0 276.0 330.0 278.0 330.0 278.0 328.0
278.0 328.0 278.0 330.0 280.0 330.0 280.0 328.0
280.0 328.0 280.0 330.0 282.0 330.0 282.0 328.0
282.0 328.0 282.0 330.0 284.0 330.0 284.0 328.0
284.0 328.0 284.0 330.0 286.0 330.0 286.0 328.0
286.0 328.0 286.0 330.0 288.0 330.0 288.0 328.0
288.0 328.0 288.0 330.0 290.0 330.0 290.0 328.0
290.0 328.0 290.0 330.0 292.0 330.0 292.0 328.0
292.0 328.0 292.0 330.0 294.0 330.0 294.0 328.0
294.0 328.0 294.0 330.0 296.0 330.0 296.0 328.0
296.0 328.0 296.0 330.0 298.0 330.0 298.0 328.0
298.0 328.0 298.0 330.0 300.0 330.0 300.0 328.0
300.0 328.0 300.0 330.0 302.0 330.0 302.0 328.0
302.0 328.0 302.0 330.0 304.0 330.0 304.0 328.0
304.0 328.0 304.0 330.0 306.0 330.0 306.0 328.0
306.0 328.0 306.0 330.0 308.0 330.0 308.0 328.0
308.0 328.0 308.0 330.0 310.0 330.0 310.0 328.0
310.0 328.0 310.0 330.0 312.0 330.0 312.0 328.0
312.0 328.0 312.0 330.0 314.0 330.0 314.0 328.0
314.0 328.0 314.0 330.0 316.0 330.0 316.0 328.0
316.0 328.0 316.0 330.0 318.0 330.0 318.0 328.0
318.0 328.0 318.0 330.0 320.0 330.0 320.0 328.0
320.0 328.0 320.0 330.0 322.0 330.0 322.0 328.0
322.0 328.0 322.0 330.0 324.0 330.0 324.0 328.0
324.0 328.0 324.0 330.0 326.0 330.0 326.0 328.0
326.0 328.0 326.0 330.0 328.0 330.0 328.0 328.0
328.0 328.0 328.0 330.0 330.0 330.0 330.0 328.0
330.0 328.0 330.0 330.0 332.0 330.0 332.0 328.0
332.0 328.0 332.0 330.0 334.0 330.0 334.0 328.0
334.0 328.0 334.0 330.0 336.0 330.0 336.0 328.0
336.0 328.0 336.0 330.0 338.0 330.0 338.0 328.0
338.0 328.0 338.0 330.0 340.0 330.0 340.0 328.0
340.0 328.0 340.0 330.0 342.0 330.0 342.0 328.0
342.0 328.0 342.0 330.0 344.0 330.0 344.0 328.0
344.0 328.0 344.0 330.0 346.0 330.0 346.0 328.0
346.0 328.0 346.0 330.0 348.0 330.0 348.0 328.0
348.0 328.0 348.0 330.0 350.0 330.0 350.0 328.0
350.0 328.0 350.0 330.0 352.0 330.0 352.0 328.0
352.0 328.0 352.0 330.0 354.0 330.0 354.0 328.0
354.0 328.0 354.0 330.0 356.0 330.0 356.0 328.0
356.0 328.0 356.0 330.0 358.0 330.0 358.0 328.0
358.0 328.0 358.0 330.0 360.0 330.0 360.0 328.0
360.0 328.0 360.0 330.0 362.0 330.0 362.0 328.0
362.0 328.0 362.0 330.0 364.0 330.0 364.0 328.0
364.0 328.0 364.0 330.0 366.0 330.0 366.0 328.0
366.0 328.0 366.0 330.0 368.0 330.0 368.0 328.0
448.0 328.0 448.0 330.0 450.0 330.0 450.0 328.0
450.0 328.0 450.0 330.0 452.0 330.0 452.0 328.0
452.0 328.0 452.0 330.0 454.0 330.0 454.0 328.0
454.0 328.0 454.0 330.0 456.0 330.0 456.0 328.0
456.0 328.0 456.0 330.0 458.0 330.0 458.0 328.0
458.0 328.0 458.0 330.0 460.0 330.0 460.0 328.0
460.0 328.0 460.0 330.0 462.0 330.0 462.0 328.0
462.0 328.0 462.0 330.0 464.0 330.0 464.0 328.0
464.0 328.0 464.0 330.0 466.0 330.0 466.0 328.0
466.0 328.0 466.0 330.0 468.0 330.0 468.0 328.0
468.0 328.0 468.0 330.0 470.0 330.0 470.0 328.0
470.0 328.0 470.0 330.0 472.0 330.0 472.0 328.0
472.0 328.0 472.0 330.0 474.0 330.0 474.0 328.0
474.0 328.0 474.0 330.0 476.0 330.0 476.0 328.0
476.0 328.0 476.0 330.0 478.0 330.0 478.0 328.0
478.0 328.0 478.0 330.0 480.0 330.0 480.0 328.0
480.0 328.0 480.0 330.0 482.0 330.0 482.0 328.0
482.0 328.0 482.0 330.0 484.0 330.0 484.0 328.0
484.0 328.0 484.0 330.0 486.0 330.0 486.0 328.0
486.0 328.0 486.0 330.0 488.0 330.0 488.0 328.0
488.0 328.0 488.0 330.0 490.0 330.0 490.0 328.0
490.0 328.0 490.0 330.0 492.0 330.0 492.0 328.0
492.0 328.0 492.0 330.0 494.0 330.0 494.0 328.0
494.0 328.0 494.0 330.0 496.0 330.0 496.0 328.0
496.0 328.0 496.0 330.0 498.0 330.0 498.0 328.0
498.0 328.0 498.0 330.0 500.0 330.0 500.0 328.0
500.0 328.0 500.0 330.0 502.0 330.0 502.0 328.0
502.0 328.0 502.0 330.0 504.0 330.0 504.0 328.0
504.0 328.0 504.0 330.0 506.0 330.0 506.0 328.0
506.0 328.0 506.0 330.0 508.0 330.0 508.0 328.0
508.0 328.0 508.0 330.0 510.0 330.0 510.0 328.0
510.0 328.0 510.0 330.0 512.0 330.0 512.0 328.0
0.0 330.0 0.0 332.0 2.0 332.0 2.0 330.0
2.0 330.0 2.0 332.0 4.0 332.0 4.0 330.0
4.0 330.0 4.0 332.0 6.0 332.0 6.0 330.0
6.0 330.0 6.0 332.0 8.0 332.0 8.0 330.0
8.0 330.0 8.0 332.0 10.0 332.0 10.0 330.0
10.0 330.0 10.0 332.0 12.0 332.0 12.0 330.0
12.0 330.0 12.0 332.0 14.0 332.0 14.0 330.0
14.0 330.0 14.0 332.0 16.0 332.0 16.0 330.0
16.0 330.0 16.0 332.0 18.0 332.0 18.0 330.0
18.0 330.0 18.0 332.0 20.0 332.0 20.0 330.0
20.0 330.0 20.0 332.0 22.0 332.0 22.0 330.0
22.0 330.0 22.0 332.0 24.0 332.0 24.0 330.0
24.0 330.0 24.0 332.0 26.0 332.0 26.0 330.0
26.0 330.0 26.0 332.0 28.0 332.0 28.0 330.0
28.0 330.0 28.0 332.0 30.0 332.0 30.0 330.0
30.0 330.0 30.0 332.0 32.0 332.0 32.0 330.0
32.0 330.0 32.0 332.0 34.0 332.0 34.0 330.0
34.0 330.0 34.0 332.0 36.0 332.0 36.0 330.0
36.0 330.0 36.0 332.0 38.0 332.0 38.0 330.0
38.0 330.0 38.0 332.0 40.0 332.0 40.0 330.0
40.0 330.0 40.0 332.0 42.0 332.0 42.0 330.0
42.0 330.0 42.0 332.0 44.0 332.0 44.0 330.0
44.0 330.0 44.0 332.0 46.0 332.0 46.0 330.0
46.0 330.0 46.0 332.0 48.0 332.0 48.0 330.0
48.0 330.0 48.0 332.0 50.0 332.0 50.0 330.0
50.0 330.0 50.0 332.0 52.0 332.0 52.0 330.0
52.0 330.0 52.0 332.0 54.0 332.0 54.0 330.0
54.0 330.0 54.0 332.0 56.0 332.0 56.0 330.0
56.0 330.0 56.0 332.0 58.0 332.0 58.0 330.0
58.0 330.0 58.0 332.0 60.0 332.0 60.0 330.0
60.0 330.0 60.0 332.0 62.0 332.0 62.0 330.0
62.0 330.0 62.0 332.0 64.0 332.0 64.0 330.0
64.0 330.0 64.0 332.0 66.0 332.0 66.0 330.0
258.0 330.0 258.0 332.0 260.0 332.0 260.0 330.0
260.0 330.0 260.0 332.0 262.0 332.0 262.0 330.0
262.0 330.0 262.0 332.0 264.0 332.0 264.0 330.0
264.0 330.0 264.0 332.0 266.0 332.0 266.0 330.0
266.0 330.0 266.0 332.0 268.0 332.0 268.0 330.0
268.0 330.0 268.0 332.0 270.0 332.0 270.0 330.0
270.0 330.0 270.0 332.0 272.0 332.0 272.0 330.0
272.0 330.0 272.0 332.0 274.0 332.0 274.0 330.0
274.0 330.0 274.0 332.0 276.0 332.0 276.0 330.0
276.0 330.0 276.0 332.0 278.0 332.0 278.0 330.0
278.0 330.0 278.0 332.0 280.0 332.0 280.0 330.0
280.0 330.0 280.0 332.0 282.0 332.0 282.0 330.0
282.0 330.0 282.0 332.0 284.0 332.0 284.0 330.0
284.0 330.0 284.0 332.0 286.0 332.0 286.0 330.0
286.0 330.0 286.0 332.0 288.0 332.0 288.0 330.0
288.0 330.0 288.0 332.0 290.0 332.0 290.0 330.0
290.0 330.0 290.0 332.0 292.0 332.0 292.0 330.0
292.0 330.0 292.0 332.0 294.0 332.0 294.0 330.0
294.0 330.0 294.0 332.0 296.0 332.0 296.0 330.0
296.0 330.0 296.0 332.0 298.0 332.0 298.0 330.0
298.0 330.0 298.0 332.0 300.0 332.0 300.0 330.0
300.0 330.0 300.0 332.0 302.0 332.0 302.0 330.0
302.0 330.0 302.0 332.0 304.0 332.0 304.0 330.0
304.0 330.0 304.0 332.0 306.0 332.0 306.0 330.0
306.0 330.0 306.0 332.0 308.0 332.0 308.0 330.0
308.0 330.0 308.0 332.0 310.0 332.0 310.0 330.0
310.0 330.0 310.0 332.0 312.0 332.0 312.0 330.0
312.0 330.0 312.0 332.0 314.0 332.0 314.0 330.0
314.0 330.0 314.0 332.0 316.0 332.0 316.0 330.0
316.0 330.0 316.0 332.0 318.0 332.0 318.0 330.0
318.0 330.0 318.0 332.0 320.0 332.0 320.0 330.0
320.0 330.0 320.0 332.0 322.0 332.0 322.0 330.0
322.0 330.0 322.0 332.0 324.0 332.0 324.0 330.0
324.0 330.0 324.0 332.0 326.0 332.0 326.0 330.0
326.0 330.0 326.0 332.0 328.0 332.0 328.0 330.0
328.0 330.0 328.0 332.0 330.0 332.0 330.0 330.0
330.0 330.0 330.0 332.0 332.0 332.0 332.0 330.0
332.0 330.0 332.0 332.0 334.0 332.0 334.0 330.0
334.0 330.0 334.0 332.0 336.0 332.0 336.0 330.0
336.0 330.0 336.0 332.0 338.0 332.0 338.0 330.0
338.0 330.0 338.0 332.0 340.0 332.0 340.0 330.0
340.0 330.0 340.0 332.0 342.0 332.0 342.0 330.0
342.0 330.0 342.0 332.0 344.0 332.0 344.0 330.0
344.0 330.0 344.0 332.0 346.0 332.0 346.0 330.0
346.0 330.0 346.0 332.0 348.0 332.0 348.0 330.0
348.0 330.0 348.0 332.0 350.0 332.0 350.0 330.0
350.0 330.0 350.0 332.0 352.0 332.0 352.0 330.0
352.0 330.0 352.0 332.0 354.0 332.0 354.0 330.0
354.0 330.0 354.0 332.0 356.0 332.0 356.0 330.0
356.0 330.0 356.0 332.0 358.0 332.0 358.0 330.0
358.0 330.0 358.0 332.0 360.0 332.0 360.0 330.0
360.0 330.0 360.0 332.0 362.0 332.0 362.0 330.0
362.0 330.0 362.0 332.0 364.0 332.0 364.0 330.0
364.0 330.0 364.0 332.0 366.0 332.0 366.0 330.0
366.0 330.0 366.0 332.0 368.0 332.0 368.0 330.0
448.0 330.0 448.0 332.0 450.0 332.0 450.0 330.0
450.0 330.0 450.0 332.0 452.0 332.0 452.0 330.0
452.0 330.0 452.0 332.0 454.0 332.0 454.0 330.0
454.0 330.0 454.0 332.0 456.0 332.0 456.0 330.0
456.0 330.0 456.0 332.0 458.0 332.0 458.0 330.0
458.0 330.0 458.0 332.0 460.0 332.0 460.0 330.0
460.0 330.0 460.0 332.0 462.0 332.0 462.0 330.0
462.0 330.0 462.0 332.0 464.0 332.0 464.0 330.0
464.0 330.0 464.0 332.0 466.0 332.0 466.0 330.0
466.0 330.0 466.0 332.0 468.0 332.0 468.0 330.0
468.0 330.0 468.0 332.0 470.0 332.0 470.0 330.0
470.0 330.0 470.0 332.0 472.0 332.0 472.0 330.0
472.0 330.0 472.0 332.0 474.0 332.0 474.0 330.0
474.0 330.0 474.0 332.0 476.0 332.0 476.0 330.0
476.0 330.0 476.0 332.0 478.0 332.0 478.0 330.0
478.0 330.0 478.0 332.0 480.0 332.0 480.0 330.0
480.0 330.0 480.0 332.0 482.0 332.0 482.0 330.0
482.0 330.0 482.0 332.0 484.0 332.0 484.0 330.0
484.0 330.0 484.0 332.0 486.0 332.0 486.0 330.0
486.0 330.0 486.0 332.0 488.0 332.0 488.0 330.0
488.0 330.0 488.0 332.0 490.0 332.0 490.0 330.0
490.0 330.0 490.0 332.0 492.0 332.0 492.0 330.0
492.0 330.0 492.0 332.0 494.0 332.0 494.0 330.0
494.0 330.0 494.0 332.0 496.0 332.0 496.0 330.0
496.0 330.0 496.0 332.0 498.0 332.0 498.0 330.0
498.0 330.0 498.0 332.0 500.0 332.0 500.0 330.0
500.0 330.0 500.0 332.0 502.0 332.0 502.0 330.0
502.0 330.0 502.0 332.0 504.0 332.0 504.0 330.0
504.0 330.0 504.0 332.0 506.0 332.0 506.0 330.0
506.0 330.0 506.0 332.0 508.0 332.0 508.0 330.0
508.0 330.0 508.0 332.0 510.0 332.0 510.0 330.0
510.0 330.0 510.0 332.0 512.0 332.0 512.0 330.0
0.0 332.0 0.0 334.0 2.0 334.0 2.0 332.0
2.0 332.0 2.0 334.0 4.0 334.0 4.0 332.0
4.0 332.0 4.0 334.0 6.0 334.0 6.0 332.0
6.0 332.0 6.0 334.0 8.0 334.0 8.0 332.0
8.0 332.0 8.0 334.0 10.0 334.0 10.0 332.0
10.0 332.0 10.0 334.0 12.0 334.0 12.0 332.0
12.0 332.0 12.0 334.0 14.0 334.0 14.0 332.0
14.0 332.0 14.0 334.0 16.0 334.0 16.0 332.0
16.0 332.0 16.0 334.0 18.0 334.0 18.0 332.0
18.0 332.0 18.0 334.0 20.0 334.0 20.0 332.0
20.0 332.0 20.0 334.0 22.0 334.0 22.0 332.0
22.0 332.0 22.0 334.0 24.0 334.0 24.0 332.0
24.0 332.0 24.0 334.0 26.0 334.0 26.0 332.0
26.0 332.0 26.0 334.0 28.0 334.0 28.0 332.0
28.0 332.0 28.0 334.0 30.0 334.0 30.0 332.0
30.0 332.0 30.0 334.0 32.0 334.0 32.0 332.0
32.0 332.0 32.0 334.0 34.0 334.0 34.0 332.0
34.0 332.0 34.0 334.0 36.0 334.0 36.0 332.0
36.0 332.0 36.0 334.0 38.0 334.0 38.0 332.0
38.0 332.0 38.0 334.0 40.0 334.0 40.0 332.0
40.0 332.0 40.0 334.0 42.0 334.0 42.0 332.0
42.0 332.0 42.0 334.0 44.0 334.0 44.0 332.0
44.0 332.0 44.0 334.0 46.0 334.0 46.0 332.0
46.0 332.0 46.0 334.0 48.0 334.0 48.0 332.0
48.0 332.0 48.0 334.0 50.0 334.0 50.0 332.0
50.0 332.0 50.0 334.0 52.0 334.0 52.0 332.0
52.0 332.0 52.0 334.0 54.0 334.0 54.0 332.0
54.0 332.0 54.0 334.0 56.0 334.0 56.0 332.0
56.0 332.0 56.0 334.0 58.0 334.0 58.0 332.0
58.0 332.0 58.0 334.0 60.0 334.0 60.0 332.0
60.0 332.0 60.0 334.0 62.0 334.0 62.0 332.0
62.0 332.0 62.0 334.0 64.0 334.0 64.0 332.0
64.0 332.0 64.0 334.0 66.0 334.0 66.0 332.0
258.0 332.0 258.0 334.0 260.0 334.0 260.0 332.0
260.0 332.0 260.0 334.0 262.0 334.0 262.0 332.0
262.0 332.0 262.0 334.0 264.0 334.0 264.0 332.0
264.0 332.0 264.0 334.0 266.0 334.0 266.0 332.0
266.0 332.0 266.0 334.0 268.0 334.0 268.0 332.0
268.0 332.0 268.0 334.0 270.0 334.0 270.0 332.0
270.0 332.0 270.0 334.0 272.0 334.0 272.0 332.0
272.0 332.0 272.0 334.0 274.0 334.0 274.0 332.0
274.0 332.0 274.0 334.0 276.0 334.0 276.0 332.0
276.0 332.0 276.0 334.0 278.0 334.0 278.0 332.0
278.0 332.0 278.0 334.0 280.0 334.0 280.0 332.0
280.0 332.0 280.0 334.0 282.0 334.0 282.0 332.0
282.0 332.0 282.0 334.0 284.0 334.0 284.0 332.0
284.0 332.0 284.0 334.0 286.0 334.0 286.0 332.0
286.0 332.0 286.0 334.0 288.0 334.0 288.0 332.0
288.0 332.0 288.0 334.0 290.0 334.0 290.0 332.0
290.0 332.0 290.0 334.0 292.0 334.0 292.0 332.0
292.0 332.0 292.0 334.0 294.0 334.0 294.0 332.0
294.0 332.0 294.0 334.0 296.0 334.0 296.0 332.0
296.0 332.0 296.0 334.0 298.0 334.0 298.0 332.0
298.0 332.0 298.0 334.0 300.0 334.0 300.0 332.0
300.0 332.0 300.0 334.0 302.0 334.0 302.0 332.0
302.0 332.0 302.0 334.0 304.0 334.0 304.0 332.0
304.0 332.0 304.0 334.0 306.0 334.0 306.0 332.0
306.0 332.0 306.0 334.0 308.0 334.0 308.0 332.0
308.0 332.0 308.0 334.0 310.0 334.0 310.0 332.0
310.0 332.0 310.0 334.0 312.0 334.0 312.0 332.0
312.0 332.0 312.0 334.0 314.0 334.0 314.0 332.0
314.0 332.0 314.0 334.0 316.0 334.0 316.0 332.0
316.0 332.0 316.0 334.0 318.0 334.0 318.0 332.0
318.0 332.0 318.0 334.0 320.0 334.0 320.0 332.0
320.0 332.0 320.0 334.0 322.0 334.0 322.0 332.0
322.0 332.0 322.0 334.0 324.0 334.0 324.0 332.0
324.0 332.0 324.0 334.0 326.0 334.0 326.0 332.0
326.0 332.0 326.0 334.0 328.0 334.0 328.0 332.0
328.0 332.0 328.0 334.0 330.0 334.0 330.0 332.0
330.0 332.0 330.0 334.0 332.0 334.0 332.0 332.0
332.0 332.0 332.0 334.0 334.0 334.0 334.0 332.0
334.0 332.0 334.0 334.0 336.0 334.0 336.0 332.0
336.0 332.0 336.0 334.0 338.0 334.0 338.0 332.0
338.0 332.0 338.0 334.0 340.0 334.0 340.0 332.0
340.0 332.0 340.0 334.0 342.0 334.0 342.0 332.0
342.0 332.0 342.0 334.0 344.0 334.0 344.0 332.0
344.0 332.0 344.0 334.0 346.0 334.0 346.0 332.0
346.0 332.0 346.0 334.0 348.0 334.0 348.0 332.0
348.0 332.0 348.0 334.0 350.0 334.0 350.0 332.0
350.0 332.0 350.0 334.0 352.0 334.0 352.0 332.0
352.0 332.0 352.0 334.0 354.0 334.0 354.0 332.0
354.0 332.0 354.0 334.0 356.0 334.0 356.0 332.0
356.0 332.0 356.0 334.0 358.0 334.0 358.0 332.0
358.0 332.0 358.0 334.0 360.0 334.0 360.0 332.0
360.0 332.0 360.0 334.0 362.0 334.0 362.0 332.0
362.0 332.0 362.0 334.0 364.0 334.0 364.0 332.0
364.0 332.0 364.0 334.0 366.0 334.0 366.0 332.0
366.0 332.0 366.0 334.0 368.0 334.0 368.0 332.0
448.0 332.0 448.0 334.0 450.0 334.0 450.0 332.0
450.0 332.0 450.0 334.0 452.0 334.0 452.0 332.0
452.0 332.0 452.0 334.0 454.0 334.0 454.0 332.0
454.0 332.0 454.0 334.0 456.0 334.0 456.0 332.0
456.0 332.0 456.0 334.0 458.0 334.0 458.0 332.0
458.0 332.0 458.0 334.0 460.0 334.0 460.0 332.0
460.0 332.0 460.0 334.0 462.0 334.0 462.0 332.0
462.0 332.0 462.0 334.0 464.0 334.0 464.0 332.0
464.0 332.0 464.0 334.0 466.0 334.0 466.0 332.0
466.0 332.0 466.0 334.0 468.0 334.0 468.0 332.0
468.0 332.0 468.0 334.0 470.0 334.0 470.0 332.0
470.0 332.0 470.0 334.0 472.0 334.0 472.0 332.0
472.0 332.0 472.0 334.0 474.0 334.0 474.0 332.0
474.0 332.0 474.0 334.0 476.0 334.0 476.0 332.0
476.0 332.0 476.0 334.0 478.0 334.0 478.0 332.0
478.0 332.0 478.0 334.0 480.0 334.0 480.0 332.0
480.0 332.0 480.0 334.0 482.0 334.0 482.0 332.0
482.0 332.0 482.0 334.0 484.0 334.0 484.0 332.0
484.0 332.0 484.0 334.0 486.0 334.0 486.0 332.0
486.0 332.0 486.0 334.0 488.0 334.0 488.0 332.0
488.0 332.0 488.0 334.0 490.0 334.0 490.0 332.0
490.0 332.0 490.0 334.0 492.0 334.0 492.0 332.0
492.0 332.0 492.0 334.0 494.0 334.0 494.0 332.0
494.0 332.0 494.0 334.0 496.0 334.0 496.0 332.0
496.0 332.0 496.0 334.0 498.0 334.0 498.0 332.0
498.0 332.0 498.0 334.0 500.0 334.0 500.0 332.0
500.0 332.0 500.0 334.0 502.0 334.0 502.0 332.0
502.0 332.0 502.0 334.0 504.0 334.0 504.0 332.0
504.0 332.0 504.0 334.0 506.0 334.0 506.0 332.0
506.0 332.0 506.0 334.0 508.0 334.0 508.0 332.0
508.0 332.0 508.0 334.0 510.0 334.0 510.0 332.0
510.0 332.0 510.0 334.0 512.0 334.0 512.0 332.0
0.0 334.0 0.0 336.0 2.0 336.0 2.0 334.0
2.0 334.0 2.0 336.0 4.0 336.0 4.0 334.0
4.0 334.0 4.0 336.0 6.0 336.0 6.0 334.0
6.0 334.0 6.0 336.0 8.0 336.0 8.0 334.0
8.0 334.0 8.0 336.0 10.0 336.0 10.0 334.0
10.0 334.0 10.0 336.0 12.0 336.0 12.0 334.0
12.0 334.0 12.0 336.0 14.0 336.0 14.0 334.0
14.0 334.0 14.0 336.0 16.0 336.0 16.0 334.0
16.0 334.0 16.0 336.0 18.0 336.0 18.0 334.0
18.0 334.0 18.0 336.0 20.0 336.0 20.0 334.0
20.0 334.0 20.0 336.0 22.0 336.0 22.0 334.0
22.0 334.0 22.0 336.0 24.0 336.0 24.0 334.0
24.0 334.0 24.0 336.0 26.0 336.0 26.0 334.0
26.0 334.0 26.0 336.0 28.0 336.0 28.0 334.0
28.0 334.0 28.0 336.0 30.0 336.0 30.0 334.0
30.0 334.0 30.0 336.0 32.0 336.0 32.0 334.0
32.0 334.0 32.0 336.0 34.0 336.0 34.0 334.0
34.0 334.0 34.0 336.0 36.0 336.0 36.0 334.0
36.0 334.0 36.0 336.0 38.0 336.0 38.0 334.0
38.0 334.0 38.0 336.0 40.0 336.0 40.0 334.0
40.0 334.0 40.0 336.0 42.0 336.0 42.0 334.0
42.0 334.0 42.0 336.0 44.0 336.0 44.0 334.0
44.0 334.0 44.0 336.0 46.0 336.0 46.0 334.0
46.0 334.0 46.0 336.0 48.0 336.0 48.0 334.0
48.0 334.0 48.0 336.0 50.0 336.0 50.0 334.0
50.0 334.0 50.0 336.0 52.0 336.0 52.0 334.0
52.0 334.0 52.0 336.0 54.0 336.0 54.0 334.0
54.0 334.0 54.0 336.0 56.0 336.0 56.0 334.0
56.0 334.0 56.0 336.0 58.0 336.0 58.0 334.0
58.0 334.0 58.0 336.0 60.0 336.0 60.0 334.0
60.0 334.0 60.0 336.0 62.0 336.0 62.0 334.0
62.0 334.0 62.0 336.0 64.0 336.0 64.0 334.0
64.0 334.0 64.0 336.0 66.0 336.0 66.0 334.0
66.0 334.0 66.0 336.0 68.0 336.0 68.0 334.0
258.0 334.0 258.0 336.0 260.0 336.0 260.0 334.0
260.0 334.0 260.0 336.0 262.0 336.0 262.0 334.0
262.0 334.0 262.0 336.0 264.0 336.0 264.0 334.0
264.0 334.0 264.0 336.0 266.0 336.0 266.0 334.0
266.0 334.0 266.0 336.0 268.0 336.0 268.0 334.0
268.0 334.0 268.0 336.0 270.0 336.0 270.0 334.0
270.0 334.0 270.0 336.0 272.0 336.0 272.0 334.0
272.0 334.0 272.0 336.0 274.0 336.0 274.0 334.0
274.0 334.0 274.0 336.0 276.0 336.0 276.0 334.0
276.0 334.0 276.0 336.0 278.0 336.0 278.0 334.0
278.0 334.0 278.0 336.0 280.0 336.0 280.0 334.0
280.0 334.0 280.0 336.0 282.0 336.0 282.0 334.0
282.0 334.0 282.0 336.0 284.0 336.0 284.0 334.0
284.0 334.0 284.0 336.0 286.0 336.0 286.0 334.0
286.0 334.0 286.0 336.0 288.0 336.0 288.0 334.0
288.0 334.0 288.0 336.0 290.0 336.0 290.0 334.0
290.0 334.0 290.0 336.0 292.0 336.0 292.0 334.0
292.0 334.0 292.0 336.0 294.0 336.0 294.0 334.0
294.0 334.0 294.0 336.0 296.0 336.0 296.0 334.0
296.0 334.0 296.0 336.0 298.0 336.0 298.0 334.0
298.0 334.0 298.0 336.0 300.0 336.0 300.0 334.0
300.0 334.0 300.0 336.0 302.0 336.0 302.0 334.0
302.0 334.0 302.0 336.0 304.0 336.0 304.0 334.0
304.0 334.0 304.0 336.0 306.0 336.0 306.0 334.0
306.0 334.0 306.0 336.0 308.0 336.0 308.0 334.0
308.0 334.0 308.0 336.0 310.0 336.0 310.0 334.0
310.0 334.0 310.0 336.0 312.0 336.0 312.0 334.0
312.0 334.0 312.0 336.0 314.0 336.0 314.0 334.0
314.0 334.0 314.0 336.0 316.0 336.0 316.0 334.0
316.0 334.0 316.0 336.0 318.0 336.0 318.0 334.0
318.0 334.0 318.0 336.0 320.0 336.0 320.0 334.0
320.0 334.0 320.0 336.0 322.0 336.0 322.0 334.0
322.0 334.0 322.0 336.0 324.0 336.0 324.0 334.0
324.0 334.0 324.0 336.0 326.0 336.0 326.0 334.0
326.0 334.0 326.0 336.0 328.0 336.0 328.0 334.0
328.0 334.0 328.0 336.0 330.0 336.0 330.0 334.0
330.0 334.0 330.0 336.0 332.0 336.0 332.0 334.0
332.0 334.0 332.0 336.0 334.0 336.0 334.0 334.0
334.0 334.0 334.0 336.0 336.0 336.0 336.0 334.0
336.0 334.0 336.0 336.0 338.0 336.0 338.0 334.0
338.0 334.0 338.0 336.0 340.0 336.0 340.0 334.0
340.0 334.0 340.0 336.0 342.0 336.0 342.0 334.0
342.0 334.0 342.0 336.0 344.0 336.0 344.0 334.0
344.0 334.0 344.0 336.0 346.0 336.0 346.0 334.0
346.0 334.0 346.0 336.0 348.0 336.0 348.0 334.0
348.0 334.0 348.0 336.0 350.0 336.0 350.0 334.0
350.0 334.0 350.0 336.0 352.0 336.0 352.0 334.0
352.0 334.0 352.0 336.0 354.0 336.0 354.0 334.0
354.0 334.0 354.0 336.0 356.0 336.0 356.0 334.0
356.0 334.0 356.0 336.0 358.0 336.0 358.0 334.0
358.0 334.0 358.0 336.0 360.0 336.0 360.0 334.0
360.0 334.0 360.0 336.0 362.0 336.0 362.0 334.0
362.0 334.0 362.0 336.0 364.0 336.0 364.0 334.0
364.0 334.0 364.0 336.0 366.0 336.0 366.0 334.0
366.0 334.0 366.0 336.0 368.0 336.0 368.0 334.0
368.0 334.0 368.0 336.0 370.0 336.0 370.0 334.0
450.0 334.0 450.0 336.0 452.0 336.0 452.0 334.0
452.0 334.0 452.0 336.0 454.0 336.0 454.0 334.0
454.0 334.0 454.0 336.0 456.0 336.0 456.0 334.0
456.0 334.0 456.0 336.0 458.0 336.0 458.0 334.0
458.0 334.0 458.0 336.0 460.0 336.0 460.0 334.0
460.0 334.0 460.0 336.0 462.0 336.0 462.0 334.0
462.0 334.0 462.0 336.0 464.0 336.0 464.0 334.0
464.0 334.0 464.0 336.0 466.0 336.0 466.0 334.0
466.0 334.0 466.0 336.0 468.0 336.0 468.0 334.0
468.0 334.0 468.0 336.0 470.0 336.0 470.0 334.0
470.0 334.0 470.0 336.0 472.0 336.0 472.0 334.0
472.0 334.0 472.0 336.0 474.0 336.0 474.0 334.0
474.0 334.0 474.0 336.0 476.0 336.0 476.0 334.0
476.0 334.0 476.0 336.0 478.0 336.0 478.0 334.0
478.0 334.0 478.0 336.0 480.0 336.0 480.0 334.0
480.0 334.0 480.0 336.0 482.0 336.0 482.0 334.0
482.0 334.0 482.0 336.0 484.0 336.0 484.0 334.0
484.0 334.0 484.0 336.0 486.0 336.0 486.0 334.0
486.0 334.0 486.0 336.0 488.0 336.0 488.0 334.0
488.0 334.0 488.0 336.0 490.0 336.0 490.0 334.0
490.0 334.0 490.0 336.0 492.0 336.0 492.0 334.0
492.0 334.0 492.0 336.0 494.0 336.0 494.0 334.0
494.0 334.0 494.0 336.0 496.0 336.0 496.0 334.0
496.0 334.0 496.0 336.0 498.0 336.0 498.0 334.0
498.0 334.0 498.0 336.0 500.0 336.0 500.0 334.0
500.0 334.0 500.0 336.0 502.0 336.0 502.0 334.0
502.0 334.0 502.0 336.0 504.0 336.0 504.0 334.0
504.0 334.0 504.0 336.0 506.0 336.0 506.0 334.0
506.0 334.0 506.0 336.0 508.0 336.0 508.0 334.0
508.0 334.0 508.0 336.0 510.0 336.0 510.0 334.0
510.0 334.0 510.0 336.0 512.0 336.0 512.0 334.0
0.0 336.0 0.0 338.0 2.0 338.0 2.0 336.0
2.0 336.0 2.0 338.0 4.0 338.0 4.0 336.0
4.0 336.0 4.0 338.0 6.0 338.0 6.0 336.0
6.0 336.0 6.0 338.0 8.0 338.0 8.0 336.0
8.0 336.0 8.0 338.0 10.0 338.0 10.0 336.0
10.0 336.0 10.0 338.0 12.0 338.0 12.0 336.0
12.0 336.0 12.0 338.0 14.0 338.0 14.0 336.0
14.0 336.0 14.0 338.0 16.0 338.0 16.0 336.0
16.0 336.0 16.0 338.0 18.0 338.0 18.0 336.0
18.0 336.0 18.0 338.0 20.0 338.0 20.0 336.0
20.0 336.0 20.0 338.0 22.0 338.0 22.0 336.0
22.0 336.0 22.0 338.0 24.0 338.0 24.0 336.0
24.0 336.0 24.0 338.0 26.0 338.0 26.0 336.0
26.0 336.0 26.0 338.0 28.0 338.0 28.0 336.0
28.0 336.0 28.0 338.0 30.0 338.0 30.0 336.0
30.0 336.0 30.0 338.0 32.0 338.0 32.0 336.0
32.0 336.0 32.0 338.0 34.0 338.0 34.0 336.0
34.0 336.0 34.0 338.0 36.0 338.0 36.0 336.0
36.0 336.0 36.0 338.0 38.0 338.0 38.0 336.0
38.0 336.0 38.0 338.0 40.0 338.0 40.0 336.0
40.0 336.0 40.0 338.0 42.0 338.0 42.0 336.0
42.0 336.0 42.0 338.0 44.0 338.0 44.0 336.0
44.0 336.0 44.0 338.0 46.0 338.0 46.0 336.0
46.0 336.0 46.0 338.0 48.0 338.0 48.0 336.0
48.0 336.0 48.0 338.0 50.0 338.0 50.0 336.0
50.0 336.0 50.0 338.0 52.0 338.0 52.0 336.0
52.0 336.0 52.0 338.0 54.0 338.0 54.0 336.0
54.0 336.0 54.0 338.0 56.0 338.0 56.0 336.0
56.0 336.0 56.0 338.0 58.0 338.0 58.0 336.0
58.0 336.0 58.0 338.0 60.0 338.0 60.0 336.0
60.0 336.0 60.0 338.0 62.0 338.0 62.0 336.0
62.0 336.0 62.0 338.0 64.0 338.0 64.0 336.0
64.0 336.0 64.0 338.0 66.0 338.0 66.0 336.0
66.0 336.0 66.0 338.0 68.0 338.0 68.0 336.0
256.0 336.0 256.0 338.0 258.0 338.0 258.0 336.0
258.0 336.0 258.0 338.0 260.0 338.0 260.0 336.0
260.0 336.0 260.0 338.0 262.0 338.0 262.0 336.0
262.0 336.0 262.0 338.0 264.0 338.0 264.0 336.0
264.0 336.0 264.0 338.0 266.0 338.0 266.0 336.0
266.0 336.0 266.0 338.0 268.0 338.0 268.0 336.0
268.0 336.0 268.0 338.0 270.0 338.0 270.0 336.0
270.0 336.0 270.0 338.0 272.0 338.0 272.0 336.0
272.0 336.0 272.0 338.0 274.0 338.0 274.0 336.0
274.0 336.0 274.0 338.0 276.0 338.0 276.0 336.0
276.0 336.0 276.0 338.0 278.0 338.0 278.0 336.0
278.0 336.0 278.0 338.0 280.0 338.0 280.0 336.0
280.0 336.0 280.0 338.0 282.0 338.0 282.0 336.0
282.0 336.0 282.0 338.0 284.0 338.0 284.0 336.0
284.0 336.0 284.0 338.0 286.0 338.0 286.0 336.0
286.0 336.0 286.0 338.0 288.0 338.0 288.0 336.0
288.0 336.0 288.0 338.0 290.0 338.0 290.0 336.0
290.0 336.0 290.0 338.0 292.0 338.0 292.0 336.0
292.0 336.0 292.0 338.0 294.0 338.0 294.0 336.0
294.0 336.0 294.0 338.0 296.0 338.0 296.0 336.0
296.0 336.0 296.0 338.0 298.0 338.0 298.0 336.0
298.0 336.0 298.0 338.0 300.0 338.0 300.0 336.0
300.0 336.0 300.0 338.0 302.0 338.0 302.0 336.0
302.0 336.0 302.0 338.0 304.0 338.0 304.0 336.0
304.0 336.0 304.0 338.0 306.0 338.0 306.0 336.0
306.0 336.0 306.0 338.0 308.0 338.0 308.0 336.0
308.0 336.0 308.0 338.0 310.0 338.0 310.0 336.0
310.0 336.0 310.0 338.0 312.0 338.0 312.0 336.0
312.0 336.0 312.0 338.0 314.0 338.0 314.0 336.0
314.0 336.0 314.0 338.0 316.0 338.0 316.0 336.0
316.0 336.0 316.0 338.0 318.0 338.0 318.0 336.0
318.0 336.0 318.0 338.0 320.0 338.0 320.0 336.0
320.0 336.0 320.0 338.0 322.0 338.0 322.0 336.0
322.0 336.0 322.0 338.0 324.0 338.0 324.0 336.0
324.0 336.0 324.0 338.0 326.0 338.0 326.0 336.0
326.0 336.0 326.0 338.0 328.0 338.0 328.0 336.0
328.0 336.0 328.0 338.0 330.0 338.0 330.0 336.0
330.0 336.0 330.0 338.0 332.0 338.0 332.0 336.0
332.0 336.0 332.0 338.0 334.0 338.0 334.0 336.0
334.0 336.0 334.0 338.0 336.0 338.0 336.0 336.0
336.0 336.0 336.0 338.0 338.0 338.0 338.0 336.0
338.0 336.0 338.0 338.0 340.0 338.0 340.0 336.0
340.0 336.0 340.0 338.0 342.0 338.0 342.0 336.0
342.0 336.0 342.0 338.0 344.0 338.0 344.0 336.0
344.0 336.0 344.0 338.0 346.0 338.0 346.0 336.0
346.0 336.0 346.0 338.0 348.0 338.0 348.0 336.0
348.0 336.0 348.0 338.0 350.0 338.0 350.0 336.0
350.0 336.0 350.0 338.0 352.0 338.0 352.0 336.0
352.0 336.0 352.0 338.0 354.0 338.0 354.0 336.0
354.0 336.0 354.0 338.0 356.0 338.0 356.0 336.0
356.0 336.0 356.0 338.0 358.0 338.0 358.0 336.0
358.0 336.0 358.0 338.0 360.0 338.0 360.0 336.0
360.0 336.0 360.0 338.0 362.0 338.0 362.0 336.0
362.0 336.0 362.0 338.0 364.0 338.0 364.0 336.0
364.0 336.0 364.0 338.0 366.0 338.0 366.0 336.0
366.0 336.0 366.0 338.0 368.0 338.0 368.0 336.0
368.0 336.0 368.0 338.0 370.0 338.0 370.0 336.0
450.0 336.0 450.0 338.0 452.0 338.0 452.0 336.0
452.0 336.0 452.0 338.0 454.0 338.0 454.0 336.0
454.0 336.0 454.0 338.0 456.0 338.0 456.0 336.0
456.0 336.0 456.0 338.0 458.0 338.0 458.0 336.0
458.0 336.0 458.0 338.0 460.0 338.0 460.0 336.0
460.0 336.0 460.0 338.0 462.0 338.0 462.0 336.0
462.0 336.0 462.0 338.0 464.0 338.0 464.0 336.0
464.0 336.0 464.0 338.0 466.0 338.0 466.0 336.0
466.0 336.0 466.0 338.0 468.0 338.0 468.0 336.0
468.0 336.0 468.0 338.0 470.0 338.0 470.0 336.0
470.0 336.0 470.0 338.0 472.0 338.0 472.0 336.0
472.0 336.0 472.0 338.0 474.0 338.0 474.0 336.0
474.0 336.0 474.0 338.0 476.0 338.0 476.0 336.0
476.0 336.0 476.0 338.0 478.0 338.0 478.0 336.0
478.0 336.0 478.0 338.0 480.0 338.0 480.0 336.0
480.0 336.0 480.0 338.0 482.0 338.0 482.0 336.0
482.0 336.0 482.0 338.0 484.0 338.0 484.0 336.0
484.0 336.0 484.0 338.0 486.0 338.0 486.0 336.0
486.0 336.0 486.0 338.0 488.0 338.0 488.0 336.0
488.0 336.0 488.0 338.0 490.0 338.0 490.0 336.0
490.0 336.0 490.0 338.0 492.0 338.0 492.0 336.0
492.0 336.0 492.0 338.0 494.0 338.0 494.0 336.0
494.0 336.0 494.0 338.0 496.0 338.0 496.0 336.0
496.0 336.0 496.0 338.0 498.0 338.0 498.0 336.0
498.0 336.0 498.0 338.0 500.0 338.0 500.0 336.0
500.0 336.0 500.0 338.0 502.0 338.0 502.0 336.0
502.0 336.0 502.0 338.0 504.0 338.0 504.0 336.0
504.0 336.0 504.0 338.0 506.0 338.0 506.0 336.0
506.0 336.0 506.0 338.0 508.0 338.0 508.0 336.0
508.0 336.0 508.0 338.0 510.0 338.0 510.0 336.0
510.0 336.0 510.0 338.0 512.0 338.0 512.0 336.0
0.0 338.0 0.0 340.0 2.0 340.0 2.0 338.0
2.0 338.0 2.0 340.0 4.0 340.0 4.0 338.0
4.0 338.0 4.0 340.0 6.0 340.0 6.0 338.0
6.0 338.0 6.0 340.0 8.0 340.0 8.0 338.0
8.0 338.0 8.0 340.0 10.0 340.0 10.0 338.0
10.0 338.0 10.0 340.0 12.0 340.0 12.0 338.0
12.0 338.0 12.0 340.0 14.0 340.0 14.0 338.0
14.0 338.0 14.0 340.0 16.0 340.0 16.0 338.0
16.0 338.0 16.0 340.0 18.0 340.0 18.0 338.0
18.0 338.0 18.0 340.0 20.0 340.0 20.0 338.0
20.0 338.0 20.0 340.0 22.0 340.0 22.0 338.0
22.0 338.0 22.0 340.0 24.0 340.0 24.0 338.0
24.0 338.0 24.0 340.0 26.0 340.0 26.0 338.0
26.0 338.0 26.0 340.0 28.0 340.0 28.0 338.0
28.0 338.0 28.0 340.0 30.0 340.0 30.0 338.0
30.0 338.0 30.0 340.0 32.0 340.0 32.0 338.0
32.0 338.0 32.0 340.0 34.0 340.0 34.0 338.0
34.0 338.0 34.0 340.0 36.0 340.0 36.0 338.0
36.0 338.0 36.0 340.0 38.0 340.0 38.0 338.0
38.0 338.0 38.0 340.0 40.0 340.0 40.0 338.0
40.0 338.0 40.0 340.0 42.0 340.0 42.0 338.0
42.0 338.0 42.0 340.0 44.0 340.0 44.0 338.0
44.0 338.0 44.0 340.0 46.0 340.0 46.0 338.0
46.0 338.0 46.0 340.0 48.0 340.0 48.0 338.0
48.0 338.0 48.0 340.0 50.0 340.0 50.0 338.0
50.0 338.0 50.0 340.0 52.0 340.0 52.0 338.0
52.0 338.0 52.0 340.0 54.0 340.0 54.0 338.0
54.0 338.0 54.0 340.0 56.0 340.0 56.0 338.0
56.0 338.0 56.0 340.0 58.0 340.0 58.0 338.0
58.0 338.0 58.0 340.0 60.0 340.0 60.0 338.0
60.0 338.0 60.0 340.0 62.0 340.0 62.0 338.0
62.0 338.0 62.0 340.0 64.0 340.0 64.0 338.0
64.0 338.0 64.0 340.0 66.0 340.0 66.0 338.0
66.0 338.0 66.0 340.0 68.0 340.0 68.0 338.0
256.0 338.0 256.0 340.0 258.0 340.0 258.0 338.0
258.0 338.0 258.0 340.0 260.0 340.0 260.0 338.0
260.0 338.0 260.0 340.0 262.0 340.0 262.0 338.0
262.0 338.0 262.0 340.0 264.0 340.0 264.0 338.0
264.0 338.0 264.0 340.0 266.0 340.0 266.0 338.0
266.0 338.0 266.0 340.0 268.0 340.0 268.0 338.0
268.0 338.0 268.0 340.0 270.0 340.0 270.0 338.0
270.0 338.0 270.0 340.0 272.0 340.0 272.0 338.0
272.0 338.0 272.0 340.0 274.0 340.0 274.0 338.0
274.0 338.0 274.0 340.0 276.0 340.0 276.0 338.0
276.0 338.0 276.0 340.0 278.0 340.0 278.0 338.0
278.0 338.0 278.0 340.0 280.0 340.0 280.0 338.0
280.0 338.0 280.0 340.0 282.0 340.0 282.0 338.0
282.0 338.0 282.0 340.0 284.0 340.0 284.0 338.0
284.0 338.0 284.0 340.0 286.0 340.0 286.0 338.0
286.0 338.0 286.0 340.0 288.0 340.0 288.0 338.0
288.0 338.0 288.0 340.0 290.0 340.0 290.0 338.0
290.0 338.0 290.0 340.0 292.0 340.0 292.0 338.0
292.0 338.0 292.0 340.0 294.0 340.0 294.0 338.0
294.0 338.0 294.0 340.0 296.0 340.0 296.0 338.0
296.0 338.0 296.0 340.0 298.0 340.0 298.0 338.0
298.0 338.0 298.0 340.0 300.0 340.0 300.0 338.0
300.0 338.0 300.0 340.0 302.0 340.0 302.0 338.0
302.0 338.0 302.0 340.0 304.0 340.0 304.0 338.0
304.0 338.0 304.0 340.0 306.0 340.0 306.0 338.0
306.0 338.0 306.0 340.0 308.0 340.0 308.0 338.0
308.0 338.0 308.0 340.0 310.0 340.0 310.0 338.0
310.0 338.0 310.0 340.0 312.0 340.0 312.0 338.0
312.0 338.0 312.0 340.0 314.0 340.0 314.0 338.0
314.0 338.0 314.0 340.0 316.0 340.0 316.0 338.0
316.0 338.0 316.0 340.0 318.0 340.0 318.0 338.0
318.0 338.0 318.0 340.0 320.0 340.0 320.0 338.0
320.0 338.0 320.0 340.0 322.0 340.0 322.0 338.0
322.0 338.0 322.0 340.0 324.0 340.0 324.0 338.0
324.0 338.0 324.0 340.0 326.0 340.0 326.0 338.0
326.0 338.0 326.0 340.0 328.0 340.0 328.0 338.0
328.0 338.0 328.0 340.0 330.0 340.0 330.0 338.0
330.0 338.0 330.0 340.0 332.0 340.0 332.0 338.0
332.0 338.0 332.0 340.0 334.0 340.0 334.0 338.0
334.0 338.0 334.0 340.0 336.0 340.0 336.0 338.0
336.0 338.0 336.0 340.0 338.0 340.0 338.0 338.0
338.0 338.0 338.0 340.0 340.0 340.0 340.0 338.0
340.0 338.0 340.0 340.0 342.0 340.0 342.0 338.0
342.0 338.0 342.0 340.0 344.0 340.0 344.0 338.0
344.0 338.0 344.0 340.0 346.0 340.0 346.0 338.0
346.0 338.0 346.0 340.0 348.0 340.0 348.0 338.0
348.0 338.0 348.0 340.0 350.0 340.0 350.0 338.0
350.0 338.0 350.0 340.0 352.0 340.0 352.0 338.0
352.0 338.0 352.0 340.0 354.0 340.0 354.0 338.0
354.0 338.0 354.0 340.0 356.0 340.0 356.0 338.0
356.0 338.0 356.0 340.0 358.0 340.0 358.0 338.0
358.0 338.0 358.0 340.0 360.0 340.0 360.0 338.0
360.0 338.0 360.0 340.0 362.0 340.0 362.0 338.0
362.0 338.0 362.0 340.0 364.0 340.0 364.0 338.0
364.0 338.0 364.0 340.0 366.0 340.0 366.0 338.0
366.0 338.0 366.0 340.0 368.0 340.0 368.0 338.0
368.0 338.0 368.0 340.0 370.0 340.0 370.0 338.0
370.0 338.0 370.0 340.0 372.0 340.0 372.0 338.0
450.0 338.0 450.0 340.0 452.0 340.0 452.0 338.0
452.0 338.0 452.0 340.0 454.0 340.0 454.0 338.0
454.0 338.0 454.0 340.0 456.0 340.0 456.0 338.0
456.0 338.0 456.0 340.0 458.0 340.0 458.0 338.0
458.0 338.0 458.0 340.0 460.0 340.0 460.0 338.0
460.0 338.0 460.0 340.0 462.0 340.0 462.0 338.0
462.0 338.0 462.0 340.0 464.0 340.0 464.0 338.0
464.0 338.0 464.0 340.0 466.0 340.0 466.0 338.0
466.0 338.0 466.0 340.0 468.0 340.0 468.0 338.0
468.0 338.0 468.0 340.0 470.0 340.0 470.0 338.0
470.0 338.0 470.0 340.0 472.0 340.0 472.0 338.0
472.0 338.0 472.0 340.0 474.0 340.0 474.0 338.0
474.0 338.0 474.0 340.0 476.0 340.0 476.0 338.0
476.0 338.0 476.0 340.0 478.0 340.0 478.0 338.0
478.0 338.0 478.0 340.0 480.0 340.0 480.0 338.0
480.0 338.0 480.0 340.0 482.0 340.0 482.0 338.0
482.0 338.0 482.0 340.0 484.0 340.0 484.0 338.0
484.0 338.0 484.0 340.0 486.0 340.0 486.0 338.0
486.0 338.0 486.0 340.0 488.0 340.0 488.0 338.0
488.0 338.0 488.0 340.0 490.0 340.0 490.0 338.0
490.0 338.0 490.0 340.0 492.0 340.0 492.0 338.0
492.0 338.0 492.0 340.0 494.0 340.0 494.0 338.0
494.0 338.0 494.0 340.0 496.0 340.0 496.0 338.0
496.0 338.0 496.0 340.0 498.0 340.0 498.0 338.0
498.0 338.0 498.0 340.0 500.0 340.0 500.0 338.0
500.0 338.0 500.0 340.0 502.0 340.0 502.0 338.0
502.0 338.0 502.0 340.0 504.0 340.0 504.0 338.0
504.0 338.0 504.0 340.0 506.0 340.0 506.0 338.0
506.0 338.0 506.0 340.0 508.0 340.0 508.0 338.0
508.0 338.0 508.0 340.0 510.0 340.0 510.0 338.0
510.0 338.0 510.0 340.0 512.0 340.0 512.0 338.0
0.0 340.0 0.0 342.0 2.0 342.0 2.0 340.0
2.0 340.0 2.0 342.0 4.0 342.0 4.0 340.0
4.0 340.0 4.0 342.0 6.0 342.0 6.0 340.0
6.0 340.0 6.0 342.0 8.0 342.0 8.0 340.0
8.0 340.0 8.0 342.0 10.0 342.0 10.0 340.0
10.0 340.0 10.0 342.0 12.0 342.0 12.0 340.0
12.0 340.0 12.0 342.0 14.0 342.0 14.0 340.0
14.0 340.0 14.0 342.0 16.0 342.0 16.0 340.0
16.0 340.0 16.0 342.0 18.0 342.0 18.0 340.0
18.0 340.0 18.0 342.0 20.0 342.0 20.0 340.0
20.0 340.0 20.0 342.0 22.0 342.0 22.0 340.0
22.0 340.0 22.0 342.0 24.0 342.0 24.0 340.0
24.0 340.0 24.0 342.0 26.0 342.0 26.0 340.0
26.0 340.0 26.0 342.0 28.0 342.0 28.0 340.0
28.0 340.0 28.0 342.0 30.0 342.0 30.0 340.0
30.0 340.0 30.0 342.0 32.0 342.0 32.0 340.0
32.0 340.0 32.0 342.0 34.0 342.0 34.0 340.0
34.0 340.0 34.0 342.0 36.0 342.0 36.0 340.0
36.0 340.0 36.0 342.0 38.0 342.0 38.0 340.0
38.0 340.0 38.0 342.0 40.0 342.0 40.0 340.0
40.0 340.0 40.0 342.0 42.0 342.0 42.0 340.0
42.0 340.0 42.0 342.0 44.0 342.0 44.0 340.0
44.0 340.0 44.0 342.0 46.0 342.0 46.0 340.0
46.0 340.0 46.0 342.0 48.0 342.0 48.0 340.0
48.0 340.0 48.0 342.0 50.0 342.0 50.0 340.0
50.0 340.0 50.0 342.0 52.0 342.0 52.0 340.0
52.0 340.0 52.0 342.0 54.0 342.0 54.0 340.0
54.0 340.0 54.0 342.0 56.0 342.0 56.0 340.0
56.0 340.0 56.0 342.0 58.0 342.0 58.0 340.0
58.0 340.0 58.0 342.0 60.0 342.0 60.0 340.0
60.0 340.0 60.0 342.0 62.0 342.0 62.0 340.0
62.0 340.0 62.0 342.0 64.0 342.0 64.0 340.0
64.0 340.0 64.0 342.0 66.0 342.0 66.0 340.0
66.0 340.0 66.0 342.0 68.0 342.0 68.0 340.0
68.0 340.0 68.0 342.0 70.0 342.0 70.0 340.0
256.0 340.0 256.0 342.0 258.0 342.0 258.0 340.0
258.0 340.0 258.0 342.0 260.0 342.0 260.0 340.0
260.0 340.0 260.0 342.0 262.0 342.0 262.0 340.0
262.0 340.0 262.0 342.0 264.0 342.0 264.0 340.0
264.0 340.0 264.0 342.0 266.0 342.0 266.0 340.0
266.0 340.0 266.0 342.0 268.0 342.0 268.0 340.0
268.0 340.0 268.0 342.0 270.0 342.0 270.0 340.0
270.0 340.0 270.0 342.0 272.0 342.0 272.0 340.0
272.0 340.0 272.0 342.0 274.0 342.0 274.0 340.0
274.0 340.0 274.0 342.0 276.0 342.0 276.0 340.0
276.0 340.0 276.0 342.0 278.0 342.0 278.0 340.0
278.0 340.0 278.0 342.0 280.0 342.0 280.0 340.0
280.0 340.0 280.0 342.0 282.0 342.0 282.0 340.0
282.0 340.0 282.0 342.0 284.0 342.0 284.0 340.0
284.0 340.0 284.0 342.0 286.0 342.0 286.0 340.0
286.0 340.0 286.0 342.0 288.0 342.0 288.0 340.0
288.0 340.0 288.0 342.0 290.0 342.0 290.0 340.0
290.0 340.0 290.0 342.0 292.0 342.0 292.0 340.0
292.0 340.0 292.0 342.0 294.0 342.0 294.0 340.0
294.0 340.0 294.0 342.0 296.0 342.0 296.0 340.0
296.0 340.0 296.0 342.0 298.0 342.0 298.0 340.0
298.0 340.0 298.0 342.0 300.0 342.0 300.0 340.0
300.0 340.0 300.0 342.0 302.0 342.0 302.0 340.0
302.0 340.0 302.0 342.0 304.0 342.0 304.0 340.0
304.0 340.0 304.0 342.0 306.0 342.0 306.0 340.0
306.0 340.0 306.0 342.0 308.0 342.0 308.0 340.0
308.0 340.0 308.0 342.0 310.0 342.0 310.0 340.0
310.0 340.0 310.0 342.0 312.0 342.0 312.0 340.0
312.0 340.0 312.0 342.0 314.0 342.0 314.0 340.0
314.0 340.0 314.0 342.0 316.0 342.0 316.0 340.0
316.0 340.0 316.0 342.0 318.0 342.0 318.0 340.0
318.0 340.0 318.0 342.0 320.0 342.0 320.0 340.0
320.0 340.0 320.0 342.0 322.0 342.0 322.0 340.0
322.0 340.0 322.0 342.0 324.0 342.0 324.0 340.0
324.0 340.0 324.0 342.0 326.0 342.0 326.0 340.0
326.0 340.0 326.0 342.0 328.0 342.0 328.0 340.0
328.0 340.0 328.0 342.0 330.0 342.0 330.0 340.0
330.0 340.0 330.0 342.0 332.0 342.0 332.0 340.0
332.0 340.0 332.0 342.0 334.0 342.0 334.0 340.0
334.0 340.0 334.0 342.0 336.0 342.0 336.0 340.0
336.0 340.0 336.0 342.0 338.0 342.0 338.0 340.0
338.0 340.0 338.0 342.0 340.0 342.0 340.0 340.0
340.0 340.0 340.0 342.0 342.0 342.0 342.0 340.0
342.0 340.0 342.0 342.0 344.0 342.0 344.0 340.0
344.0 340.0 344.0 342.0 346.0 342.0 346.0 340.0
346.0 340.0 346.0 342.0 348.0 342.0 348.0 340.0
348.0 340.0 348.0 342.0 350.0 342.0 350.0 340.0
350.0 340.0 350.0 342.0 352.0 342.0 352.0 340.0
352.0 340.0 352.0 342.0 354.0 342.0 354.0 340.0
354.0 340.0 354.0 342.0 356.0 342.0 356.0 340.0
356.0 340.0 356.0 342.0 358.0 342.0 358.0 340.0
358.0 340.0 358.0 342.0 360.0 342.0 360.0 340.0
360.0 340.0 360.0 342.0 362.0 342.0 362.0 340.0
362.0 340.0 362.0 342.0 364.0 342.0 364.0 340.0
364.0 340.0 364.0 342.0 366.0 342.0 366.0 340.0
366.0 340.0 366.0 342.0 368.0 342.0 368.0 340.0
368.0 340.0 368.0 342.0 370.0 342.0 370.0 340.0
370.0 340.0 370.0 342.0 372.0 342.0 372.0 340.0
450.0 340.0 450.0 342.0 452.0 342.0 452.0 340.0
452.0 340.0 452.0 342.0 454.0 342.0 454.0 340.0
454.0 340.0 454.0 342.0 456.0 342.0 456.0 340.0
456.0 340.0 456.0 342.0 458.0 342.0 458.0 340.0
458.0 340.0 458.0 342.0 460.0 342.0 460.0 340.0
460.0 340.0 460.0 342.0 462.0 342.0 462.0 340.0
462.0 340.0 462.0 342.0 464.0 342.0 464.0 340.0
464.0 340.0 464.0 342.0 466.0 342.0 466.0 340.0
466.0 340.0 466.0 342.0 468.0 342.0 468.0 340.0
468.0 340.0 468.0 342.0 470.0 342.0 470.0 340.0
470.0 340.0 470.0 342.0 472.0 342.0 472.0 340.0
472.0 340.0 472.0 342.0 474.0 342.0 474.0 340.0
474.0 340.0 474.0 342.0 476.0 342.0 476.0 340.0
476.0 340.0 476.0 342.0 478.0 342.0 478.0 340.0
478.0 340.0 478.0 342.0 480.0 342.0 480.0 340.0
480.0 340.0 480.0 342.0 482.0 342.0 482.0 340.0
482.0 340.0 482.0 342.0 484.0 342.0 484.0 340.0
484.0 340.0 484.0 342.0 486.0 342.0 486.0 340.0
486.0 340.0 486.0 342.0 488.0 342.0 488.0 340.0
488.0 340.0 488.0 342.0 490.0 342.0 490.0 340.0
490.0 340.0 490.0 342.0 492.0 342.0 492.0 340.0
492.0 340.0 492.0 342.0 494.0 342.0 494.0 340.0
494.0 340.0 494.0 342.0 496.0 342.0 496.0 340.0
496.0 340.0 496.0 342.0 498.0 342.0 498.0 340.0
498.0 340.0 498.0 342.0 500.0 342.0 500.0 340.0
500.0 340.0 500.0 342.0 502.0 342.0 502.0 340.0
502.0 340.0 502.0 342.0 504.0 342.0 504.0 340.0
504.0 340.0 504.0 342.0 506.0 342.0 506.0 340.0
506.0 340.0 506.0 342.0 508.0 342.0 508.0 340.0
508.0 340.0 508.0 342.0 510.0 342.0 510.0 340.0
510.0 340.0 510.0 342.0 512.0 342.0 512.0 340.0
0.0 342.0 0.0 344.0 2.0 344.0 2.0 342.0
2.0 342.0 2.0 344.0 4.0 344.0 4.0 342.0
4.0 342.0 4.0 344.0 6.0 344.0 6.0 342.0
6.0 342.0 6.0 344.0 8.0 344.0 8.0 342.0
8.0 342.0 8.0 344.0 10.0 344.0 10.0 342.0
10.0 342.0 10.0 344.0 12.0 344.0 12.0 342.0
12.0 342.0 12.0 344.0 14.0 344.0 14.0 342.0
14.0 342.0 14.0 344.0 16.0 344.0 16.0 342.0
16.0 342.0 16.0 344.0 18.0 344.0 18.0 342.0
18.0 342.0 18.0 344.0 20.0 344.0 20.0 342.0
20.0 342.0 20.0 344.0 22.0 344.0 22.0 342.0
22.0 342.0 22.0 344.0 24.0 344.0 24.0 342.0
24.0 342.0 24.0 344.0 26.0 344.0 26.0 342.0
26.0 342.0 26.0 344.0 28.0 344.0 28.0 342.0
28.0 342.0 28.0 344.0 30.0 344.0 30.0 342.0
30.0 342.0 30.0 344.0 32.0 344.0 32.0 342.0
32.0 342.0 32.0 344.0 34.0 344.0 34.0 342.0
34.0 342.0 34.0 344.0 36.0 344.0 36.0 342.0
36.0 342.0 36.0 344.0 38.0 344.0 38.0 342.0
38.0 342.0 38.0 344.0 40.0 344.0 40.0 342.0
40.0 342.0 40.0 344.0 42.0 344.0 42.0 342.0
42.0 342.0 42.0 344.0 44.0 344.0 44.0 342.0
44.0 342.0 44.0 344.0 46.0 344.0 46.0 342.0
46.0 342.0 46.0 344.0 48.0 344.0 48.0 342.0
48.0 342.0 48.0 344.0 50.0 344.0 50.0 342.0
50.0 342.0 50.0 344.0 52.0 344.0 52.0 342.0
52.0 342.0 52.0 344.0 54.0 344.0 54.0 342.0
54.0 342.0 54.0 344.0 56.0 344.0 56.0 342.0
56.0 342.0 56.0 344.0 58.0 344.0 58.0 342.0
58.0 342.0 58.0 344.0 60.0 344.0 60.0 342.0
60.0 342.0 60.0 344.0 62.0 344.0 62.0 342.0
62.0 342.0 62.0 344.0 64.0 344.0 64.0 342.0
64.0 342.0 64.0 344.0 66.0 344.0 66.0 342.0
66.0 342.0 66.0 344.0 68.0 344.0 68.0 342.0
68.0 342.0 68.0 344.0 70.0 344.0 70.0 342.0
256.0 342.0 256.0 344.0 258.0 344.0 258.0 342.0
258.0 342.0 258.0 344.0 260.0 344.0 260.0 342.0
260.0 342.0 260.0 344.0 262.0 344.0 262.0 342.0
262.0 342.0 262.0 344.0 264.0 344.0 264.0 342.0
264.0 342.0 264.0 344.0 266.0 344.0 266.0 342.0
266.0 342.0 266.0 344.0 268.0 344.0 268.0 342.0
268.0 342.0 268.0 344.0 270.0 344.0 270.0 342.0
270.0 342.0 270.0 344.0 272.0 344.0 272.0 342.0
272.0 342.0 272.0 344.0 274.0 344.0 274.0 342.0
274.0 342.0 274.0 344.0 276.0 344.0 276.0 342.0
276.0 342.0 276.0 344.0 278.0 344.0 278.0 342.0
278.0 342.0 278.0 344.0 280.0 344.0 280.0 342.0
280.0 342.0 280.0 344.0 282.0 344.0 282.0 342.0
282.0 342.0 282.0 344.0 284.0 344.0 284.0 342.0
284.0 342.0 284.0 344.0 286.0 344.0 286.0 342.0
286.0 342.0 286.0 344.0 288.0 344.0 288.0 342.0
288.0 342.0 288.0 344.0 290.0 344.0 290.0 342.0
290.0 342.0 290.0 344.0 292.0 344.0 292.0 342.0
292.0 342.0 292.0 344.0 294.0 344.0 294.0 342.0
294.0 342.0 294.0 344.0 296.0 344.0 296.0 342.0
296.0 342.0 296.0 344.0 298.0 344.0 298.0 342.0
298.0 342.0 298.0 344.0 300.0 344.0 300.0 342.0
300.0 342.0 300.0 344.0 302.0 344.0 302.0 342.0
302.0 342.0 302.0 344.0 304.0 344.0 304.0 342.0
304.0 342.0 304.0 344.0 306.0 344.0 306.0 342.0
306.0 342.0 306.0 344.0 308.0 344.0 308.0 342.0
308.0 342.0 308.0 344.0 310.0 344.0 310.0 342.0
310.0 342.0 310.0 344.0 312.0 344.0 312.0 342.0
312.0 342.0 312.0 344.0 314.0 344.0 314.0 342.0
314.0 342.0 314.0 344.0 316.0 344.0 316.0 342.0
316.0 342.0 316.0 344.0 318.0 344.0 318.0 342.0
318.0 342.0 318.0 344.0 320.0 344.0 320.0 342.0
320.0 342.0 320.0 344.0 322.0 344.0 322.0 342.0
322.0 342.0 322.0 344.0 324.0 344.0 324.0 342.0
324.0 342.0 324.0 344.0 326.0 344.0 326.0 342.0
326.0 342.0 326.0 344.0 328.0 344.0 328.0 342.0
328.0 342.0 328.0 344.0 330.0 344.0 330.0 342.0
330.0 342.0 330.0 344.0 332.0 344.0 332.0 342.0
332.0 342.0 332.0 344.0 334.0 344.0 334.0 342.0
334.0 342.0 334.0 344.0 336.0 344.0 336.0 342.0
336.0 342.0 336.0 344.0 338.0 344.0 338.0 342.0
338.0 342.0 338.0 344.0 340.0 344.0 340.0 342.0
340.0 342.0 340.0 344.0 342.0 344.0 342.0 342.0
342.0 342.0 342.0 344.0 344.0 344.0 344.0 342.0
344.0 342.0 344.0 344.0 346.0 344.0 346.0 342.0
346.0 342.0 346.0 344.0 348.0 344.0 348.0 342.0
348.0 342.0 348.0 344.0 350.0 344.0 350.0 342.0
350.0 342.0 350.0 344.0 352.0 344.0 352.0 342.0
352.0 342.0 352.0 344.0 354.0 344.0 354.0 342.0
354.0 342.0 354.0 344.0 356.0 344.0 356.0 342.0
356.0 342.0 356.0 344.0 358.0 344.0 358.0 342.0
358.0 342.0 358.0 344.0 360.0 344.0 360.0 342.0
360.0 342.0 360.0 344.0 362.0 344.0 362.0 342.0
362.0 342.0 362.0 344.0 364.0 344.0 364.0 342.0
364.0 342.0 364.0 344.0 366.0 344.0 366.0 342.0
366.0 342.0 366.0 344.0 368.0 344.0 368.0 342.0
368.0 342.0 368.0 344.0 370.0 344.0 370.0 342.0
370.0 342.0 370.0 344.0 372.0 344.0 372.0 342.0
450.0 342.0 450.0 344.0 452.0 344.0 452.0 342.0
452.0 342.0 452.0 344.0 454.0 344.0 454.0 342.0
454.0 342.0 454.0 344.0 456.0 344.0 456.0 342.0
456.0 342.0 456.0 344.0 458.0 344.0 458.0 342.0
458.0 342.0 458.0 344.0 460.0 344.0 460.0 342.0
460.0 342.0 460.0 344.0 462.0 344.0 462.0 342.0
462.0 342.0 462.0 344.0 464.0 344.0 464.0 342.0
464.0 342.0 464.0 344.0 466.0 344.0 466.0 342.0
466.0 342.0 466.0 344.0 468.0 344.0 468.0 342.0
468.0 342.0 468.0 344.0 470.0 344.0 470.0 342.0
470.0 342.0 470.0 344.0 472.0 344.0 472.0 342.0
472.0 342.0 472.0 344.0 474.0 344.0 474.0 342.0
474.0 342.0 474.0 344.0 476.0 344.0 476.0 342.0
476.0 342.0 476.0 344.0 478.0 344.0 478.0 342.0
478.0 342.0 478.0 344.0 480.0 344.0 480.0 342.0
480.0 342.0 480.0 344.0 482.0 344.0 482.0 342.0
482.0 342.0 482.0 344.0 484.0 344.0 484.0 342.0
484.0 342.0 484.0 344.0 486.0 344.0 486.0 342.0
486.0 342.0 486.0 344.0 488.0 344.0 488.0 342.0
488.0 342.0 488.0 344.0 490.0 344.0 490.0 342.0
490.0 342.0 490.0 344.0 492.0 344.0 492.0 342.0
492.0 342.0 492.0 344.0 494.0 344.0 494.0 342.0
494.0 342.0 494.0 344.0 496.0 344.0 496.0 342.0
496.0 342.0 496.0 344.0 498.0 344.0 498.0 342.0
498.0 342.0 498.0 344.0 500.0 344.0 500.0 342.0
500.0 342.0 500.0 344.0 502.0 344.0 502.0 342.0
502.0 342.0 502.0 344.0 504.0 344.0 504.0 342.0
504.0 342.0 504.0 344.0 506.0 344.0 506.0 342.0
506.0 342.0 506.0 344.0 508.0 344.0 508.0 342.0
508.0 342.0 508.0 344.0 510.0 344.0 510.0 342.0
510.0 342.0 510.0 344.0 512.0 344.0 512.0 342.0
0.0 344.0 0.0 346.0 2.0 346.0 2.0 344.0
2.0 344.0 2.0 346.0 4.0 346.0 4.0 344.0
4.0 344.0 4.0 346.0 6.0 346.0 6.0 344.0
6.0 344.0 6.0 346.0 8.0 346.0 8.0 344.0
8.0 344.0 8.0 346.0 10.0 346.0 10.0 344.0
10.0 344.0 10.0 346.0 12.0 346.0 12.0 344.0
12.0 344.0 12.0 346.0 14.0 346.0 14.0 344.0
14.0 344.0 14.0 346.0 16.0 346.0 16.0 344.0
16.0 344.0 16.0 346.0 18.0 346.0 18.0 344.0
18.0 344.0 18.0 346.0 20.0 346.0 20.0 344.0
20.0 344.0 20.0 346.0 22.0 346.0 22.0 344.0
22.0 344.0 22.0 346.0 24.0 346.0 24.0 344.0
24.0 344.0 24.0 346.0 26.0 346.0 26.0 344.0
26.0 344.0 26.0 346.0 28.0 346.0 28.0 344.0
28.0 344.0 28.0 346.0 30.0 346.0 30.0 344.0
30.0 344.0 30.0 346.0 32.0 346.0 32.0 344.0
32.0 344.0 32.0 346.0 34.0 346.0 34.0 344.0
34.0 344.0 34.0 346.0 36.0 346.0 36.0 344.0
36.0 344.0 36.0 346.0 38.0 346.0 38.0 344.0
38.0 344.0 38.0 346.0 40.0 346.0 40.0 344.0
40.0 344.0 40.0 346.0 42.0 346.0 42.0 344.0
42.0 344.0 42.0 346.0 44.0 346.0 44.0 344.0
44.0 344.0 44.0 346.0 46.0 346.0 46.0 344.0
46.0 344.0 46.0 346.0 48.0 346.0 48.0 344.0
48.0 344.0 48.0 346.0 50.0 346.0 50.0 344.0
50.0 344.0 50.0 346.0 52.0 346.0 52.0 344.0
52.0 344.0 52.0 346.0 54.0 346.0 54.0 344.0
54.0 344.0 54.0 346.0 56.0 346.0 56.0 344.0
56.0 344.0 56.0 346.0 58.0 346.0 58.0 344.0
58.0 344.0 58.0 346.0 60.0 346.0 60.0 344.0
60.0 344.0 60.0 346.0 62.0 346.0 62.0 344.0
62.0 344.0 62.0 346.0 64.0 346.0 64.0 344.0
64.0 344.0 64.0 346.0 66.0 346.0 66.0 344.0
66.0 344.0 66.0 346.0 68.0 346.0 68.0 344.0
68.0 344.0 68.0 346.0 70.0 346.0 70.0 344.0
256.0 344.0 256.0 346.0 258.0 346.0 258.0 344.0
258.0 344.0 258.0 346.0 260.0 346.0 260.0 344.0
260.0 344.0 260.0 346.0 262.0 346.0 262.0 344.0
262.0 344.0 262.0 346.0 264.0 346.0 264.0 344.0
264.0 344.0 264.0 346.0 266.0 346.0 266.0 344.0
266.0 344.0 266.0 346.0 268.0 346.0 268.0 344.0
268.0 344.0 268.0 346.0 270.0 346.0 270.0 344.0
270.0 344.0 270.0 346.0 272.0 346.0 272.0 344.0
272.0 344.0 272.0 346.0 274.0 346.0 274.0 344.0
274.0 344.0 274.0 346.0 276.0 346.0 276.0 344.0
276.0 344.0 276.0 346.0 278.0 346.0 278.0 344.0
278.0 344.0 278.0 346.0 280.0 346.0 280.0 344.0
280.0 344.0 280.0 346.0 282.0 346.0 282.0 344.0
282.0 344.0 282.0 346.0 284.0 346.0 284.0 344.0
284.0 344.0 284.0 346.0 286.0 346.0 286.0 344.0
286.0 344.0 286.0 346.0 288.0 346.0 288.0 344.0
288.0 344.0 288.0 346.0 290.0 346.0 290.0 344.0
290.0 344.0 290.0 346.0 292.0 346.0 292.0 344.0
292.0 344.0 292.0 346.0 294.0 346.0 294.0 344.0
294.0 344.0 294.0 346.0 296.0 346.0 296.0 344.0
296.0 344.0 296.0 346.0 298.0 346.0 298.0 344.0
298.0 344.0 298.0 346.0 300.0 346.0 300.0 344.0
300.0 344.0 300.0 346.0 302.0 346.0 302.0 344.0
302.0 344.0 302.0 346.0 304.0 346.0 304.0 344.0
304.0 344.0 304.0 346.0 306.0 346.0 306.0 344.0
306.0 344.0 306.0 346.0 308.0 346.0 308.0 344.0
308.0 344.0 308.0 346.0 310.0 346.0 310.0 344.0
310.0 344.0 310.0 346.0 312.0 346.0 312.0 344.0
312.0 344.0 312.0 346.0 314.0 346.0 314.0 344.0
314.0 344.0 314.0 346.0 316.0 346.0 316.0 344.0
316.0 344.0 316.0 346.0 318.0 346.0 318.0 344.0
318.0 344.0 318.0 346.0 320.0 346.0 320.0 344.0
320.0 344.0 320.0 346.0 322.0 346.0 322.0 344.0
322.0 344.0 322.0 346.0 324.0 346.0 324.0 344.0
324.0 344.0 324.0 346.0 326.0 346.0 326.0 344.0
326.0 344.0 326.0 346.0 328.0 346.0 328.0 344.0
328.0 344.0 328.0 346.0 330.0 346.0 330.0 344.0
330.0 344.0 330.0 346.0 332.0 346.0 332.0 344.0
332.0 344.0 332.0 346.0 334.0 346.0 334.0 344.0
334.0 344.0 334.0 346.0 336.0 346.0 336.0 344.0
336.0 344.0 336.0 346.0 338.0 346.0 338.0 344.0
338.0 344.0 338.0 346.0 340.0 346.0 340.0 344.0
340.0 344.0 340.0 346.0 342.0 346.0 342.0 344.0
342.0 344.0 342.0 346.0 344.0 346.0 344.0 344.0
344.0 344.0 344.0 346.0 346.0 346.0 346.0 344.0
346.0 344.0 346.0 346.0 348.0 346.0 348.0 344.0
348.0 344.0 348.0 346.0 350.0 346.0 350.0 344.0
350.0 344.0 350.0 346.0 352.0 346.0 352.0 344.0
352.0 344.0 352.0 346.0 354.0 346.0 354.0 344.0
354.0 344.0 354.0 346.0 356.0 346.0 356.0 344.0
356.0 344.0 356.0 346.0 358.0 346.0 358.0 344.0
358.0 344.0 358.0 346.0 360.0 346.0 360.0 344.0
360.0 344.0 360.0 346.0 362.0 346.0 362.0 344.0
362.0 344.0 362.0 346.0 364.0 346.0 364.0 344.0
364.0 344.0 364.0 346.0 366.0 346.0 366.0 344.0
366.0 344.0 366.0 346.0 368.0 346.0 368.0 344.0
368.0 344.0 368.0 346.0 370.0 346.0 370.0 344.0
370.0 344.0 370.0 346.0 372.0 346.0 372.0 344.0
372.0 344.0 372.0 346.0 374.0 346.0 374.0 344.0
452.0 344.0 452.0 346.0 454.0 346.0 454.0 344.0
454.0 344.0 454.0 346.0 456.0 346.0 456.0 344.0
456.0 344.0 456.0 346.0 458.0 346.0 458.0 344.0
458.0 344.0 458.0 346.0 460.0 346.0 460.0 344.0
460.0 344.0 460.0 346.0 462.0 346.0 462.0 344.0
462.0 344.0 462.0 346.0 464.0 346.0 464.0 344.0
464.0 344.0 464.0 346.0 466.0 346.0 466.0 344.0
466.0 344.0 466.0 346.0 468.0 346.0 468.0 344.0
468.0 344.0 468.0 346.0 470.0 346.0 470.0 344.0
470.0 344.0 470.0 346.0 472.0 346.0 472.0 344.0
472.0 344.0 472.0 346.0 474.0 346.0 474.0 344.0
474.0 344.0 474.0 346.0 476.0 346.0 476.0 344.0
476.0 344.0 476.0 346.0 478.0 346.0 478.0 344.0
478.0 344.0 478.0 346.0 480.0 346.0 480.0 344.0
480.0 344.0 480.0 346.0 482.0 346.0 482.0 344.0
482.0 344.0 482.0 346.0 484.0 346.0 484.0 344.0
484.0 344.0 484.0 346.0 486.0 346.0 486.0 344.0
486.0 344.0 486.0 346.0 488.0 346.0 488.0 344.0
488.0 344.0 488.0 346.0 490.0 346.0 490.0 344.0
490.0 344.0 490.0 346.0 492.0 346.0 492.0 344.0
492.0 344.0 492.0 346.0 494.0 346.0 494.0 344.0
494.0 344.0 494.0 346.0 496.0 346.0 496.0 344.0
496.0 344.0 496.0 346.0 498.0 346.0 498.0 344.0
498.0 344.0 498.0 346.0 500.0 346.0 500.0 344.0
500.0 344.0 500.0 346.0 502.0 346.0 502.0 344.0
502.0 344.0 502.0 346.0 504.0 346.0 504.0 344.0
504.0 344.0 504.0 346.0 506.0 346.0 506.0 344.0
506.0 344.0 506.0 346.0 508.0 346.0 508.0 344.0
508.0 344.0 508.0 346.0 510.0 346.0 510.0 344.0
510.0 344.0 510.0 346.0 512.0 346.0 512.0 344.0
0.0 346.0 0.0 348.0 2.0 348.0 2.0 346.0
2.0 346.0 2.0 348.0 4.0 348.0 4.0 346.0
4.0 346.0 4.0 348.0 6.0 348.0 6.0 346.0
6.0 346.0 6.0 348.0 8.0 348.0 8.0 346.0
8.0 346.0 8.0 348.0 10.0 348.0 10.0 346.0
10.0 346.0 10.0 348.0 12.0 348.0 12.0 346.0
12.0 346.0 12.0 348.0 14.0 348.0 14.0 346.0
14.0 346.0 14.0 348.0 16.0 348.0 16.0 346.0
16.0 346.0 16.0 348.0 18.0 348.0 18.0 346.0
18.0 346.0 18.0 348.0 20.0 348.0 20.0 346.0
20.0 346.0 20.0 348.0 22.0 348.0 22.0 346.0
22.0 346.0 22.0 348.0 24.0 348.0 24.0 346.0
24.0 346.0 24.0 348.0 26.0 348.0 26.0 346.0
26.0 346.0 26.0 348.0 28.0 348.0 28.0 346.0
28.0 346.0 28.0 348.0 30.0 348.0 30.0 346.0
30.0 346.0 30.0 348.0 32.0 348.0 32.0 346.0
32.0 346.0 32.0 348.0 34.0 348.0 34.0 346.0
34.0 346.0 34.0 348.0 36.0 348.0 36.0 346.0
36.0 346.0 36.0 348.0 38.0 348.0 38.0 346.0
38.0 346.0 38.0 348.0 40.0 348.0 40.0 346.0
40.0 346.0 40.0 348.0 42.0 348.0 42.0 346.0
42.0 346.0 42.0 348.0 44.0 348.0 44.0 346.0
44.0 346.0 44.0 348.0 46.0 348.0 46.0 346.0
46.0 346.0 46.0 348.0 48.0 348.0 48.0 346.0
48.0 346.0 48.0 348.0 50.0 348.0 50.0 346.0
50.0 346.0 50.0 348.0 52.0 348.0 52.0 346.0
52.0 346.0 52.0 348.0 54.0 348.0 54.0 346.0
54.0 346.0 54.0 348.0 56.0 348.0 56.0 346.0
56.0 346.0 56.0 348.0 58.0 348.0 58.0 346.0
58.0 346.0 58.0 348.0 60.0 348.0 60.0 346.0
60.0 346.0 60.0 348.0 62.0 348.0 62.0 346.0
62.0 346.0 62.0 348.0 64.0 348.0 64.0 346.0
64.0 346.0 64.0 348.0 66.0 348.0 66.0 346.0
66.0 346.0 66.0 348.0 68.0 348.0 68.0 346.0
68.0 346.0 68.0 348.0 70.0 348.0 70.0 346.0
70.0 346.0 70.0 348.0 72.0 348.0 72.0 346.0
256.0 346.0 256.0 348.0 258.0 348.0 258.0 346.0
258.0 346.0 258.0 348.0 260.0 348.0 260.0 346.0
260.0 346.0 260.0 348.0 262.0 348.0 262.0 346.0
262.0 346.0 262.0 348.0 264.0 348.0 264.0 346.0
264.0 346.0 264.0 348.0 266.0 348.0 266.0 346.0
266.0 346.0 266.0 348.0 268.0 348.0 268.0 346.0
268.0 346.0 268.0 348.0 270.0 348.0 270.0 346.0
270.0 346.0 270.0 348.0 272.0 348.0 272.0 346.0
272.0 346.0 272.0 348.0 274.0 348.0 274.0 346.0
274.0 346.0 274.0 348.0 276.0 348.0 276.0 346.0
276.0 346.0 276.0 348.0 278.0 348.0 278.0 346.0
278.0 346.0 278.0 348.0 280.0 348.0 280.0 346.0
280.0 346.0 280.0 348.0 282.0 348.0 282.0 346.0
282.0 346.0 282.0 348.0 284.0 348.0 284.0 346.0
284.0 346.0 284.0 348.0 286.0 348.0 286.0 346.0
286.0 346.0 286.0 348.0 288.0 348.0 288.0 346.0
288.0 346.0 288.0 348.0 290.0 348.0 290.0 346.0
290.0 346.0 290.0 348.0 292.0 348.0 292.0 346.0
292.0 346.0 292.0 348.0 294.0 348.0 294.0 346.0
294.0 346.0 294.0 348.0 296.0 348.0 296.0 346.0
296.0 346.0 296.0 348.0 298.0 348.0 298.0 346.0
298.0 346.0 298.0 348.0 300.0 348.0 300.0 346.0
300.0 346.0 300.0 348.0 302.0 348.0 302.0 346.0
302.0 346.0 302.0 348.0 304.0 348.0 304.0 346.0
304.0 346.0 304.0 348.0 306.0 348.0 306.0 346.0
306.0 346.0 306.0 348.0 308.0 348.0 308.0 346.0
308.0 346.0 308.0 348.0 310.0 348.0 310.0 346.0
310.0 346.0 310.0 348.0 312.0 348.0 312.0 346.0
312.0 346.0 312.0 348.0 314.0 348.0 314.0 346.0
314.0 346.0 314.0 348.0 316.0 348.0 316.0 346.0
316.0 346.0 316.0 348.0 318.0 348.0 318.0 346.0
318.0 346.0 318.0 348.0 320.0 348.0 320.0 346.0
320.0 346.0 320.0 348.0 322.0 348.0 322.0 346.0
322.0 346.0 322.0 348.0 324.0 348.0 324.0 346.0
324.0 346.0 324.0 348.0 326.0 348.0 326.0 346.0
326.0 346.0 326.0 348.0 328.0 348.0 328.0 346.0
328.0 346.0 328.0 348.0 330.0 348.0 330.0 346.0
330.0 346.0 330.0 348.0 332.0 348.0 332.0 346.0
332.0 346.0 332.0 348.0 334.0 348.0 334.0 346.0
334.0 346.0 334.0 348.0 336.0 348.0 336.0 346.0
336.0 346.0 336.0 348.0 338.0 348.0 338.0 346.0
338.0 346.0 338.0 348.0 340.0 348.0 340.0 346.0
340.0 346.0 340.0 348.0 342.0 348.0 342.0 346.0
342.0 346.0 342.0 348.0 344.0 348.0 344.0 346.0
344.0 346.0 344.0 348.0 346.0 348.0 346.0 346.0
346.0 346.0 346.0 348.0 348.0 348.0 348.0 346.0
348.0 346.0 348.0 348.0 350.0 348.0 350.0 346.0
350.0 346.0 350.0 348.0 352.0 348.0 352.0 346.0
352.0 346.0 352.0 348.0 354.0 348.0 354.0 346.0
354.0 346.0 354.0 348.0 356.0 348.0 356.0 346.0
356.0 346.0 356.0 348.0 358.0 348.0 358.0 346.0
358.0 346.0 358.0 348.0 360.0 348.0 360.0 346.0
360.0 346.0 360.0 348.0 362.0 348.0 362.0 346.0
362.0 346.0 362.0 348.0 364.0 348.0 364.0 346.0
364.0 346.0 364.0 348.0 366.0 348.0 366.0 346.0
366.0 346.0 366.0 348.0 368.0 348.0 368.0 346.0
368.0 346.0 368.0 348.0 370.0 348.0 370.0 346.0
370.0 346.0 370.0 348.0 372.0 348.0 372.0 346.0
372.0 346.0 372.0 348.0 374.0 348.0 374.0 346.0
452.0 346.0 452.0 348.0 454.0 348.0 454.0 346.0
454.0 346.0 454.0 348.0 456.0 348.0 456.0 346.0
456.0 346.0 456.0 348.0 458.0 348.0 458.0 346.0
458.0 346.0 458.0 348.0 460.0 348.0 460.0 346.0
460.0 346.0 460.0 348.0 462.0 348.0 462.0 346.0
462.0 346.0 462.0 348.0 464.0 348.0 464.0 346.0
464.0 346.0 464.0 348.0 466.0 348.0 466.0 346.0
466.0 346.0 466.0 348.0 468.0 348.0 468.0 346.0
468.0 346.0 468.0 348.0 470.0 348.0 470.0 346.0
470.0 346.0 470.0 348.0 472.0 348.0 472.0 346.0
472.0 346.0 472.0 348.0 474.0 348.0 474.0 346.0
474.0 346.0 474.0 348.0 476.0 348.0 476.0 346.0
476.0 346.0 476.0 348.0 478.0 348.0 478.0 346.0
478.0 346.0 478.0 348.0 480.0 348.0 480.0 346.0
480.0 346.0 480.0 348.0 482.0 348.0 482.0 346.0
482.0 346.0 482.0 348.0 484.0 348.0 484.0 346.0
484.0 346.0 484.0 348.0 486.0 348.0 486.0 346.0
486.0 346.0 486.0 348.0 488.0 348.0 488.0 346.0
488.0 346.0 488.0 348.0 490.0 348.0 490.0 346.0
490.0 346.0 490.0 348.0 492.0 348.0 492.0 346.0
492.0 346.0 492.0 348.0 494.0 348.0 494.0 346.0
494.0 346.0 494.0 348.0 496.0 348.0 496.0 346.0
496.0 346.0 496.0 348.0 498.0 348.0 498.0 346.0
498.0 346.0 498.0 348.0 500.0 348.0 500.0 346.0
500.0 346.0 500.0 348.0 502.0 348.0 502.0 346.0
502.0 346.0 502.0 348.0 504.0 348.0 504.0 346.0
504.0 346.0 504.0 348.0 506.0 348.0 506.0 346.0
506.0 346.0 506.0 348.0 508.0 348.0 508.0 346.0
508.0 346.0 508.0 348.0 510.0 348.0 510.0 346.0
510.0 346.0 510.0 348.0 512.0 348.0 512.0 346.0
0.0 348.0 0.0 350.0 2.0 350.0 2.0 348.0
2.0 348.0 2.0 350.0 4.0 350.0 4.0 348.0
4.0 348.0 4.0 350.0 6.0 350.0 6.0 348.0
6.0 348.0 6.0 350.0 8.0 350.0 8.0 348.0
8.0 348.0 8.0 350.0 10.0 350.0 10.0 348.0
10.0 348.0 10.0 350.0 12.0 350.0 12.0 348.0
12.0 348.0 12.0 350.0 14.0 350.0 14.0 348.0
14.0 348.0 14.0 350.0 16.0 350.0 16.0 348.0
16.0 348.0 16.0 350.0 18.0 350.0 18.0 348.0
18.0 348.0 18.0 350.0 20.0 350.0 20.0 348.0
20.0 348.0 20.0 350.0 22.0 350.0 22.0 348.0
22.0 348.0 22.0 350.0 24.0 350.0 24.0 348.0
24.0 348.0 24.0 350.0 26.0 350.0 26.0 348.0
26.0 348.0 26.0 350.0 28.0 350.0 28.0 348.0
28.0 348.0 28.0 350.0 30.0 350.0 30.0 348.0
30.0 348.0 30.0 350.0 32.0 350.0 32.0 348.0
32.0 348.0 32.0 350.0 34.0 350.0 34.0 348.0
34.0 348.0 34.0 350.0 36.0 350.0 36.0 348.0
36.0 348.0 36.0 350.0 38.0 350.0 38.0 348.0
38.0 348.0 38.0 350.0 40.0 350.0 40.0 348.0
40.0 348.0 40.0 350.0 42.0 350.0 42.0 348.0
42.0 348.0 42.0 350.0 44.0 350.0 44.0 348.0
44.0 348.0 44.0 350.0 46.0 350.0 46.0 348.0
46.0 348.0 46.0 350.0 48.0 350.0 48.0 348.0
48.0 348.0 48.0 350.0 50.0 350.0 50.0 348.0
50.0 348.0 50.0 350.0 52.0 350.0 52.0 348.0
52.0 348.0 52.0 350.0 54.0 350.0 54.0 348.0
54.0 348.0 54.0 350.0 56.0 350.0 56.0 348.0
56.0 348.0 56.0 350.0 58.0 350.0 58.0 348.0
58.0 348.0 58.0 350.0 60.0 350.0 60.0 348.0
60.0 348.0 60.0 350.0 62.0 350.0 62.0 348.0
62.0 348.0 62.0 350.0 64.0 350.0 64.0 348.0
64.0 348.0 64.0 350.0 66.0 350.0 66.0 348.0
66.0 348.0 66.0 350.0 68.0 350.0 68.0 348.0
68.0 348.0 68.0 350.0 70.0 350.0 70.0 348.0
70.0 348.0 70.0 350.0 72.0 350.0 72.0 348.0
256.0 348.0 256.0 350.0 258.0 350.0 258.0 348.0
258.0 348.0 258.0 350.0 260.0 350.0 260.0 348.0
260.0 348.0 260.0 350.0 262.0 350.0 262.0 348.0
262.0 348.0 262.0 350.0 264.0 350.0 264.0 348.0
264.0 348.0 264.0 350.0 266.0 350.0 266.0 348.0
266.0 348.0 266.0 350.0 268.0 350.0 268.0 348.0
268.0 348.0 268.0 350.0 270.0 350.0 270.0 348.0
270.0 348.0 270.0 350.0 272.0 350.0 272.0 348.0
272.0 348.0 272.0 350.0 274.0 350.0 274.0 348.0
274.0 348.0 274.0 350.0 276.0 350.0 276.0 348.0
276.0 348.0 276.0 350.0 278.0 350.0 278.0 348.0
278.0 348.0 278.0 350.0 280.0 350.0 280.0 348.0
280.0 348.0 280.0 350.0 282.0 350.0 282.0 348.0
282.0 348.0 282.0 350.0 284.0 350.0 284.0 348.0
284.0 348.0 284.0 350.0 286.0 350.0 286.0 348.0
286.0 348.0 286.0 350.0 288.0 350.0 288.0 348.0
288.0 348.0 288.0 350.0 290.0 350.0 290.0 348.0
290.0 348.0 290.0 350.0 292.0 350.0 292.0 348.0
292.0 348.0 292.0 350.0 294.0 350.0 294.0 348.0
294.0 348.0 294.0 350.0 296.0 350.0 296.0 348.0
296.0 348.0 296.0 350.0 298.0 350.0 298.0 348.0
298.0 348.0 298.0 350.0 300.0 350.0 300.0 348.0
300.0 348.0 300.0 350.0 302.0 350.0 302.0 348.0
302.0 348.0 302.0 350.0 304.0 350.0 304.0 348.0
304.0 348.0 304.0 350.0 306.0 350.0 306.0 348.0
306.0 348.0 306.0 350.0 308.0 350.0 308.0 348.0
308.0 348.0 308.0 350.0 310.0 350.0 310.0 348.0
310.0 348.0 310.0 350.0 312.0 350.0 312.0 348.0
312.0 348.0 312.0 350.0 314.0 350.0 314.0 348.0
314.0 348.0 314.0 350.0 316.0 350.0 316.0 348.0
316.0 348.0 316.0 350.0 318.0 350.0 318.0 348.0
318.0 348.0 318.0 350.0 320.0 350.0 320.0 348.0
320.0 348.0 320.0 350.0 322.0 350.0 322.0 348.0
322.0 348.0 322.0 350.0 324.0 350.0 324.0 348.0
324.0 348.0 324.0 350.0 326.0 350.0 326.0 348.0
326.0 348.0 326.0 350.0 328.0 350.0 328.0 348.0
328.0 348.0 328.0 350.0 330.0 350.0 330.0 348.0
330.0 348.0 330.0 350.0 332.0 350.0 332.0 348.0
332.0 348.0 332.0 350.0 334.0 350.0 334.0 348.0
334.0 348.0 334.0 350.0 336.0 350.0 336.0 348.0
336.0 348.0 336.0 350.0 338.0 350.0 338.0 348.0
338.0 348.0 338.0 350.0 340.0 350.0 340.0 348.0
340.0 348.0 340.0 350.0 342.0 350.0 342.0 348.0
342.0 348.0 342.0 350.0 344.0 350.0 344.0 348.0
344.0 348.0 344.0 350.0 346.0 350.0 346.0 348.0
346.0 348.0 346.0 350.0 348.0 350.0 348.0 348.0
348.0 348.0 348.0 350.0 350.0 350.0 350.0 348.0
350.0 348.0 350.0 350.0 352.0 350.0 352.0 348.0
352.0 348.0 352.0 350.0 354.0 350.0 354.0 348.0
354.0 348.0 354.0 350.0 356.0 350.0 356.0 348.0
356.0 348.0 356.0 350.0 358.0 350.0 358.0 348.0
358.0 348.0 358.0 350.0 360.0 350.0 360.0 348.0
360.0 348.0 360.0 350.0 362.0 350.0 362.0 348.0
362.0 348.0 362.0 350.0 364.0 350.0 364.0 348.0
364.0 348.0 364.0 350.0 366.0 350.0 366.0 348.0
366.0 348.0 366.0 350.0 368.0 350.0 368.0 348.0
368.0 348.0 368.0 350.0 370.0 350.0 370.0 348.0
370.0 348.0 370.0 350.0 372.0 350.0 372.0 348.0
372.0 348.0 372.0 350.0 374.0 350.0 374.0 348.0
452.0 348.0 452.0 350.0 454.0 350.0 454.0 348.0
454.0 348.0 454.0 350.0 456.0 350.0 456.0 348.0
456.0 348.0 456.0 350.0 458.0 350.0 458.0 348.0
458.0 348.0 458.0 350.0 460.0 350.0 460.0 348.0
460.0 348.0 460.0 350.0 462.0 350.0 462.0 348.0
462.0 348.0 462.0 350.0 464.0 350.0 464.0 348.0
464.0 348.0 464.0 350.0 466.0 350.0 466.0 348.0
466.0 348.0 466.0 350.0 468.0 350.0 468.0 348.0
468.0 348.0 468.0 350.0 470.0 350.0 470.0 348.0
470.0 348.0 470.0 350.0 472.0 350.0 472.0 348.0
472.0 348.0 472.0 350.0 474.0 350.0 474.0 348.0
474.0 348.0 474.0 350.0 476.0 350.0 476.0 348.0
476.0 348.0 476.0 350.0 478.0 350.0 478.0 348.0
478.0 348.0 478.0 350.0 480.0 350.0 480.0 348.0
480.0 348.0 480.0 350.0 482.0 350.0 482.0 348.0
482.0 348.0 482.0 350.0 484.0 350.0 484.0 348.0
484.0 348.0 484.0 350.0 486.0 350.0 486.0 348.0
486.0 348.0 486.0 350.0 488.0 350.0 488.0 348.0
488.0 348.0 488.0 350.0 490.0 350.0 490.0 348.0
490.0 348.0 490.0 350.0 492.0 350.0 492.0 348.0
492.0 348.0 492.0 350.0 494.0 350.0 494.0 348.0
494.0 348.0 494.0 350.0 496.0 350.0 496.0 348.0
496.0 348.0 496.0 350.0 498.0 350.0 498.0 348.0
498.0 348.0 498.0 350.0 500.0 350.0 500.0 348.0
500.0 348.0 500.0 350.0 502.0 350.0 502.0 348.0
502.0 348.0 502.0 350.0 504.0 350.0 504.0 348.0
504.0 348.0 504.0 350.0 506.0 350.0 506.0 348.0
506.0 348.0 506.0 350.0 508.0 350.0 508.0 348.0
508.0 348.0 508.0 350.0 510.0 350.0 510.0 348.0
510.0 348.0 510.0 350.0 512.0 350.0 512.0 348.0
0.0 350.0 0.0 352.0 2.0 352.0 2.0 350.0
2.0 350.0 2.0 352.0 4.0 352.0 4.0 350.0
4.0 350.0 4.0 352.0 6.0 352.0 6.0 350.0
6.0 350.0 6.0 352.0 8.0 352.0 8.0 350.0
8.0 350.0 8.0 352.0 10.0 352.0 10.0 350.0
10.0 350.0 10.0 352.0 12.0 352.0 12.0 350.0
12.0 350.0 12.0 352.0 14.0 352.0 14.0 350.0
14.0 350.0 14.0 352.0 16.0 352.0 16.0 350.0
16.0 350.0 16.0 352.0 18.0 352.0 18.0 350.0
18.0 350.0 18.0 352.0 20.0 352.0 20.0 350.0
20.0 350.0 20.0 352.0 22.0 352.0 22.0 350.0
22.0 350.0 22.0 352.0 24.0 352.0 24.0 350.0
24.0 350.0 24.0 352.0 26.0 352.0 26.0 350.0
26.0 350.0 26.0 352.0 28.0 352.0 28.0 350.0
28.0 350.0 28.0 352.0 30.0 352.0 30.0 350.0
30.0 350.0 30.0 352.0 32.0 352.0 32.0 350.0
32.0 350.0 32.0 352.0 34.0 352.0 34.0 350.0
34.0 350.0 34.0 352.0 36.0 352.0 36.0 350.0
36.0 350.0 36.0 352.0 38.0 352.0 38.0 350.0
38.0 350.0 38.0 352.0 40.0 352.0 40.0 350.0
40.0 350.0 40.0 352.0 42.0 352.0 42.0 350.0
42.0 350.0 42.0 352.0 44.0 352.0 44.0 350.0
44.0 350.0 44.0 352.0 46.0 352.0 46.0 350.0
46.0 350.0 46.0 352.0 48.0 352.0 48.0 350.0
48.0 350.0 48.0 352.0 50.0 352.0 50.0 350.0
50.0 350.0 50.0 352.0 52.0 352.0 52.0 350.0
52.0 350.0 52.0 352.0 54.0 352.0 54.0 350.0
54.0 350.0 54.0 352.0 56.0 352.0 56.0 350.0
56.0 350.0 56.0 352.0 58.0 352.0 58.0 350.0
58.0 350.0 58.0 352.0 60.0 352.0 60.0 350.0
60.0 350.0 60.0 352.0 62.0 352.0 62.0 350.0
62.0 350.0 62.0 352.0 64.0 352.0 64.0 350.0
64.0 350.0 64.0 352.0 66.0 352.0 66.0 350.0
66.0 350.0 66.0 352.0 68.0 352.0 68.0 350.0
68.0 350.0 68.0 352.0 70.0 352.0 70.0 350.0
70.0 350.0 70.0 352.0 72.0 352.0 72.0 350.0
256.0 350.0 256.0 352.0 258.0 352.0 258.0 350.0
258.0 350.0 258.0 352.0 260.0 352.0 260.0 350.0
260.0 350.0 260.0 352.0 262.0 352.0 262.0 350.0
262.0 350.0 262.0 352.0 264.0 352.0 264.0 350.0
264.0 350.0 264.0 352.0 266.0 352.0 266.0 350.0
266.0 350.0 266.0 352.0 268.0 352.0 268.0 350.0
268.0 350.0 268.0 352.0 270.0 352.0 270.0 350.0
270.0 350.0 270.0 352.0 272.0 352.0 272.0 350.0
272.0 350.0 272.0 352.0 274.0 352.0 274.0 350.0
274.0 350.0 274.0 352.0 276.0 352.0 276.0 350.0
276.0 350.0 276.0 352.0 278.0 352.0 278.0 350.0
278.0 350.0 278.0 352.0 280.0 352.0 280.0 350.0
280.0 350.0 280.0 352.0 282.0 352.0 282.0 350.0
282.0 350.0 282.0 352.0 284.0 352.0 284.0 350.0
284.0 350.0 284.0 352.0 286.0 352.0 286.0 350.0
286.0 350.0 286.0 352.0 288.0 352.0 288.0 350.0
288.0 350.0 288.0 352.0 290.0 352.0 290.0 350.0
290.0 350.0 290.0 352.0 292.0 352.0 292.0 350.0
292.0 350.0 292.0 352.0 294.0 352.0 294.0 350.0
294.0 350.0 294.0 352.0 296.0 352.0 296.0 350.0
296.0 350.0 296.0 352.0 298.0 352.0 298.0 350.0
298.0 350.0 298.0 352.0 300.0 352.0 300.0 350.0
300.0 350.0 300.0 352.0 302.0 352.0 302.0 350.0
302.0 350.0 302.0 352.0 304.0 352.0 304.0 350.0
304.0 350.0 304.0 352.0 306.0 352.0 306.0 350.0
306.0 350.0 306.0 352.0 308.0 352.0 308.0 350.0
308.0 350.0 308.0 352.0 310.0 352.0 310.0 350.0
310.0 350.0 310.0 352.0 312.0 352.0 312.0 350.0
312.0 350.0 312.0 352.0 314.0 352.0 314.0 350.0
314.0 350.0 314.0 352.0 316.0 352.0 316.0 350.0
316.0 350.0 316.0 352.0 318.0 352.0 318.0 350.0
318.0 350.0 318.0 352.0 320.0 352.0 320.0 350.0
320.0 350.0 320.0 352.0 322.0 352.0 322.0 350.0
322.0 350.0 322.0 352.0 324.0 352.0 324.0 350.0
324.0 350.0 324.0 352.0 326.0 352.0 326.0 350.0
326.0 350.0 326.0 352.0 328.0 352.0 328.0 350.0
328.0 350.0 328.0 352.0 330.0 352.0 330.0 350.0
330.0 350.0 330.0 352.0 332.0 352.0 332.0 350.0
332.0 350.0 332.0 352.0 334.0 352.0 334.0 350.0
334.0 350.0 334.0 352.0 336.0 352.0 336.0 350.0
336.0 350.0 336.0 352.0 338.0 352.0 338.0 350.0
338.0 350.0 338.0 352.0 340.0 352.0 340.0 350.0
340.0 350.0 340.0 352.0 342.0 352.0 342.0 350.0
342.0 350.0 342.0 352.0 344.0 352.0 344.0 350.0
344.0 350.0 344.0 352.0 346.0 352.0 346.0 350.0
346.0 350.0 346.0 352.0 348.0 352.0 348.0 350.0
348.0 350.0 348.0 352.0 350.0 352.0 350.0 350.0
350.0 350.0 350.0 352.0 352.0 352.0 352.0 350.0
352.0 350.0 352.0 352.0 354.0 352.0 354.0 350.0
354.0 350.0 354.0 352.0 356.0 352.0 356.0 350.0
356.0 350.0 356.0 352.0 358.0 352.0 358.0 350.0
358.0 350.0 358.0 352.0 360.0 352.0 360.0 350.0
360.0 350.0 360.0 352.0 362.0 352.0 362.0 350.0
362.0 350.0 362.0 352.0 364.0 352.0 364.0 350.0
364.0 350.0 364.0 352.0 366.0 352.0 366.0 350.0
366.0 350.0 366.0 352.0 368.0 352.0 368.0 350.0
368.0 350.0 368.0 352.0 370.0 352.0 370.0 350.0
370.0 350.0 370.0 352.0 372.0 352.0 372.0 350.0
372.0 350.0 372.0 352.0 374.0 352.0 374.0 350.0
374.0 350.0 374.0 352.0 376.0 352.0 376.0 350.0
454.0 350.0 454.0 352.0 456.0 352.0 456.0 350.0
456.0 350.0 456.0 352.0 458.0 352.0 458.0 350.0
458.0 350.0 458.0 352.0 460.0 352.0 460.0 350.0
460.0 350.0 460.0 352.0 462.0 352.0 462.0 350.0
462.0 350.0 462.0 352.0 464.0 352.0 464.0 350.0
464.0 350.0 464.0 352.0 466.0 352.0 466.0 350.0
466.0 350.0 466.0 352.0 468.0 352.0 468.0 350.0
468.0 350.0 468.0 352.0 470.0 352.0 470.0 350.0
470.0 350.0 470.0 352.0 472.0 352.0 472.0 350.0
472.0 350.0 472.0 352.0 474.0 352.0 474.0 350.0
474.0 350.0 474.0 352.0 476.0 352.0 476.0 350.0
476.0 350.0 476.0 352.0 478.0 352.0 478.0 350.0
478.0 350.0 478.0 352.0 480.0 352.0 480.0 350.0
480.0 350.0 480.0 352.0 482.0 352.0 482.0 350.0
482.0 350.0 482.0 352.0 484.0 352.0 484.0 350.0
484.0 350.0 484.0 352.0 486.0 352.0 486.0 350.0
486.0 350.0 486.0 352.0 488.0 352.0 488.0 350.0
488.0 350.0 488.0 352.0 490.0 352.0 490.0 350.0
490.0 350.0 490.0 352.0 492.0 352.0 492.0 350.0
492.0 350.0 492.0 352.0 494.0 352.0 494.0 350.0
494.0 350.0 494.0 352.0 496.0 352.0 496.0 350.0
496.0 350.0 496.0 352.0 498.0 352.0 498.0 350.0
498.0 350.0 498.0 352.0 500.0 352.0 500.0 350.0
500.0 350.0 500.0 352.0 502.0 352.0 502.0 350.0
502.0 350.0 502.0 352.0 504.0 352.0 504.0 350.0
504.0 350.0 504.0 352.0 506.0 352.0 506.0 350.0
506.0 350.0 506.0 352.0 508.0 352.0 508.0 350.0
508.0 350.0 508.0 352.0 510.0 352.0 510.0 350.0
510.0 350.0 510.0 352.0 512.0 352.0 512.0 350.0
0.0 352.0 0.0 354.0 2.0 354.0 2.0 352.0
2.0 352.0 2.0 354.0 4.0 354.0 4.0 352.0
4.0 352.0 4.0 354.0 6.0 354.0 6.0 352.0
6.0 352.0 6.0 354.0 8.0 354.0 8.0 352.0
8.0 352.0 8.0 354.0 10.0 354.0 10.0 352.0
10.0 352.0 10.0 354.0 12.0 354.0 12.0 352.0
12.0 352.0 12.0 354.0 14.0 354.0 14.0 352.0
14.0 352.0 14.0 354.0 16.0 354.0 16.0 352.0
16.0 352.0 16.0 354.0 18.0 354.0 18.0 352.0
18.0 352.0 18.0 354.0 20.0 354.0 20.0 352.0
20.0 352.0 20.0 354.0 22.0 354.0 22.0 352.0
22.0 352.0 22.0 354.0 24.0 354.0 24.0 352.0
24.0 352.0 24.0 354.0 26.0 354.0 26.0 352.0
26.0 352.0 26.0 354.0 28.0 354.0 28.0 352.0
28.0 352.0 28.0 354.0 30.0 354.0 30.0 352.0
30.0 352.0 30.0 354.0 32.0 354.0 32.0 352.0
32.0 352.0 32.0 354.0 34.0 354.0 34.0 352.0
34.0 352.0 34.0 354.0 36.0 354.0 36.0 352.0
36.0 352.0 36.0 354.0 38.0 354.0 38.0 352.0
38.0 352.0 38.0 354.0 40.0 354.0 40.0 352.0
40.0 352.0 40.0 354.0 42.0 354.0 42.0 352.0
42.0 352.0 42.0 354.0 44.0 354.0 44.0 352.0
44.0 352.0 44.0 354.0 46.0 354.0 46.0 352.0
46.0 352.0 46.0 354.0 48.0 354.0 48.0 352.0
48.0 352.0 48.0 354.0 50.0 354.0 50.0 352.0
50.0 352.0 50.0 354.0 52.0 354.0 52.0 352.0
52.0 352.0 52.0 354.0 54.0 354.0 54.0 352.0
54.0 352.0 54.0 354.0 56.0 354.0 56.0 352.0
56.0 352.0 56.0 354.0 58.0 354.0 58.0 352.0
58.0 352.0 58.0 354.0 60.0 354.0 60.0 352.0
60.0 352.0 60.0 354.0 62.0 354.0 62.0 352.0
62.0 352.0 62.0 354.0 64.0 354.0 64.0 352.0
64.0 352.0 64.0 354.0 66.0 354.0 66.0 352.0
66.0 352.0 66.0 354.0 68.0 354.0 68.0 352.0
68.0 352.0 68.0 354.0 70.0 354.0 70.0 352.0
70.0 352.0 70.0 354.0 72.0 354.0 72.0 352.0
258.0 352.0 258.0 354.0 260.0 354.0 260.0 352.0
260.0 352.0 260.0 354.0 262.0 354.0 262.0 352.0
262.0 352.0 262.0 354.0 264.0 354.0 264.0 352.0
264.0 352.0 264.0 354.0 266.0 354.0 266.0 352.0
266.0 352.0 266.0 354.0 268.0 354.0 268.0 352.0
268.0 352.0 268.0 354.0 270.0 354.0 270.0 352.0
270.0 352.0 270.0 354.0 272.0 354.0 272.0 352.0
272.0 352.0 272.0 354.0 274.0 354.0 274.0 352.0
274.0 352.0 274.0 354.0 276.0 354.0 276.0 352.0
276.0 352.0 276.0 354.0 278.0 354.0 278.0 352.0
278.0 352.0 278.0 354.0 280.0 354.0 280.0 352.0
280.0 352.0 280.0 354.0 282.0 354.0 282.0 352.0
282.0 352.0 282.0 354.0 284.0 354.0 284.0 352.0
284.0 352.0 284.0 354.0 286.0 354.0 286.0 352.0
286.0 352.0 286.0 354.0 288.0 354.0 288.0 352.0
288.0 352.0 288.0 354.0 290.0 354.0 290.0 352.0
290.0 352.0 290.0 354.0 292.0 354.0 292.0 352.0
292.0 352.0 292.0 354.0 294.0 354.0 294.0 352.0
294.0 352.0 294.0 354.0 296.0 354.0 296.0 352.0
296.0 352.0 296.0 354.0 298.0 354.0 298.0 352.0
298.0 352.0 298.0 354.0 300.0 354.0 300.0 352.0
300.0 352.0 300.0 354.0 302.0 354.0 302.0 352.0
302.0 352.0 302.0 354.0 304.0 354.0 304.0 352.0
304.0 352.0 304.0 354.0 306.0 354.0 306.0 352.0
306.0 352.0 306.0 354.0 308.0 354.0 308.0 352.0
308.0 352.0 308.0 354.0 310.0 354.0 310.0 352.0
310.0 352.0 310.0 354.0 312.0 354.0 312.0 352.0
312.0 352.0 312.0 354.0 314.0 354.0 314.0 352.0
314.0 352.0 314.0 354.0 316.0 354.0 316.0 352.0
316.0 352.0 316.0 354.0 318.0 354.0 318.0 352.0
318.0 352.0 318.0 354.0 320.0 354.0 320.0 352.0
320.0 352.0 320.0 354.0 322.0 354.0 322.0 352.0
322.0 352.0 322.0 354.0 324.0 354.0 324.0 352.0
324.0 352.0 324.0 354.0 326.0 354.0 326.0 352.0
326.0 352.0 326.0 354.0 328.0 354.0 328.0 352.0
328.0 352.0 328.0 354.0 330.0 354.0 330.0 352.0
330.0 352.0 330.0 354.0 332.0 354.0 332.0 352.0
332.0 352.0 332.0 354.0 334.0 354.0 334.0 352.0
334.0 352.0 334.0 354.0 336.0 354.0 336.0 352.0
336.0 352.0 336.0 354.0 338.0 354.0 338.0 352.0
338.0 352.0 338.0 354.0 340.0 354.0 340.0 352.0
340.0 352.0 340.0 354.0 342.0 354.0 342.0 352.0
342.0 352.0 342.0 354.0 344.0 354.0 344.0 352.0
344.0 352.0 344.0 354.0 346.0 354.0 346.0 352.0
346.0 352.0 346.0 354.0 348.0 354.0 348.0 352.0
348.0 352.0 348.0 354.0 350.0 354.0 350.0 352.0
350.0 352.0 350.0 354.0 352.0 354.0 352.0 352.0
352.0 352.0 352.0 354.0 354.0 354.0 354.0 352.0
354.0 352.0 354.0 354.0 356.0 354.0 356.0 352.0
356.0 352.0 356.0 354.0 358.0 354.0 358.0 352.0
358.0 352.0 358.0 354.0 360.0 354.0 360.0 352.0
360.0 352.0 360.0 354.0 362.0 354.0 362.0 352.0
362.0 352.0 362.0 354.0 364.0 354.0 364.0 352.0
364.0 352.0 364.0 354.0 366.0 354.0 366.0 352.0
366.0 352.0 366.0 354.0 368.0 354.0 368.0 352.0
368.0 352.0 368.0 354.0 370.0 354.0 370.0 352.0
370.0 352.0 370.0 354.0 372.0 354.0 372.0 352.0
372.0 352.0 372.0 354.0 374.0 354.0 374.0 352.0
374.0 352.0 374.0 354.0 376.0 354.0 376.0 352.0
454.0 352.0 454.0 354.0 456.0 354.0 456.0 352.0
456.0 352.0 456.0 354.0 458.0 354.0 458.0 352.0
458.0 352.0 458.0 354.0 460.0 354.0 460.0 352.0
460.0 352.0 460.0 354.0 462.0 354.0 462.0 352.0
462.0 352.0 462.0 354.0 464.0 354.0 464.0 352.0
464.0 352.0 464.0 354.0 466.0 354.0 466.0 352.0
466.0 352.0 466.0 354.0 468.0 354.0 468.0 352.0
468.0 352.0 468.0 354.0 470.0 354.0 470.0 352.0
470.0 352.0 470.0 354.0 472.0 354.0 472.0 352.0
472.0 352.0 472.0 354.0 474.0 354.0 474.0 352.0
474.0 352.0 474.0 354.0 476.0 354.0 476.0 352.0
476.0 352.0 476.0 354.0 478.0 354.0 478.0 352.0
478.0 352.0 478.0 354.0 480.0 354.0 480.0 352.0
480.0 352.0 480.0 354.0 482.0 354.0 482.0 352.0
482.0 352.0 482.0 354.0 484.0 354.0 484.0 352.0
484.0 352.0 484.0 354.0 486.0 354.0 486.0 352.0
486.0 352.0 486.0 354.0 488.0 354.0 488.0 352.0
488.0 352.0 488.0 354.0 490.0 354.0 490.0 352.0
490.0 352.0 490.0 354.0 492.0 354.0 492.0 352.0
492.0 352.0 492.0 354.0 494.0 354.0 494.0 352.0
494.0 352.0 494.0 354.0 496.0 354.0 496.0 352.0
496.0 352.0 496.0 354.0 498.0 354.0 498.0 352.0
498.0 352.0 498.0 354.0 500.0 354.0 500.0 352.0
500.0 352.0 500.0 354.0 502.0 354.0 502.0 352.0
502.0 352.0 502.0 354.0 504.0 354.0 504.0 352.0
504.0 352.0 504.0 354.0 506.0 354.0 506.0 352.0
506.0 352.0 506.0 354.0 508.0 354.0 508.0 352.0
508.0 352.0 508.0 354.0 510.0 354.0 510.0 352.0
510.0 352.0 510.0 354.0 512.0 354.0 512.0 352.0
0.0 354.0 0.0 356.0 2.0 356.0 2.0 354.0
2.0 354.0 2.0 356.0 4.0 356.0 4.0 354.0
4.0 354.0 4.0 356.0 6.0 356.0 6.0 354.0
6.0 354.0 6.0 356.0 8.0 356.0 8.0 354.0
8.0 354.0 8.0 356.0 10.0 356.0 10.0 354.0
10.0 354.0 10.0 356.0 12.0 356.0 12.0 354.0
12.0 354.0 12.0 356.0 14.0 356.0 14.0 354.0
14.0 354.0 14.0 356.0 16.0 356.0 16.0 354.0
16.0 354.0 16.0 356.0 18.0 356.0 18.0 354.0
18.0 354.0 18.0 356.0 20.0 356.0 20.0 354.0
20.0 354.0 20.0 356.0 22.0 356.0 22.0 354.0
22.0 354.0 22.0 356.0 24.0 356.0 24.0 354.0
24.0 354.0 24.0 356.0 26.0 356.0 26.0 354.0
26.0 354.0 26.0 356.0 28.0 356.0 28.0 354.0
28.0 354.0 28.0 356.0 30.0 356.0 30.0 354.0
30.0 354.0 30.0 356.0 32.0 356.0 32.0 354.0
32.0 354.0 32.0 356.0 34.0 356.0 34.0 354.0
34.0 354.0 34.0 356.0 36.0 356.0 36.0 354.0
36.0 354.0 36.0 356.0 38.0 356.0 38.0 354.0
38.0 354.0 38.0 356.0 40.0 356.0 40.0 354.0
40.0 354.0 40.0 356.0 42.0 356.0 42.0 354.0
42.0 354.0 42.0 356.0 44.0 356.0 44.0 354.0
44.0 354.0 44.0 356.0 46.0 356.0 46.0 354.0
46.0 354.0 46.0 356.0 48.0 356.0 48.0 354.0
48.0 354.0 48.0 356.0 50.0 356.0 50.0 354.0
50.0 354.0 50.0 356.0 52.0 356.0 52.0 354.0
52.0 354.0 52.0 356.0 54.0 356.0 54.0 354.0
54.0 354.0 54.0 356.0 56.0 356.0 56.0 354.0
56.0 354.0 56.0 356.0 58.0 356.0 58.0 354.0
58.0 354.0 58.0 356.0 60.0 356.0 60.0 354.0
60.0 354.0 60.0 356.0 62.0 356.0 62.0 354.0
62.0 354.0 62.0 356.0 64.0 356.0 64.0 354.0
64.0 354.0 64.0 356.0 66.0 356.0 66.0 354.0
66.0 354.0 66.0 356.0 68.0 356.0 68.0 354.0
68.0 354.0 68.0 356.0 70.0 356.0 70.0 354.0
70.0 354.0 70.0 356.0 72.0 356.0 72.0 354.0
72.0 354.0 72.0 356.0 74.0 356.0 74.0 354.0
260.0 354.0 260.0 356.0 262.0 356.0 262.0 354.0
262.0 354.0 262.0 356.0 264.0 356.0 264.0 354.0
264.0 354.0 264.0 356.0 266.0 356.0 266.0 354.0
266.0 354.0 266.0 356.0 268.0 356.0 268.0 354.0
268.0 354.0 268.0 356.0 270.0 356.0 270.0 354.0
270.0 354.0 270.0 356.0 272.0 356.0 272.0 354.0
272.0 354.0 272.0 356.0 274.0 356.0 274.0 354.0
274.0 354.0 274.0 356.0 276.0 356.0 276.0 354.0
276.0 354.0 276.0 356.0 278.0 356.0 278.0 354.0
278.0 354.0 278.0 356.0 280.0 356.0 280.0 354.0
280.0 354.0 280.0 356.0 282.0 356.0 282.0 354.0
282.0 354.0 282.0 356.0 284.0 356.0 284.0 354.0
284.0 354.0 284.0 356.0 286.0 356.0 286.0 354.0
286.0 354.0 286.0 356.0 288.0 356.0 288.0 354.0
288.0 354.0 288.0 356.0 290.0 356.0 290.0 354.0
290.0 354.0 290.0 356.0 292.0 356.0 292.0 354.0
292.0 354.0 292.0 356.0 294.0 356.0 294.0 354.0
294.0 354.0 294.0 356.0 296.0 356.0 296.0 354.0
296.0 354.0 296.0 356.0 298.0 356.0 298.0 354.0
298.0 354.0 298.0 356.0 300.0 356.0 300.0 354.0
300.0 354.0 300.0 356.0 302.0 356.0 302.0 354.0
302.0 354.0 302.0 356.0 304.0 356.0 304.0 354.0
304.0 354.0 304.0 356.0 306.0 356.0 306.0 354.0
306.0 354.0 306.0 356.0 308.0 356.0 308.0 354.0
308.0 354.0 308.0 356.0 310.0 356.0 310.0 354.0
310.0 354.0 310.0 356.0 312.0 356.0 312.0 354.0
312.0 354.0 312.0 356.0 314.0 356.0 314.0 354.0
314.0 354.0 314.0 356.0 316.0 356.0 316.0 354.0
316.0 354.0 316.0 356.0 318.0 356.0 318.0 354.0
318.0 354.0 318.0 356.0 320.0 356.0 320.0 354.0
320.0 354.0 320.0 356.0 322.0 356.0 322.0 354.0
322.0 354.0 322.0 356.0 324.0 356.0 324.0 354.0
324.0 354.0 324.0 356.0 326.0 356.0 326.0 354.0
326.0 354.0 326.0 356.0 328.0 356.0 328.0 354.0
328.0 354.0 328.0 356.0 330.0 356.0 330.0 354.0
330.0 354.0 330.0 356.0 332.0 356.0 332.0 354.0
332.0 354.0 332.0 356.0 334.0 356.0 334.0 354.0
334.0 354.0 334.0 356.0 336.0 356.0 336.0 354.0
336.0 354.0 336.0 356.0 338.0 356.0 338.0 354.0
338.0 354.0 338.0 356.0 340.0 356.0 340.0 354.0
340.0 354.0 340.0 356.0 342.0 356.0 342.0 354.0
342.0 354.0 342.0 356.0 344.0 356.0 344.0 354.0
344.0 354.0 344.0 356.0 346.0 356.0 346.0 354.0
346.0 354.0 346.0 356.0 348.0 356.0 348.0 354.0
348.0 354.0 348.0 356.0 350.0 356.0 350.0 354.0
350.0 354.0 350.0 356.0 352.0 356.0 352.0 354.0
352.0 354.0 352.0 356.0 354.0 356.0 354.0 354.0
354.0 354.0 354.0 356.0 356.0 356.0 356.0 354.0
356.0 354.0 356.0 356.0 358.0 356.0 358.0 354.0
358.0 354.0 358.0 356.0 360.0 356.0 360.0 354.0
360.0 354.0 360.0 356.0 362.0 356.0 362.0 354.0
362.0 354.0 362.0 356.0 364.0 356.0 364.0 354.0
364.0 354.0 364.0 356.0 366.0 356.0 366.0 354.0
366.0 354.0 366.0 356.0 368.0 356.0 368.0 354.0
368.0 354.0 368.0 356.0 370.0 356.0 370.0 354.0
370.0 354.0 370.0 356.0 372.0 356.0 372.0 354.0
372.0 354.0 372.0 356.0 374.0 356.0 374.0 354.0
374.0 354.0 374.0 356.0 376.0 356.0 376.0 354.0
454.0 354.0 454.0 356.0 456.0 356.0 456.0 354.0
456.0 354.0 456.0 356.0 458.0 356.0 458.0 354.0
458.0 354.0 458.0 356.0 460.0 356.0 460.0 354.0
460.0 354.0 460.0 356.0 462.0 356.0 462.0 354.0
462.0 354.0 462.0 356.0 464.0 356.0 464.0 354.0
464.0 354.0 464.0 356.0 466.0 356.0 466.0 354.0
466.0 354.0 466.0 356.0 468.0 356.0 468.0 354.0
468.0 354.0 468.0 356.0 470.0 356.0 470.0 354.0
470.0 354.0 470.0 356.0 472.0 356.0 472.0 354.0
472.0 354.0 472.0 356.0 474.0 356.0 474.0 354.0
474.0 354.0 474.0 356.0 476.0 356.0 476.0 354.0
476.0 354.0 476.0 356.0 478.0 356.0 478.0 354.0
478.0 354.0 478.0 356.0 480.0 356.0 480.0 354.0
480.0 354.0 480.0 356.0 482.0 356.0 482.0 354.0
482.0 354.0 482.0 356.0 484.0 356.0 484.0 354.0
484.0 354.0 484.0 356.0 486.0 356.0 486.0 354.0
486.0 354.0 486.0 356.0 488.0 356.0 488.0 354.0
488.0 354.0 488.0 356.0 490.0 356.0 490.0 354.0
490.0 354.0 490.0 356.0 492.0 356.0 492.0 354.0
492.0 354.0 492.0 356.0 494.0 356.0 494.0 354.0
494.0 354.0 494.0 356.0 496.0 356.0 496.0 354.0
496.0 354.0 496.0 356.0 498.0 356.0 498.0 354.0
498.0 354.0 498.0 356.0 500.0 356.0 500.0 354.0
500.0 354.0 500.0 356.0 502.0 356.0 502.0 354.0
502.0 354.0 502.0 356.0 504.0 356.0 504.0 354.0
504.0 354.0 504.0 356.0 506.0 356.0 506.0 354.0
506.0 354.0 506.0 356.0 508.0 356.0 508.0 354.0
508.0 354.0 508.0 356.0 510.0 356.0 510.0 354.0
510.0 354.0 510.0 356.0 512.0 356.0 512.0 354.0
0.0 356.0 0.0 358.0 2.0 358.0 2.0 356.0
2.0 356.0 2.0 358.0 4.0 358.0 4.0 356.0
4.0 356.0 4.0 358.0 6.0 358.0 6.0 356.0
6.0 356.0 6.0 358.0 8.0 358.0 8.0 356.0
8.0 356.0 8.0 358.0 10.0 358.0 10.0 356.0
10.0 356.0 10.0 358.0 12.0 358.0 12.0 356.0
12.0 356.0 12.0 358.0 14.0 358.0 14.0 356.0
14.0 356.0 14.0 358.0 16.0 358.0 16.0 356.0
16.0 356.0 16.0 358.0 18.0 358.0 18.0 356.0
18.0 356.0 18.0 358.0 20.0 358.0 20.0 356.0
20.0 356.0 20.0 358.0 22.0 358.0 22.0 356.0
22.0 356.0 22.0 358.0 24.0 358.0 24.0 356.0
24.0 356.0 24.0 358.0 26.0 358.0 26.0 356.0
26.0 356.0 26.0 358.0 28.0 358.0 28.0 356.0
28.0 356.0 28.0 358.0 30.0 358.0 30.0 356.0
30.0 356.0 30.0 358.0 32.0 358.0 32.0 356.0
32.0 356.0 32.0 358.0 34.0 358.0 34.0 356.0
34.0 356.0 34.0 358.0 36.0 358.0 36.0 356.0
36.0 356.0 36.0 358.0 38.0 358.0 38.0 356.0
38.0 356.0 38.0 358.0 40.0 358.0 40.0 356.0
40.0 356.0 40.0 358.0 42.0 358.0 42.0 356.0
42.0 356.0 42.0 358.0 44.0 358.0 44.0 356.0
44.0 356.0 44.0 358.0 46.0 358.0 46.0 356.0
46.0 356.0 46.0 358.0 48.0 358.0 48.0 356.0
48.0 356.0 48.0 358.0 50.0 358.0 50.0 356.0
50.0 356.0 50.0 358.0 52.0 358.0 52.0 356.0
52.0 356.0 52.0 358.0 54.0 358.0 54.0 356.0
54.0 356.0 54.0 358.0 56.0 358.0 56.0 356.0
56.0 356.0 56.0 358.0 58.0 358.0 58.0 356.0
58.0 356.0 58.0 358.0 60.0 358.0 60.0 356.0
60.0 356.0 60.0 358.0 62.0 358.0 62.0 356.0
62.0 356.0 62.0 358.0 64.0 358.0 64.0 356.0
64.0 356.0 64.0 358.0 66.0 358.0 66.0 356.0
66.0 356.0 66.0 358.0 68.0 358.0 68.0 356.0
68.0 356.0 68.0 358.0 70.0 358.0 70.0 356.0
70.0 356.0 70.0 358.0 72.0 358.0 72.0 356.0
72.0 356.0 72.0 358.0 74.0 358.0 74.0 356.0
266.0 356.0 266.0 358.0 268.0 358.0 268.0 356.0
268.0 356.0 268.0 358.0 270.0 358.0 270.0 356.0
270.0 356.0 270.0 358.0 272.0 358.0 272.0 356.0
272.0 356.0 272.0 358.0 274.0 358.0 274.0 356.0
274.0 356.0 274.0 358.0 276.0 358.0 276.0 356.0
276.0 356.0 276.0 358.0 278.0 358.0 278.0 356.0
278.0 356.0 278.0 358.0 280.0 358.0 280.0 356.0
292.0 356.0 292.0 358.0 294.0 358.0 294.0 356.0
294.0 356.0 294.0 358.0 296.0 358.0 296.0 356.0
296.0 356.0 296.0 358.0 298.0 358.0 298.0 356.0
298.0 356.0 298.0 358.0 300.0 358.0 300.0 356.0
300.0 356.0 300.0 358.0 302.0 358.0 302.0 356.0
302.0 356.0 302.0 358.0 304.0 358.0 304.0 356.0
304.0 356.0 304.0 358.0 306.0 358.0 306.0 356.0
306.0 356.0 306.0 358.0 308.0 358.0 308.0 356.0
308.0 356.0 308.0 358.0 310.0 358.0 310.0 356.0
310.0 356.0 310.0 358.0 312.0 358.0 312.0 356.0
312.0 356.0 312.0 358.0 314.0 358.0 314.0 356.0
314.0 356.0 314.0 358.0 316.0 358.0 316.0 356.0
316.0 356.0 316.0 358.0 318.0 358.0 318.0 356.0
318.0 356.0 318.0 358.0 320.0 358.0 320.0 356.0
320.0 356.0 320.0 358.0 322.0 358.0 322.0 356.0
322.0 356.0 322.0 358.0 324.0 358.0 324.0 356.0
324.0 356.0 324.0 358.0 326.0 358.0 326.0 356.0
326.0 356.0 326.0 358.0 328.0 358.0 328.0 356.0
328.0 356.0 328.0 358.0 330.0 358.0 330.0 356.0
330.0 356.0 330.0 358.0 332.0 358.0 332.0 356.0
332.0 356.0 332.0 358.0 334.0 358.0 334.0 356.0
334.0 356.0 334.0 358.0 336.0 358.0 336.0 356.0
336.0 356.0 336.0 358.0 338.0 358.0 338.0 356.0
338.0 356.0 338.0 358.0 340.0 358.0 340.0 356.0
340.0 356.0 340.0 358.0 342.0 358.0 342.0 356.0
342.0 356.0 342.0 358.0 344.0 358.0 344.0 356.0
344.0 356.0 344.0 358.0 346.0 358.0 346.0 356.0
346.0 356.0 346.0 358.0 348.0 358.0 348.0 356.0
348.0 356.0 348.0 358.0 350.0 358.0 350.0 356.0
350.0 356.0 350.0 358.0 352.0 358.0 352.0 356.0
352.0 356.0 352.0 358.0 354.0 358.0 354.0 356.0
354.0 356.0 354.0 358.0 356.0 358.0 356.0 356.0
356.0 356.0 356.0 358.0 358.0 358.0 358.0 356.0
358.0 356.0 358.0 358.0 360.0 358.0 360.0 356.0
360.0 356.0 360.0 358.0 362.0 358.0 362.0 356.0
362.0 356.0 362.0 358.0 364.0 358.0 364.0 356.0
364.0 356.0 364.0 358.0 366.0 358.0 366.0 356.0
366.0 356.0 366.0 358.0 368.0 358.0 368.0 356.0
368.0 356.0 368.0 358.0 370.0 358.0 370.0 356.0
370.0 356.0 370.0 358.0 372.0 358.0 372.0 356.0
372.0 356.0 372.0 358.0 374.0 358.0 374.0 356.0
374.0 356.0 374.0 358.0 376.0 358.0 376.0 356.0
454.0 356.0 454.0 358.0 456.0 358.0 456.0 356.0
456.0 356.0 456.0 358.0 458.0 358.0 458.0 356.0
458.0 356.0 458.0 358.0 460.0 358.0 460.0 356.0
460.0 356.0 460.0 358.0 462.0 358.0 462.0 356.0
462.0 356.0 462.0 358.0 464.0 358.0 464.0 356.0
464.0 356.0 464.0 358.0 466.0 358.0 466.0 356.0
466.0 356.0 466.0 358.0 468.0 358.0 468.0 356.0
468.0 356.0 468.0 358.0 470.0 358.0 470.0 356.0
470.0 356.0 470.0 358.0 472.0 358.0 472.0 356.0
472.0 356.0 472.0 358.0 474.0 358.0 474.0 356.0
474.0 356.0 474.0 358.0 476.0 358.0 476.0 356.0
476.0 356.0 476.0 358.0 478.0 358.0 478.0 356.0
478.0 356.0 478.0 358.0 480.0 358.0 480.0 356.0
480.0 356.0 480.0 358.0 482.0 358.0 482.0 356.0
482.0 356.0 482.0 358.0 484.0 358.0 484.0 356.0
484.0 356.0 484.0 358.0 486.0 358.0 486.0 356.0
486.0 356.0 486.0 358.0 488.0 358.0 488.0 356.0
488.0 356.0 488.0 358.0 490.0 358.0 490.0 356.0
490.0 356.0 490.0 358.0 492.0 358.0 492.0 356.0
492.0 356.0 492.0 358.0 494.0 358.0 494.0 356.0
494.0 356.0 494.0 358.0 496.0 358.0 496.0 356.0
496.0 356.0 496.0 358.0 498.0 358.0 498.0 356.0
498.0 356.0 498.0 358.0 500.0 358.0 500.0 356.0
500.0 356.0 500.0 358.0 502.0 358.0 502.0 356.0
502.0 356.0 502.0 358.0 504.0 358.0 504.0 356.0
504.0 356.0 504.0 358.0 506.0 358.0 506.0 356.0
506.0 356.0 506.0 358.0 508.0 358.0 508.0 356.0
508.0 356.0 508.0 358.0 510.0 358.0 510.0 356.0
510.0 356.0 510.0 358.0 512.0 358.0 512.0 356.0
0.0 358.0 0.0 360.0 2.0 360.0 2.0 358.0
2.0 358.0 2.0 360.0 4.0 360.0 4.0 358.0
4.0 358.0 4.0 360.0 6.0 360.0 6.0 358.0
6.0 358.0 6.0 360.0 8.0 360.0 8.0 358.0
8.0 358.0 8.0 360.0 10.0 360.0 10.0 358.0
10.0 358.0 10.0 360.0 12.0 360.0 12.0 358.0
12.0 358.0 12.0 360.0 14.0 360.0 14.0 358.0
14.0 358.0 14.0 360.0 16.0 360.0 16.0 358.0
16.0 358.0 16.0 360.0 18.0 360.0 18.0 358.0
18.0 358.0 18.0 360.0 20.0 360.0 20.0 358.0
20.0 358.0 20.0 360.0 22.0 360.0 22.0 358.0
22.0 358.0 22.0 360.0 24.0 360.0 24.0 358.0
24.0 358.0 24.0 360.0 26.0 360.0 26.0 358.0
26.0 358.0 26.0 360.0 28.0 360.0 28.0 358.0
28.0 358.0 28.0 360.0 30.0 360.0 30.0 358.0
30.0 358.0 30.0 360.0 32.0 360.0 32.0 358.0
32.0 358.0 32.0 360.0 34.0 360.0 34.0 358.0
34.0 358.0 34.0 360.0 36.0 360.0 36.0 358.0
36.0 358.0 36.0 360.0 38.0 360.0 38.0 358.0
38.0 358.0 38.0 360.0 40.0 360.0 40.0 358.0
40.0 358.0 40.0 360.0 42.0 360.0 42.0 358.0
42.0 358.0 42.0 360.0 44.0 360.0 44.0 358.0
44.0 358.0 44.0 360.0 46.0 360.0 46.0 358.0
46.0 358.0 46.0 360.0 48.0 360.0 48.0 358.0
48.0 358.0 48.0 360.0 50.0 360.0 50.0 358.0
50.0 358.0 50.0 360.0 52.0 360.0 52.0 358.0
52.0 358.0 52.0 360.0 54.0 360.0 54.0 358.0
54.0 358.0 54.0 360.0 56.0 360.0 56.0 358.0
56.0 358.0 56.0 360.0 58.0 360.0 58.0 358.0
58.0 358.0 58.0 360.0 60.0 360.0 60.0 358.0
60.0 358.0 60.0 360.0 62.0 360.0 62.0 358.0
62.0 358.0 62.0 360.0 64.0 360.0 64.0 358.0
64.0 358.0 64.0 360.0 66.0 360.0 66.0 358.0
66.0 358.0 66.0 360.0 68.0 360.0 68.0 358.0
68.0 358.0 68.0 360.0 70.0 360.0 70.0 358.0
70.0 358.0 70.0 360.0 72.0 360.0 72.0 358.0
72.0 358.0 72.0 360.0 74.0 360.0 74.0 358.0
298.0 358.0 298.0 360.0 300.0 360.0 300.0 358.0
300.0 358.0 300.0 360.0 302.0 360.0 302.0 358.0
302.0 358.0 302.0 360.0 304.0 360.0 304.0 358.0
304.0 358.0 304.0 360.0 306.0 360.0 306.0 358.0
306.0 358.0 306.0 360.0 308.0 360.0 308.0 358.0
308.0 358.0 308.0 360.0 310.0 360.0 310.0 358.0
310.0 358.0 310.0 360.0 312.0 360.0 312.0 358.0
312.0 358.0 312.0 360.0 314.0 360.0 314.0 358.0
314.0 358.0 314.0 360.0 316.0 360.0 316.0 358.0
316.0 358.0 316.0 360.0 318.0 360.0 318.0 358.0
318.0 358.0 318.0 360.0 320.0 360.0 320.0 358.0
320.0 358.0 320.0 360.0 322.0 360.0 322.0 358.0
322.0 358.0 322.0 360.0 324.0 360.0 324.0 358.0
324.0 358.0 324.0 360.0 326.0 360.0 326.0 358.0
326.0 358.0 326.0 360.0 328.0 360.0 328.0 358.0
328.0 358.0 328.0 360.0 330.0 360.0 330.0 358.0
330.0 358.0 330.0 360.0 332.0 360.0 332.0 358.0
332.0 358.0 332.0 360.0 334.0 360.0 334.0 358.0
334.0 358.0 334.0 360.0 336.0 360.0 336.0 358.0
336.0 358.0 336.0 360.0 338.0 360.0 338.0 358.0
338.0 358.0 338.0 360.0 340.0 360.0 340.0 358.0
340.0 358.0 340.0 360.0 342.0 360.0 342.0 358.0
342.0 358.0 342.0 360.0 344.0 360.0 344.0 358.0
344.0 358.0 344.0 360.0 346.0 360.0 346.0 358.0
346.0 358.0 346.0 360.0 348.0 360.0 348.0 358.0
348.0 358.0 348.0 360.0 350.0 360.0 350.0 358.0
350.0 358.0 350.0 360.0 352.0 360.0 352.0 358.0
352.0 358.0 352.0 360.0 354.0 360.0 354.0 358.0
354.0 358.0 354.0 360.0 356.0 360.0 356.0 358.0
356.0 358.0 356.0 360.0 358.0 360.0 358.0 358.0
358.0 358.0 358.0 360.0 360.0 360.0 360.0 358.0
360.0 358.0 360.0 360.0 362.0 360.0 362.0 358.0
362.0 358.0 362.0 360.0 364.0 360.0 364.0 358.0
364.0 358.0 364.0 360.0 366.0 360.0 366.0 358.0
366.0 358.0 366.0 360.0 368.0 360.0 368.0 358.0
368.0 358.0 368.0 360.0 370.0 360.0 370.0 358.0
370.0 358.0 370.0 360.0 372.0 360.0 372.0 358.0
372.0 358.0 372.0 360.0 374.0 360.0 374.0 358.0
374.0 358.0 374.0 360.0 376.0 360.0 376.0 358.0
376.0 358.0 376.0 360.0 378.0 360.0 378.0 358.0
454.0 358.0 454.0 360.0 456.0 360.0 456.0 358.0
456.0 358.0 456.0 360.0 458.0 360.0 458.0 358.0
458.0 358.0 458.0 360.0 460.0 360.0 460.0 358.0
460.0 358.0 460.0 360.0 462.0 360.0 462.0 358.0
462.0 358.0 462.0 360.0 464.0 360.0 464.0 358.0
464.0 358.0 464.0 360.0 466.0 360.0 466.0 358.0
466.0 358.0 466.0 360.0 468.0 360.0 468.0 358.0
468.0 358.0 468.0 360.0 470.0 360.0 470.0 358.0
470.0 358.0 470.0 360.0 472.0 360.0 472.0 358.0
472.0 358.0 472.0 360.0 474.0 360.0 474.0 358.0
474.0 358.0 474.0 360.0 476.0 360.0 476.0 358.0
476.0 358.0 476.0 360.0 478.0 360.0 478.0 358.0
478.0 358.0 478.0 360.0 480.0 360.0 480.0 358.0
480.0 358.0 480.0 360.0 482.0 360.0 482.0 358.0
482.0 358.0 482.0 360.0 484.0 360.0 484.0 358.0
484.0 358.0 484.0 360.0 486.0 360.0 486.0 358.0
486.0 358.0 486.0 360.0 488.0 360.0 488.0 358.0
488.0 358.0 488.0 360.0 490.0 360.0 490.0 358.0
490.0 358.0 490.0 360.0 492.0 360.0 492.0 358.0
492.0 358.0 492.0 360.0 494.0 360.0 494.0 358.0
494.0 358.0 494.0 360.0 496.0 360.0 496.0 358.0
496.0 358.0 496.0 360.0 498.0 360.0 498.0 358.0
498.0 358.0 498.0 360.0 500.0 360.0 500.0 358.0
500.0 358.0 500.0 360.0 502.0 360.0 502.0 358.0
502.0 358.0 502.0 360.0 504.0 360.0 504.0 358.0
504.0 358.0 504.0 360.0 506.0 360.0 506.0 358.0
506.0 358.0 506.0 360.0 508.0 360.0 508.0 358.0
508.0 358.0 508.0 360.0 510.0 360.0 510.0 358.0
510.0 358.0 510.0 360.0 512.0 360.0 512.0 358.0
0.0 360.0 0.0 362.0 2.0 362.0 2.0 360.0
2.0 360.0 2.0 362.0 4.0 362.0 4.0 360.0
4.0 360.0 4.0 362.0 6.0 362.0 6.0 360.0
6.0 360.0 6.0 362.0 8.0 362.0 8.0 360.0
8.0 360.0 8.0 362.0 10.0 362.0 10.0 360.0
10.0 360.0 10.0 362.0 12.0 362.0 12.0 360.0
12.0 360.0 12.0 362.0 14.0 362.0 14.0 360.0
14.0 360.0 14.0 362.0 16.0 362.0 16.0 360.0
16.0 360.0 16.0 362.0 18.0 362.0 18.0 360.0
18.0 360.0 18.0 362.0 20.0 362.0 20.0 360.0
20.0 360.0 20.0 362.0 22.0 362.0 22.0 360.0
22.0 360.0 22.0 362.0 24.0 362.0 24.0 360.0
24.0 360.0 24.0 362.0 26.0 362.0 26.0 360.0
26.0 360.0 26.0 362.0 28.0 362.0 28.0 360.0
28.0 360.0 28.0 362.0 30.0 362.0 30.0 360.0
30.0 360.0 30.0 362.0 32.0 362.0 32.0 360.0
32.0 360.0 32.0 362.0 34.0 362.0 34.0 360.0
34.0 360.0 34.0 362.0 36.0 362.0 36.0 360.0
36.0 360.0 36.0 362.0 38.0 362.0 38.0 360.0
38.0 360.0 38.0 362.0 40.0 362.0 40.0 360.0
40.0 360.0 40.0 362.0 42.0 362.0 42.0 360.0
42.0 360.0 42.0 362.0 44.0 362.0 44.0 360.0
44.0 360.0 44.0 362.0 46.0 362.0 46.0 360.0
46.0 360.0 46.0 362.0 48.0 362.0 48.0 360.0
48.0 360.0 48.0 362.0 50.0 362.0 50.0 360.0
50.0 360.0 50.0 362.0 52.0 362.0 52.0 360.0
52.0 360.0 52.0 362.0 54.0 362.0 54.0 360.0
54.0 360.0 54.0 362.0 56.0 362.0 56.0 360.0
56.0 360.0 56.0 362.0 58.0 362.0 58.0 360.0
58.0 360.0 58.0 362.0 60.0 362.0 60.0 360.0
60.0 360.0 60.0 362.0 62.0 362.0 62.0 360.0
62.0 360.0 62.0 362.0 64.0 362.0 64.0 360.0
64.0 360.0 64.0 362.0 66.0 362.0 66.0 360.0
66.0 360.0 66.0 362.0 68.0 362.0 68.0 360.0
68.0 360.0 68.0 362.0 70.0 362.0 70.0 360.0
70.0 360.0 70.0 362.0 72.0 362.0 72.0 360.0
72.0 360.0 72.0 362.0 74.0 362.0 74.0 360.0
300.0 360.0 300.0 362.0 302.0 362.0 302.0 360.0
302.0 360.0 302.0 362.0 304.0 362.0 304.0 360.0
304.0 360.0 304.0 362.0 306.0 362.0 306.0 360.0
306.0 360.0 306.0 362.0 308.0 362.0 308.0 360.0
308.0 360.0 308.0 362.0 310.0 362.0 310.0 360.0
310.0 360.0 310.0 362.0 312.0 362.0 312.0 360.0
312.0 360.0 312.0 362.0 314.0 362.0 314.0 360.0
314.0 360.0 314.0 362.0 316.0 362.0 316.0 360.0
316.0 360.0 316.0 362.0 318.0 362.0 318.0 360.0
318.0 360.0 318.0 362.0 320.0 362.0 320.0 360.0
320.0 360.0 320.0 362.0 322.0 362.0 322.0 360.0
322.0 360.0 322.0 362.0 324.0 362.0 324.0 360.0
324.0 360.0 324.0 362.0 326.0 362.0 326.0 360.0
326.0 360.0 326.0 362.0 328.0 362.0 328.0 360.0
328.0 360.0 328.0 362.0 330.0 362.0 330.0 360.0
330.0 360.0 330.0 362.0 332.0 362.0 332.0 360.0
332.0 360.0 332.0 362.0 334.0 362.0 334.0 360.0
334.0 360.0 334.0 362.0 336.0 362.0 336.0 360.0
336.0 360.0 336.0 362.0 338.0 362.0 338.0 360.0
338.0 360.0 338.0 362.0 340.0 362.0 340.0 360.0
340.0 360.0 340.0 362.0 342.0 362.0 342.0 360.0
342.0 360.0 342.0 362.0 344.0 362.0 344.0 360.0
344.0 360.0 344.0 362.0 346.0 362.0 346.0 360.0
346.0 360.0 346.0 362.0 348.0 362.0 348.0 360.0
348.0 360.0 348.0 362.0 350.0 362.0 350.0 360.0
350.0 360.0 350.0 362.0 352.0 362.0 352.0 360.0
352.0 360.0 352.0 362.0 354.0 362.0 354.0 360.0
354.0 360.0 354.0 362.0 356.0 362.0 356.0 360.0
356.0 360.0 356.0 362.0 358.0 362.0 358.0 360.0
358.0 360.0 358.0 362.0 360.0 362.0 360.0 360.0
360.0 360.0 360.0 362.0 362.0 362.0 362.0 360.0
362.0 360.0 362.0 362.0 364.0 362.0 364.0 360.0
364.0 360.0 364.0 362.0 366.0 362.0 366.0 360.0
366.0 360.0 366.0 362.0 368.0 362.0 368.0 360.0
368.0 360.0 368.0 362.0 370.0 362.0 370.0 360.0
370.0 360.0 370.0 362.0 372.0 362.0 372.0 360.0
372.0 360.0 372.0 362.0 374.0 362.0 374.0 360.0
374.0 360.0 374.0 362.0 376.0 362.0 376.0 360.0
376.0 360.0 376.0 362.0 378.0 362.0 378.0 360.0
454.0 360.0 454.0 362.0 456.0 362.0 456.0 360.0
456.0 360.0 456.0 362.0 458.0 362.0 458.0 360.0
458.0 360.0 458.0 362.0 460.0 362.0 460.0 360.0
460.0 360.0 460.0 362.0 462.0 362.0 462.0 360.0
462.0 360.0 462.0 362.0 464.0 362.0 464.0 360.0
464.0 360.0 464.0 362.0 466.0 362.0 466.0 360.0
466.0 360.0 466.0 362.0 468.0 362.0 468.0 360.0
468.0 360.0 468.0 362.0 470.0 362.0 470.0 360.0
470.0 360.0 470.0 362.0 472.0 362.0 472.0 360.0
472.0 360.0 472.0 362.0 474.0 362.0 474.0 360.0
474.0 360.0 474.0 362.0 476.0 362.0 476.0 360.0
476.0 360.0 476.0 362.0 478.0 362.0 478.0 360.0
478.0 360.0 478.0 362.0 480.0 362.0 480.0 360.0
480.0 360.0 480.0 362.0 482.0 362.0 482.0 360.0
482.0 360.0 482.0 362.0 484.0 362.0 484.0 360.0
484.0 360.0 484.0 362.0 486.0 362.0 486.0 360.0
486.0 360.0 486.0 362.0 488.0 362.0 488.0 360.0
488.0 360.0 488.0 362.0 490.0 362.0 490.0 360.0
490.0 360.0 490.0 362.0 492.0 362.0 492.0 360.0
492.0 360.0 492.0 362.0 494.0 362.0 494.0 360.0
494.0 360.0 494.0 362.0 496.0 362.0 496.0 360.0
496.0 360.0 496.0 362.0 498.0 362.0 498.0 360.0
498.0 360.0 498.0 362.0 500.0 362.0 500.0 360.0
500.0 360.0 500.0 362.0 502.0 362.0 502.0 360.0
502.0 360.0 502.0 362.0 504.0 362.0 504.0 360.0
504.0 360.0 504.0 362.0 506.0 362.0 506.0 360.0
506.0 360.0 506.0 362.0 508.0 362.0 508.0 360.0
508.0 360.0 508.0 362.0 510.0 362.0 510.0 360.0
510.0 360.0 510.0 362.0 512.0 362.0 512.0 360.0
0.0 362.0 0.0 364.0 2.0 364.0 2.0 362.0
2.0 362.0 2.0 364.0 4.0 364.0 4.0 362.0
4.0 362.0 4.0 364.0 6.0 364.0 6.0 362.0
6.0 362.0 6.0 364.0 8.0 364.0 8.0 362.0
8.0 362.0 8.0 364.0 10.0 364.0 10.0 362.0
10.0 362.0 10.0 364.0 12.0 364.0 12.0 362.0
12.0 362.0 12.0 364.0 14.0 364.0 14.0 362.0
14.0 362.0 14.0 364.0 16.0 364.0 16.0 362.0
16.0 362.0 16.0 364.0 18.0 364.0 18.0 362.0
18.0 362.0 18.0 364.0 20.0 364.0 20.0 362.0
20.0 362.0 20.0 364.0 22.0 364.0 22.0 362.0
22.0 362.0 22.0 364.0 24.0 364.0 24.0 362.0
24.0 362.0 24.0 364.0 26.0 364.0 26.0 362.0
26.0 362.0 26.0 364.0 28.0 364.0 28.0 362.0
28.0 362.0 28.0 364.0 30.0 364.0 30.0 362.0
30.0 362.0 30.0 364.0 32.0 364.0 32.0 362.0
32.0 362.0 32.0 364.0 34.0 364.0 34.0 362.0
34.0 362.0 34.0 364.0 36.0 364.0 36.0 362.0
36.0 362.0 36.0 364.0 38.0 364.0 38.0 362.0
38.0 362.0 38.0 364.0 40.0 364.0 40.0 362.0
40.0 362.0 40.0 364.0 42.0 364.0 42.0 362.0
42.0 362.0 42.0 364.0 44.0 364.0 44.0 362.0
44.0 362.0 44.0 364.0 46.0 364.0 46.0 362.0
46.0 362.0 46.0 364.0 48.0 364.0 48.0 362.0
48.0 362.0 48.0 364.0 50.0 364.0 50.0 362.0
50.0 362.0 50.0 364.0 52.0 364.0 52.0 362.0
52.0 362.0 52.0 364.0 54.0 364.0 54.0 362.0
54.0 362.0 54.0 364.0 56.0 364.0 56.0 362.0
56.0 362.0 56.0 364.0 58.0 364.0 58.0 362.0
58.0 362.0 58.0 364.0 60.0 364.0 60.0 362.0
60.0 362.0 60.0 364.0 62.0 364.0 62.0 362.0
62.0 362.0 62.0 364.0 64.0 364.0 64.0 362.0
64.0 362.0 64.0 364.0 66.0 364.0 66.0 362.0
66.0 362.0 66.0 364.0 68.0 364.0 68.0 362.0
68.0 362.0 68.0 364.0 70.0 364.0 70.0 362.0
70.0 362.0 70.0 364.0 72.0 364.0 72.0 362.0
72.0 362.0 72.0 364.0 74.0 364.0 74.0 362.0
74.0 362.0 74.0 364.0 76.0 364.0 76.0 362.0
302.0 362.0 302.0 364.0 304.0 364.0 304.0 362.0
304.0 362.0 304.0 364.0 306.0 364.0 306.0 362.0
306.0 362.0 306.0 364.0 308.0 364.0 308.0 362.0
308.0 362.0 308.0 364.0 310.0 364.0 310.0 362.0
310.0 362.0 310.0 364.0 312.0 364.0 312.0 362.0
312.0 362.0 312.0 364.0 314.0 364.0 314.0 362.0
314.0 362.0 314.0 364.0 316.0 364.0 316.0 362.0
316.0 362.0 316.0 364.0 318.0 364.0 318.0 362.0
318.0 362.0 318.0 364.0 320.0 364.0 320.0 362.0
320.0 362.0 320.0 364.0 322.0 364.0 322.0 362.0
322.0 362.0 322.0 364.0 324.0 364.0 324.0 362.0
324.0 362.0 324.0 364.0 326.0 364.0 326.0 362.0
326.0 362.0 326.0 364.0 328.0 364.0 328.0 362.0
328.0 362.0 328.0 364.0 330.0 364.0 330.0 362.0
330.0 362.0 330.0 364.0 332.0 364.0 332.0 362.0
332.0 362.0 332.0 364.0 334.0 364.0 334.0 362.0
334.0 362.0 334.0 364.0 336.0 364.0 336.0 362.0
336.0 362.0 336.0 364.0 338.0 364.0 338.0 362.0
338.0 362.0 338.0 364.0 340.0 364.0 340.0 362.0
340.0 362.0 340.0 364.0 342.0 364.0 342.0 362.0
342.0 362.0 342.0 364.0 344.0 364.0 344.0 362.0
344.0 362.0 344.0 364.0 346.0 364.0 346.0 362.0
346.0 362.0 346.0 364.0 348.0 364.0 348.0 362.0
348.0 362.0 348.0 364.0 350.0 364.0 350.0 362.0
350.0 362.0 350.0 364.0 352.0 364.0 352.0 362.0
352.0 362.0 352.0 364.0 354.0 364.0 354.0 362.0
354.0 362.0 354.0 364.0 356.0 364.0 356.0 362.0
356.0 362.0 356.0 364.0 358.0 364.0 358.0 362.0
358.0 362.0 358.0 364.0 360.0 364.0 360.0 362.0
360.0 362.0 360.0 364.0 362.0 364.0 362.0 362.0
362.0 362.0 362.0 364.0 364.0 364.0 364.0 362.0
364.0 362.0 364.0 364.0 366.0 364.0 366.0 362.0
366.0 362.0 366.0 364.0 368.0 364.0 368.0 362.0
368.0 362.0 368.0 364.0 370.0 364.0 370.0 362.0
370.0 362.0 370.0 364.0 372.0 364.0 372.0 362.0
372.0 362.0 372.0 364.0 374.0 364.0 374.0 362.0
374.0 362.0 374.0 364.0 376.0 364.0 376.0 362.0
376.0 362.0 376.0 364.0 378.0 364.0 378.0 362.0
456.0 362.0 456.0 364.0 458.0 364.0 458.0 362.0
458.0 362.0 458.0 364.0 460.0 364.0 460.0 362.0
460.0 362.0 460.0 364.0 462.0 364.0 462.0 362.0
462.0 362.0 462.0 364.0 464.0 364.0 464.0 362.0
464.0 362.0 464.0 364.0 466.0 364.0 466.0 362.0
466.0 362.0 466.0 364.0 468.0 364.0 468.0 362.0
468.0 362.0 468.0 364.0 470.0 364.0 470.0 362.0
470.0 362.0 470.0 364.0 472.0 364.0 472.0 362.0
472.0 362.0 472.0 364.0 474.0 364.0 474.0 362.0
474.0 362.0 474.0 364.0 476.0 364.0 476.0 362.0
476.0 362.0 476.0 364.0 478.0 364.0 478.0 362.0
478.0 362.0 478.0 364.0 480.0 364.0 480.0 362.0
480.0 362.0 480.0 364.0 482.0 364.0 482.0 362.0
482.0 362.0 482.0 364.0 484.0 364.0 484.0 362.0
484.0 362.0 484.0 364.0 486.0 364.0 486.0 362.0
486.0 362.0 486.0 364.0 488.0 364.0 488.0 362.0
488.0 362.0 488.0 364.0 490.0 364.0 490.0 362.0
490.0 362.0 490.0 364.0 492.0 364.0 492.0 362.0
492.0 362.0 492.0 364.0 494.0 364.0 494.0 362.0
494.0 362.0 494.0 364.0 496.0 364.0 496.0 362.0
496.0 362.0 496.0 364.0 498.0 364.0 498.0 362.0
498.0 362.0 498.0 364.0 500.0 364.0 500.0 362.0
500.0 362.0 500.0 364.0 502.0 364.0 502.0 362.0
502.0 362.0 502.0 364.0 504.0 364.0 504.0 362.0
504.0 362.0 504.0 364.0 506.0 364.0 506.0 362.0
506.0 362.0 506.0 364.0 508.0 364.0 508.0 362.0
508.0 362.0 508.0 364.0 510.0 364.0 510.0 362.0
510.0 362.0 510.0 364.0 512.0 364.0 512.0 362.0
0.0 364.0 0.0 366.0 2.0 366.0 2.0 364.0
2.0 364.0 2.0 366.0 4.0 366.0 4.0 364.0
4.0 364.0 4.0 366.0 6.0 366.0 6.0 364.0
6.0 364.0 6.0 366.0 8.0 366.0 8.0 364.0
8.0 364.0 8.0 366.0 10.0 366.0 10.0 364.0
10.0 364.0 10.0 366.0 12.0 366.0 12.0 364.0
12.0 364.0 12.0 366.0 14.0 366.0 14.0 364.0
14.0 364.0 14.0 366.0 16.0 366.0 16.0 364.0
16.0 364.0 16.0 366.0 18.0 366.0 18.0 364.0
18.0 364.0 18.0 366.0 20.0 366.0 20.0 364.0
20.0 364.0 20.0 366.0 22.0 366.0 22.0 364.0
22.0 364.0 22.0 366.0 24.0 366.0 24.0 364.0
24.0 364.0 24.0 366.0 26.0 366.0 26.0 364.0
26.0 364.0 26.0 366.0 28.0 366.0 28.0 364.0
28.0 364.0 28.0 366.0 30.0 366.0 30.0 364.0
30.0 364.0 30.0 366.0 32.0 366.0 32.0 364.0
32.0 364.0 32.0 366.0 34.0 366.0 34.0 364.0
34.0 364.0 34.0 366.0 36.0 366.0 36.0 364.0
36.0 364.0 36.0 366.0 38.0 366.0 38.0 364.0
38.0 364.0 38.0 366.0 40.0 366.0 40.0 364.0
40.0 364.0 40.0 366.0 42.0 366.0 42.0 364.0
42.0 364.0 42.0 366.0 44.0 366.0 44.0 364.0
44.0 364.0 44.0 366.0 46.0 366.0 46.0 364.0
46.0 364.0 46.0 366.0 48.0 366.0 48.0 364.0
48.0 364.0 48.0 366.0 50.0 366.0 50.0 364.0
50.0 364.0 50.0 366.0 52.0 366.0 52.0 364.0
52.0 364.0 52.0 366.0 54.0 366.0 54.0 364.0
54.0 364.0 54.0 366.0 56.0 366.0 56.0 364.0
56.0 364.0 56.0 366.0 58.0 366.0 58.0 364.0
58.0 364.0 58.0 366.0 60.0 366.0 60.0 364.0
60.0 364.0 60.0 366.0 62.0 366.0 62.0 364.0
62.0 364.0 62.0 366.0 64.0 366.0 64.0 364.0
64.0 364.0 64.0 366.0 66.0 366.0 66.0 364.0
66.0 364.0 66.0 366.0 68.0 366.0 68.0 364.0
68.0 364.0 68.0 366.0 70.0 366.0 70.0 364.0
70.0 364.0 70.0 366.0 72.0 366.0 72.0 364.0
72.0 364.0 72.0 366.0 74.0 366.0 74.0 364.0
74.0 364.0 74.0 366.0 76.0 366.0 76.0 364.0
304.0 364.0 304.0 366.0 306.0 366.0 306.0 364.0
306.0 364.0 306.0 366.0 308.0 366.0 308.0 364.0
308.0 364.0 308.0 366.0 310.0 366.0 310.0 364.0
310.0 364.0 310.0 366.0 312.0 366.0 312.0 364.0
312.0 364.0 312.0 366.0 314.0 366.0 314.0 364.0
314.0 364.0 314.0 366.0 316.0 366.0 316.0 364.0
316.0 364.0 316.0 366.0 318.0 366.0 318.0 364.0
318.0 364.0 318.0 366.0 320.0 366.0 320.0 364.0
320.0 364.0 320.0 366.0 322.0 366.0 322.0 364.0
322.0 364.0 322.0 366.0 324.0 366.0 324.0 364.0
324.0 364.0 324.0 366.0 326.0 366.0 326.0 364.0
326.0 364.0 326.0 366.0 328.0 366.0 328.0 364.0
328.0 364.0 328.0 366.0 330.0 366.0 330.0 364.0
330.0 364.0 330.0 366.0 332.0 366.0 332.0 364.0
332.0 364.0 332.0 366.0 334.0 366.0 334.0 364.0
334.0 364.0 334.0 366.0 336.0 366.0 336.0 364.0
336.0 364.0 336.0 366.0 338.0 366.0 338.0 364.0
338.0 364.0 338.0 366.0 340.0 366.0 340.0 364.0
340.0 364.0 340.0 366.0 342.0 366.0 342.0 364.0
342.0 364.0 342.0 366.0 344.0 366.0 344.0 364.0
344.0 364.0 344.0 366.0 346.0 366.0 346.0 364.0
346.0 364.0 346.0 366.0 348.0 366.0 348.0 364.0
348.0 364.0 348.0 366.0 350.0 366.0 350.0 364.0
350.0 364.0 350.0 366.0 352.0 366.0 352.0 364.0
352.0 364.0 352.0 366.0 354.0 366.0 354.0 364.0
354.0 364.0 354.0 366.0 356.0 366.0 356.0 364.0
356.0 364.0 356.0 366.0 358.0 366.0 358.0 364.0
358.0 364.0 358.0 366.0 360.0 366.0 360.0 364.0
360.0 364.0 360.0 366.0 362.0 366.0 362.0 364.0
362.0 364.0 362.0 366.0 364.0 366.0 364.0 364.0
364.0 364.0 364.0 366.0 366.0 366.0 366.0 364.0
366.0 364.0 366.0 366.0 368.0 366.0 368.0 364.0
368.0 364.0 368.0 366.0 370.0 366.0 370.0 364.0
370.0 364.0 370.0 366.0 372.0 366.0 372.0 364.0
372.0 364.0 372.0 366.0 374.0 366.0 374.0 364.0
374.0 364.0 374.0 366.0 376.0 366.0 376.0 364.0
376.0 364.0 376.0 366.0 378.0 366.0 378.0 364.0
456.0 364.0 456.0 366.0 458.0 366.0 458.0 364.0
458.0 364.0 458.0 366.0 460.0 366.0 460.0 364.0
460.0 364.0 460.0 366.0 462.0 366.0 462.0 364.0
462.0 364.0 462.0 366.0 464.0 366.0 464.0 364.0
464.0 364.0 464.0 366.0 466.0 366.0 466.0 364.0
466.0 364.0 466.0 366.0 468.0 366.0 468.0 364.0
468.0 364.0 468.0 366.0 470.0 366.0 470.0 364.0
470.0 364.0 470.0 366.0 472.0 366.0 472.0 364.0
472.0 364.0 472.0 366.0 474.0 366.0 474.0 364.0
474.0 364.0 474.0 366.0 476.0 366.0 476.0 364.0
476.0 364.0 476.0 366.0 478.0 366.0 478.0 364.0
478.0 364.0 478.0 366.0 480.0 366.0 480.0 364.0
480.0 364.0 480.0 366.0 482.0 366.0 482.0 364.0
482.0 364.0 482.0 366.0 484.0 366.0 484.0 364.0
484.0 364.0 484.0 366.0 486.0 366.0 486.0 364.0
486.0 364.0 486.0 366.0 488.0 366.0 488.0 364.0
488.0 364.0 488.0 366.0 490.0 366.0 490.0 364.0
490.0 364.0 490.0 366.0 492.0 366.0 492.0 364.0
492.0 364.0 492.0 366.0 494.0 366.0 494.0 364.0
494.0 364.0 494.0 366.0 496.0 366.0 496.0 364.0
496.0 364.0 496.0 366.0 498.0 366.0 498.0 364.0
498.0 364.0 498.0 366.0 500.0 366.0 500.0 364.0
500.0 364.0 500.0 366.0 502.0 366.0 502.0 364.0
502.0 364.0 502.0 366.0 504.0 366.0 504.0 364.0
504.0 364.0 504.0 366.0 506.0 366.0 506.0 364.0
506.0 364.0 506.0 366.0 508.0 366.0 508.0 364.0
508.0 364.0 508.0 366.0 510.0 366.0 510.0 364.0
510.0 364.0 510.0 366.0 512.0 366.0 512.0 364.0
0.0 366.0 0.0 368.0 2.0 368.0 2.0 366.0
2.0 366.0 2.0 368.0 4.0 368.0 4.0 366.0
4.0 366.0 4.0 368.0 6.0 368.0 6.0 366.0
6.0 366.0 6.0 368.0 8.0 368.0 8.0 366.0
8.0 366.0 8.0 368.0 10.0 368.0 10.0 366.0
10.0 366.0 10.0 368.0 12.0 368.0 12.0 366.0
12.0 366.0 12.0 368.0 14.0 368.0 14.0 366.0
14.0 366.0 14.0 368.0 16.0 368.0 16.0 366.0
16.0 366.0 16.0 368.0 18.0 368.0 18.0 366.0
18.0 366.0 18.0 368.0 20.0 368.0 20.0 366.0
20.0 366.0 20.0 368.0 22.0 368.0 22.0 366.0
22.0 366.0 22.0 368.0 24.0 368.0 24.0 366.0
24.0 366.0 24.0 368.0 26.0 368.0 26.0 366.0
26.0 366.0 26.0 368.0 28.0 368.0 28.0 366.0
28.0 366.0 28.0 368.0 30.0 368.0 30.0 366.0
30.0 366.0 30.0 368.0 32.0 368.0 32.0 366.0
32.0 366.0 32.0 368.0 34.0 368.0 34.0 366.0
34.0 366.0 34.0 368.0 36.0 368.0 36.0 366.0
36.0 366.0 36.0 368.0 38.0 368.0 38.0 366.0
38.0 366.0 38.0 368.0 40.0 368.0 40.0 366.0
40.0 366.0 40.0 368.0 42.0 368.0 42.0 366.0
42.0 366.0 42.0 368.0 44.0 368.0 44.0 366.0
44.0 366.0 44.0 368.0 46.0 368.0 46.0 366.0
46.0 366.0 46.0 368.0 48.0 368.0 48.0 366.0
48.0 366.0 48.0 368.0 50.0 368.0 50.0 366.0
50.0 366.0 50.0 368.0 52.0 368.0 52.0 366.0
52.0 366.0 52.0 368.0 54.0 368.0 54.0 366.0
54.0 366.0 54.0 368.0 56.0 368.0 56.0 366.0
56.0 366.0 56.0 368.0 58.0 368.0 58.0 366.0
58.0 366.0 58.0 368.0 60.0 368.0 60.0 366.0
60.0 366.0 60.0 368.0 62.0 368.0 62.0 366.0
62.0 366.0 62.0 368.0 64.0 368.0 64.0 366.0
64.0 366.0 64.0 368.0 66.0 368.0 66.0 366.0
66.0 366.0 66.0 368.0 68.0 368.0 68.0 366.0
68.0 366.0 68.0 368.0 70.0 368.0 70.0 366.0
70.0 366.0 70.0 368.0 72.0 368.0 72.0 366.0
72.0 366.0 72.0 368.0 74.0 368.0 74.0 366.0
74.0 366.0 74.0 368.0 76.0 368.0 76.0 366.0
308.0 366.0 308.0 368.0 310.0 368.0 310.0 366.0
310.0 366.0 310.0 368.0 312.0 368.0 312.0 366.0
312.0 366.0 312.0 368.0 314.0 368.0 314.0 366.0
314.0 366.0 314.0 368.0 316.0 368.0 316.0 366.0
316.0 366.0 316.0 368.0 318.0 368.0 318.0 366.0
318.0 366.0 318.0 368.0 320.0 368.0 320.0 366.0
320.0 366.0 320.0 368.0 322.0 368.0 322.0 366.0
322.0 366.0 322.0 368.0 324.0 368.0 324.0 366.0
324.0 366.0 324.0 368.0 326.0 368.0 326.0 366.0
326.0 366.0 326.0 368.0 328.0 368.0 328.0 366.0
328.0 366.0 328.0 368.0 330.0 368.0 330.0 366.0
330.0 366.0 330.0 368.0 332.0 368.0 332.0 366.0
332.0 366.0 332.0 368.0 334.0 368.0 334.0 366.0
334.0 366.0 334.0 368.0 336.0 368.0 336.0 366.0
336.0 366.0 336.0 368.0 338.0 368.0 338.0 366.0
338.0 366.0 338.0 368.0 340.0 368.0 340.0 366.0
340.0 366.0 340.0 368.0 342.0 368.0 342.0 366.0
342.0 366.0 342.0 368.0 344.0 368.0 344.0 366.0
344.0 366.0 344.0 368.0 346.0 368.0 346.0 366.0
346.0 366.0 346.0 368.0 348.0 368.0 348.0 366.0
348.0 366.0 348.0 368.0 350.0 368.0 350.0 366.0
350.0 366.0 350.0 368.0 352.0 368.0 352.0 366.0
352.0 366.0 352.0 368.0 354.0 368.0 354.0 366.0
354.0 366.0 354.0 368.0 356.0 368.0 356.0 366.0
356.0 366.0 356.0 368.0 358.0 368.0 358.0 366.0
358.0 366.0 358.0 368.0 360.0 368.0 360.0 366.0
360.0 366.0 360.0 368.0 362.0 368.0 362.0 366.0
362.0 366.0 362.0 368.0 364.0 368.0 364.0 366.0
364.0 366.0 364.0 368.0 366.0 368.0 366.0 366.0
366.0 366.0 366.0 368.0 368.0 368.0 368.0 366.0
368.0 366.0 368.0 368.0 370.0 368.0 370.0 366.0
370.0 366.0 370.0 368.0 372.0 368.0 372.0 366.0
372.0 366.0 372.0 368.0 374.0 368.0 374.0 366.0
374.0 366.0 374.0 368.0 376.0 368.0 376.0 366.0
376.0 366.0 376.0 368.0 378.0 368.0 378.0 366.0
456.0 366.0 456.0 368.0 458.0 368.0 458.0 366.0
458.0 366.0 458.0 368.0 460.0 368.0 460.0 366.0
460.0 366.0 460.0 368.0 462.0 368.0 462.0 366.0
462.0 366.0 462.0 368.0 464.0 368.0 464.0 366.0
464.0 366.0 464.0 368.0 466.0 368.0 466.0 366.0
466.0 366.0 466.0 368.0 468.0 368.0 468.0 366.0
468.0 366.0 468.0 368.0 470.0 368.0 470.0 366.0
470.0 366.0 470.0 368.0 472.0 368.0 472.0 366.0
472.0 366.0 472.0 368.0 474.0 368.0 474.0 366.0
474.0 366.0 474.0 368.0 476.0 368.0 476.0 366.0
476.0 366.0 476.0 368.0 478.0 368.0 478.0 366.0
478.0 366.0 478.0 368.0 480.0 368.0 480.0 366.0
480.0 366.0 480.0 368.0 482.0 368.0 482.0 366.0
482.0 366.0 482.0 368.0 484.0 368.0 484.0 366.0
484.0 366.0 484.0 368.0 486.0 368.0 486.0 366.0
486.0 366.0 486.0 368.0 488.0 368.0 488.0 366.0
488.0 366.0 488.0 368.0 490.0 368.0 490.0 366.0
490.0 366.0 490.0 368.0 492.0 368.0 492.0 366.0
492.0 366.0 492.0 368.0 494.0 368.0 494.0 366.0
494.0 366.0 494.0 368.0 496.0 368.0 496.0 366.0
496.0 366.0 496.0 368.0 498.0 368.0 498.0 366.0
498.0 366.0 498.0 368.0 500.0 368.0 500.0 366.0
500.0 366.0 500.0 368.0 502.0 368.0 502.0 366.0
502.0 366.0 502.0 368.0 504.0 368.0 504.0 366.0
504.0 366.0 504.0 368.0 506.0 368.0 506.0 366.0
506.0 366.0 506.0 368.0 508.0 368.0 508.0 366.0
508.0 366.0 508.0 368.0 510.0 368.0 510.0 366.0
510.0 366.0 510.0 368.0 512.0 368.0 512.0 366.0
0.0 368.0 0.0 370.0 2.0 370.0 2.0 368.0
2.0 368.0 2.0 370.0 4.0 370.0 4.0 368.0
4.0 368.0 4.0 370.0 6.0 370.0 6.0 368.0
6.0 368.0 6.0 370.0 8.0 370.0 8.0 368.0
8.0 368.0 8.0 370.0 10.0 370.0 10.0 368.0
10.0 368.0 10.0 370.0 12.0 370.0 12.0 368.0
12.0 368.0 12.0 370.0 14.0 370.0 14.0 368.0
14.0 368.0 14.0 370.0 16.0 370.0 16.0 368.0
16.0 368.0 16.0 370.0 18.0 370.0 18.0 368.0
18.0 368.0 18.0 370.0 20.0 370.0 20.0 368.0
20.0 368.0 20.0 370.0 22.0 370.0 22.0 368.0
22.0 368.0 22.0 370.0 24.0 370.0 24.0 368.0
24.0 368.0 24.0 370.0 26.0 370.0 26.0 368.0
26.0 368.0 26.0 370.0 28.0 370.0 28.0 368.0
28.0 368.0 28.0 370.0 30.0 370.0 30.0 368.0
30.0 368.0 30.0 370.0 32.0 370.0 32.0 368.0
32.0 368.0 32.0 370.0 34.0 370.0 34.0 368.0
34.0 368.0 34.0 370.0 36.0 370.0 36.0 368.0
36.0 368.0 36.0 370.0 38.0 370.0 38.0 368.0
38.0 368.0 38.0 370.0 40.0 370.0 40.0 368.0
40.0 368.0 40.0 370.0 42.0 370.0 42.0 368.0
42.0 368.0 42.0 370.0 44.0 370.0 44.0 368.0
44.0 368.0 44.0 370.0 46.0 370.0 46.0 368.0
46.0 368.0 46.0 370.0 48.0 370.0 48.0 368.0
48.0 368.0 48.0 370.0 50.0 370.0 50.0 368.0
50.0 368.0 50.0 370.0 52.0 370.0 52.0 368.0
52.0 368.0 52.0 370.0 54.0 370.0 54.0 368.0
54.0 368.0 54.0 370.0 56.0 370.0 56.0 368.0
56.0 368.0 56.0 370.0 58.0 370.0 58.0 368.0
58.0 368.0 58.0 370.0 60.0 370.0 60.0 368.0
60.0 368.0 60.0 370.0 62.0 370.0 62.0 368.0
62.0 368.0 62.0 370.0 64.0 370.0 64.0 368.0
64.0 368.0 64.0 370.0 66.0 370.0 66.0 368.0
66.0 368.0 66.0 370.0 68.0 370.0 68.0 368.0
68.0 368.0 68.0 370.0 70.0 370.0 70.0 368.0
70.0 368.0 70.0 370.0 72.0 370.0 72.0 368.0
72.0 368.0 72.0 370.0 74.0 370.0 74.0 368.0
74.0 368.0 74.0 370.0 76.0 370.0 76.0 368.0
310.0 368.0 310.0 370.0 312.0 370.0 312.0 368.0
312.0 368.0 312.0 370.0 314.0 370.0 314.0 368.0
314.0 368.0 314.0 370.0 316.0 370.0 316.0 368.0
316.0 368.0 316.0 370.0 318.0 370.0 318.0 368.0
318.0 368.0 318.0 370.0 320.0 370.0 320.0 368.0
320.0 368.0 320.0 370.0 322.0 370.0 322.0 368.0
322.0 368.0 322.0 370.0 324.0 370.0 324.0 368.0
324.0 368.0 324.0 370.0 326.0 370.0 326.0 368.0
326.0 368.0 326.0 370.0 328.0 370.0 328.0 368.0
328.0 368.0 328.0 370.0 330.0 370.0 330.0 368.0
330.0 368.0 330.0 370.0 332.0 370.0 332.0 368.0
332.0 368.0 332.0 370.0 334.0 370.0 334.0 368.0
334.0 368.0 334.0 370.0 336.0 370.0 336.0 368.0
336.0 368.0 336.0 370.0 338.0 370.0 338.0 368.0
338.0 368.0 338.0 370.0 340.0 370.0 340.0 368.0
340.0 368.0 340.0 370.0 342.0 370.0 342.0 368.0
342.0 368.0 342.0 370.0 344.0 370.0 344.0 368.0
344.0 368.0 344.0 370.0 346.0 370.0 346.0 368.0
346.0 368.0 346.0 370.0 348.0 370.0 348.0 368.0
348.0 368.0 348.0 370.0 350.0 370.0 350.0 368.0
350.0 368.0 350.0 370.0 352.0 370.0 352.0 368.0
352.0 368.0 352.0 370.0 354.0 370.0 354.0 368.0
354.0 368.0 354.0 370.0 356.0 370.0 356.0 368.0
356.0 368.0 356.0 370.0 358.0 370.0 358.0 368.0
358.0 368.0 358.0 370.0 360.0 370.0 360.0 368.0
360.0 368.0 360.0 370.0 362.0 370.0 362.0 368.0
362.0 368.0 362.0 370.0 364.0 370.0 364.0 368.0
364.0 368.0 364.0 370.0 366.0 370.0 366.0 368.0
366.0 368.0 366.0 370.0 368.0 370.0 368.0 368.0
368.0 368.0 368.0 370.0 370.0 370.0 370.0 368.0
370.0 368.0 370.0 370.0 372.0 370.0 372.0 368.0
372.0 368.0 372.0 370.0 374.0 370.0 374.0 368.0
374.0 368.0 374.0 370.0 376.0 370.0 376.0 368.0
376.0 368.0 376.0 370.0 378.0 370.0 378.0 368.0
456.0 368.0 456.0 370.0 458.0 370.0 458.0 368.0
458.0 368.0 458.0 370.0 460.0 370.0 460.0 368.0
460.0 368.0 460.0 370.0 462.0 370.0 462.0 368.0
462.0 368.0 462.0 370.0 464.0 370.0 464.0 368.0
464.0 368.0 464.0 370.0 466.0 370.0 466.0 368.0
466.0 368.0 466.0 370.0 468.0 370.0 468.0 368.0
468.0 368.0 468.0 370.0 470.0 370.0 470.0 368.0
470.0 368.0 470.0 370.0 472.0 370.0 472.0 368.0
472.0 368.0 472.0 370.0 474.0 370.0 474.0 368.0
474.0 368.0 474.0 370.0 476.0 370.0 476.0 368.0
476.0 368.0 476.0 370.0 478.0 370.0 478.0 368.0
478.0 368.0 478.0 370.0 480.0 370.0 480.0 368.0
480.0 368.0 480.0 370.0 482.0 370.0 482.0 368.0
482.0 368.0 482.0 370.0 484.0 370.0 484.0 368.0
484.0 368.0 484.0 370.0 486.0 370.0 486.0 368.0
486.0 368.0 486.0 370.0 488.0 370.0 488.0 368.0
488.0 368.0 488.0 370.0 490.0 370.0 490.0 368.0
490.0 368.0 490.0 370.0 492.0 370.0 492.0 368.0
492.0 368.0 492.0 370.0 494.0 370.0 494.0 368.0
494.0 368.0 494.0 370.0 496.0 370.0 496.0 368.0
496.0 368.0 496.0 370.0 498.0 370.0 498.0 368.0
498.0 368.0 498.0 370.0 500.0 370.0 500.0 368.0
500.0 368.0 500.0 370.0 502.0 370.0 502.0 368.0
502.0 368.0 502.0 370.0 504.0 370.0 504.0 368.0
504.0 368.0 504.0 370.0 506.0 370.0 506.0 368.0
506.0 368.0 506.0 370.0 508.0 370.0 508.0 368.0
508.0 368.0 508.0 370.0 510.0 370.0 510.0 368.0
510.0 368.0 510.0 370.0 512.0 370.0 512.0 368.0
0.0 370.0 0.0 372.0 2.0 372.0 2.0 370.0
2.0 370.0 2.0 372.0 4.0 372.0 4.0 370.0
4.0 370.0 4.0 372.0 6.0 372.0 6.0 370.0
6.0 370.0 6.0 372.0 8.0 372.0 8.0 370.0
8.0 370.0 8.0 372.0 10.0 372.0 10.0 370.0
10.0 370.0 10.0 372.0 12.0 372.0 12.0 370.0
12.0 370.0 12.0 372.0 14.0 372.0 14.0 370.0
14.0 370.0 14.0 372.0 16.0 372.0 16.0 370.0
16.0 370.0 16.0 372.0 18.0 372.0 18.0 370.0
18.0 370.0 18.0 372.0 20.0 372.0 20.0 370.0
20.0 370.0 20.0 372.0 22.0 372.0 22.0 370.0
22.0 370.0 22.0 372.0 24.0 372.0 24.0 370.0
24.0 370.0 24.0 372.0 26.0 372.0 26.0 370.0
26.0 370.0 26.0 372.0 28.0 372.0 28.0 370.0
28.0 370.0 28.0 372.0 30.0 372.0 30.0 370.0
30.0 370.0 30.0 372.0 32.0 372.0 32.0 370.0
32.0 370.0 32.0 372.0 34.0 372.0 34.0 370.0
34.0 370.0 34.0 372.0 36.0 372.0 36.0 370.0
36.0 370.0 36.0 372.0 38.0 372.0 38.0 370.0
38.0 370.0 38.0 372.0 40.0 372.0 40.0 370.0
40.0 370.0 40.0 372.0 42.0 372.0 42.0 370.0
42.0 370.0 42.0 372.0 44.0 372.0 44.0 370.0
44.0 370.0 44.0 372.0 46.0 372.0 46.0 370.0
46.0 370.0 46.0 372.0 48.0 372.0 48.0 370.0
48.0 370.0 48.0 372.0 50.0 372.0 50.0 370.0
50.0 370.0 50.0 372.0 52.0 372.0 52.0 370.0
52.0 370.0 52.0 372.0 54.0 372.0 54.0 370.0
54.0 370.0 54.0 372.0 56.0 372.0 56.0 370.0
56.0 370.0 56.0 372.0 58.0 372.0 58.0 370.0
58.0 370.0 58.0 372.0 60.0 372.0 60.0 370.0
60.0 370.0 60.0 372.0 62.0 372.0 62.0 370.0
62.0 370.0 62.0 372.0 64.0 372.0 64.0 370.0
64.0 370.0 64.0 372.0 66.0 372.0 66.0 370.0
66.0 370.0 66.0 372.0 68.0 372.0 68.0 370.0
68.0 370.0 68.0 372.0 70.0 372.0 70.0 370.0
70.0 370.0 70.0 372.0 72.0 372.0 72.0 370.0
72.0 370.0 72.0 372.0 74.0 372.0 74.0 370.0
74.0 370.0 74.0 372.0 76.0 372.0 76.0 370.0
312.0 370.0 312.0 372.0 314.0 372.0 314.0 370.0
314.0 370.0 314.0 372.0 316.0 372.0 316.0 370.0
316.0 370.0 316.0 372.0 318.0 372.0 318.0 370.0
318.0 370.0 318.0 372.0 320.0 372.0 320.0 370.0
320.0 370.0 320.0 372.0 322.0 372.0 322.0 370.0
322.0 370.0 322.0 372.0 324.0 372.0 324.0 370.0
324.0 370.0 324.0 372.0 326.0 372.0 326.0 370.0
326.0 370.0 326.0 372.0 328.0 372.0 328.0 370.0
328.0 370.0 328.0 372.0 330.0 372.0 330.0 370.0
330.0 370.0 330.0 372.0 332.0 372.0 332.0 370.0
332.0 370.0 332.0 372.0 334.0 372.0 334.0 370.0
334.0 370.0 334.0 372.0 336.0 372.0 336.0 370.0
336.0 370.0 336.0 372.0 338.0 372.0 338.0 370.0
338.0 370.0 338.0 372.0 340.0 372.0 340.0 370.0
340.0 370.0 340.0 372.0 342.0 372.0 342.0 370.0
342.0 370.0 342.0 372.0 344.0 372.0 344.0 370.0
344.0 370.0 344.0 372.0 346.0 372.0 346.0 370.0
346.0 370.0 346.0 372.0 348.0 372.0 348.0 370.0
348.0 370.0 348.0 372.0 350.0 372.0 350.0 370.0
350.0 370.0 350.0 372.0 352.0 372.0 352.0 370.0
352.0 370.0 352.0 372.0 354.0 372.0 354.0 370.0
354.0 370.0 354.0 372.0 356.0 372.0 356.0 370.0
356.0 370.0 356.0 372.0 358.0 372.0 358.0 370.0
358.0 370.0 358.0 372.0 360.0 372.0 360.0 370.0
360.0 370.0 360.0 372.0 362.0 372.0 362.0 370.0
362.0 370.0 362.0 372.0 364.0 372.0 364.0 370.0
364.0 370.0 364.0 372.0 366.0 372.0 366.0 370.0
366.0 370.0 366.0 372.0 368.0 372.0 368.0 370.0
368.0 370.0 368.0 372.0 370.0 372.0 370.0 370.0
370.0 370.0 370.0 372.0 372.0 372.0 372.0 370.0
372.0 370.0 372.0 372.0 374.0 372.0 374.0 370.0
374.0 370.0 374.0 372.0 376.0 372.0 376.0 370.0
376.0 370.0 376.0 372.0 378.0 372.0 378.0 370.0
456.0 370.0 456.0 372.0 458.0 372.0 458.0 370.0
458.0 370.0 458.0 372.0 460.0 372.0 460.0 370.0
460.0 370.0 460.0 372.0 462.0 372.0 462.0 370.0
462.0 370.0 462.0 372.0 464.0 372.0 464.0 370.0
464.0 370.0 464.0 372.0 466.0 372.0 466.0 370.0
466.0 370.0 466.0 372.0 468.0 372.0 468.0 370.0
468.0 370.0 468.0 372.0 470.0 372.0 470.0 370.0
470.0 370.0 470.0 372.0 472.0 372.0 472.0 370.0
472.0 370.0 472.0 372.0 474.0 372.0 474.0 370.0
474.0 370.0 474.0 372.0 476.0 372.0 476.0 370.0
476.0 370.0 476.0 372.0 478.0 372.0 478.0 370.0
478.0 370.0 478.0 372.0 480.0 372.0 480.0 370.0
480.0 370.0 480.0 372.0 482.0 372.0 482.0 370.0
482.0 370.0 482.0 372.0 484.0 372.0 484.0 370.0
484.0 370.0 484.0 372.0 486.0 372.0 486.0 370.0
486.0 370.0 486.0 372.0 488.0 372.0 488.0 370.0
488.0 370.0 488.0 372.0 490.0 372.0 490.0 370.0
490.0 370.0 490.0 372.0 492.0 372.0 492.0 370.0
492.0 370.0 492.0 372.0 494.0 372.0 494.0 370.0
494.0 370.0 494.0 372.0 496.0 372.0 496.0 370.0
496.0 370.0 496.0 372.0 498.0 372.0 498.0 370.0
498.0 370.0 498.0 372.0 500.0 372.0 500.0 370.0
500.0 370.0 500.0 372.0 502.0 372.0 502.0 370.0
502.0 370.0 502.0 372.0 504.0 372.0 504.0 370.0
504.0 370.0 504.0 372.0 506.0 372.0 506.0 370.0
506.0 370.0 506.0 372.0 508.0 372.0 508.0 370.0
508.0 370.0 508.0 372.0 510.0 372.0 510.0 370.0
510.0 370.0 510.0 372.0 512.0 372.0 512.0 370.0
0.0 372.0 0.0 374.0 2.0 374.0 2.0 372.0
2.0 372.0 2.0 374.0 4.0 374.0 4.0 372.0
4.0 372.0 4.0 374.0 6.0 374.0 6.0 372.0
6.0 372.0 6.0 374.0 8.0 374.0 8.0 372.0
8.0 372.0 8.0 374.0 10.0 374.0 10.0 372.0
10.0 372.0 10.0 374.0 12.0 374.0 12.0 372.0
12.0 372.0 12.0 374.0 14.0 374.0 14.0 372.0
14.0 372.0 14.0 374.0 16.0 374.0 16.0 372.0
16.0 372.0 16.0 374.0 18.0 374.0 18.0 372.0
18.0 372.0 18.0 374.0 20.0 374.0 20.0 372.0
20.0 372.0 20.0 374.0 22.0 374.0 22.0 372.0
22.0 372.0 22.0 374.0 24.0 374.0 24.0 372.0
24.0 372.0 24.0 374.0 26.0 374.0 26.0 372.0
26.0 372.0 26.0 374.0 28.0 374.0 28.0 372.0
28.0 372.0 28.0 374.0 30.0 374.0 30.0 372.0
30.0 372.0 30.0 374.0 32.0 374.0 32.0 372.0
32.0 372.0 32.0 374.0 34.0 374.0 34.0 372.0
34.0 372.0 34.0 374.0 36.0 374.0 36.0 372.0
36.0 372.0 36.0 374.0 38.0 374.0 38.0 372.0
38.0 372.0 38.0 374.0 40.0 374.0 40.0 372.0
40.0 372.0 40.0 374.0 42.0 374.0 42.0 372.0
42.0 372.0 42.0 374.0 44.0 374.0 44.0 372.0
44.0 372.0 44.0 374.0 46.0 374.0 46.0 372.0
46.0 372.0 46.0 374.0 48.0 374.0 48.0 372.0
48.0 372.0 48.0 374.0 50.0 374.0 50.0 372.0
50.0 372.0 50.0 374.0 52.0 374.0 52.0 372.0
52.0 372.0 52.0 374.0 54.0 374.0 54.0 372.0
54.0 372.0 54.0 374.0 56.0 374.0 56.0 372.0
56.0 372.0 56.0 374.0 58.0 374.0 58.0 372.0
58.0 372.0 58.0 374.0 60.0 374.0 60.0 372.0
60.0 372.0 60.0 374.0 62.0 374.0 62.0 372.0
62.0 372.0 62.0 374.0 64.0 374.0 64.0 372.0
64.0 372.0 64.0 374.0 66.0 374.0 66.0 372.0
66.0 372.0 66.0 374.0 68.0 374.0 68.0 372.0
68.0 372.0 68.0 374.0 70.0 374.0 70.0 372.0
70.0 372.0 70.0 374.0 72.0 374.0 72.0 372.0
72.0 372.0 72.0 374.0 74.0 374.0 74.0 372.0
74.0 372.0 74.0 374.0 76.0 374.0 76.0 372.0
314.0 372.0 314.0 374.0 316.0 374.0 316.0 372.0
316.0 372.0 316.0 374.0 318.0 374.0 318.0 372.0
318.0 372.0 318.0 374.0 320.0 374.0 320.0 372.0
320.0 372.0 320.0 374.0 322.0 374.0 322.0 372.0
322.0 372.0 322.0 374.0 324.0 374.0 324.0 372.0
324.0 372.0 324.0 374.0 326.0 374.0 326.0 372.0
326.0 372.0 326.0 374.0 328.0 374.0 328.0 372.0
328.0 372.0 328.0 374.0 330.0 374.0 330.0 372.0
330.0 372.0 330.0 374.0 332.0 374.0 332.0 372.0
332.0 372.0 332.0 374.0 334.0 374.0 334.0 372.0
334.0 372.0 334.0 374.0 336.0 374.0 336.0 372.0
336.0 372.0 336.0 374.0 338.0 374.0 338.0 372.0
338.0 372.0 338.0 374.0 340.0 374.0 340.0 372.0
340.0 372.0 340.0 374.0 342.0 374.0 342.0 372.0
342.0 372.0 342.0 374.0 344.0 374.0 344.0 372.0
344.0 372.0 344.0 374.0 346.0 374.0 346.0 372.0
346.0 372.0 346.0 374.0 348.0 374.0 348.0 372.0
348.0 372.0 348.0 374.0 350.0 374.0 350.0 372.0
350.0 372.0 350.0 374.0 352.0 374.0 352.0 372.0
352.0 372.0 352.0 374.0 354.0 374.0 354.0 372.0
354.0 372.0 354.0 374.0 356.0 374.0 356.0 372.0
356.0 372.0 356.0 374.0 358.0 374.0 358.0 372.0
358.0 372.0 358.0 374.0 360.0 374.0 360.0 372.0
360.0 372.0 360.0 374.0 362.0 374.0 362.0 372.0
362.0 372.0 362.0 374.0 364.0 374.0 364.0 372.0
364.0 372.0 364.0 374.0 366.0 374.0 366.0 372.0
366.0 372.0 366.0 374.0 368.0 374.0 368.0 372.0
368.0 372.0 368.0 374.0 370.0 374.0 370.0 372.0
370.0 372.0 370.0 374.0 372.0 374.0 372.0 372.0
372.0 372.0 372.0 374.0 374.0 374.0 374.0 372.0
374.0 372.0 374.0 374.0 376.0 374.0 376.0 372.0
376.0 372.0 376.0 374.0 378.0 374.0 378.0 372.0
456.0 372.0 456.0 374.0 458.0 374.0 458.0 372.0
458.0 372.0 458.0 374.0 460.0 374.0 460.0 372.0
460.0 372.0 460.0 374.0 462.0 374.0 462.0 372.0
462.0 372.0 462.0 374.0 464.0 374.0 464.0 372.0
464.0 372.0 464.0 374.0 466.0 374.0 466.0 372.0
466.0 372.0 466.0 374.0 468.0 374.0 468.0 372.0
468.0 372.0 468.0 374.0 470.0 374.0 470.0 372.0
470.0 372.0 470.0 374.0 472.0 374.0 472.0 372.0
472.0 372.0 472.0 374.0 474.0 374.0 474.0 372.0
474.0 372.0 474.0 374.0 476.0 374.0 476.0 372.0
476.0 372.0 476.0 374.0 478.0 374.0 478.0 372.0
478.0 372.0 478.0 374.0 480.0 374.0 480.0 372.0
480.0 372.0 480.0 374.0 482.0 374.0 482.0 372.0
482.0 372.0 482.0 374.0 484.0 374.0 484.0 372.0
484.0 372.0 484.0 374.0 486.0 374.0 486.0 372.0
486.0 372.0 486.0 374.0 488.0 374.0 488.0 372.0
488.0 372.0 488.0 374.0 490.0 374.0 490.0 372.0
490.0 372.0 490.0 374.0 492.0 374.0 492.0 372.0
492.0 372.0 492.0 374.0 494.0 374.0 494.0 372.0
494.0 372.0 494.0 374.0 496.0 374.0 496.0 372.0
496.0 372.0 496.0 374.0 498.0 374.0 498.0 372.0
498.0 372.0 498.0 374.0 500.0 374.0 500.0 372.0
500.0 372.0 500.0 374.0 502.0 374.0 502.0 372.0
502.0 372.0 502.0 374.0 504.0 374.0 504.0 372.0
504.0 372.0 504.0 374.0 506.0 374.0 506.0 372.0
506.0 372.0 506.0 374.0 508.0 374.0 508.0 372.0
508.0 372.0 508.0 374.0 510.0 374.0 510.0 372.0
510.0 372.0 510.0 374.0 512.0 374.0 512.0 372.0
0.0 374.0 0.0 376.0 2.0 376.0 2.0 374.0
2.0 374.0 2.0 376.0 4.0 376.0 4.0 374.0
4.0 374.0 4.0 376.0 6.0 376.0 6.0 374.0
6.0 374.0 6.0 376.0 8.0 376.0 8.0 374.0
8.0 374.0 8.0 376.0 10.0 376.0 10.0 374.0
10.0 374.0 10.0 376.0 12.0 376.0 12.0 374.0
12.0 374.0 12.0 376.0 14.0 376.0 14.0 374.0
14.0 374.0 14.0 376.0 16.0 376.0 16.0 374.0
16.0 374.0 16.0 376.0 18.0 376.0 18.0 374.0
18.0 374.0 18.0 376.0 20.0 376.0 20.0 374.0
20.0 374.0 20.0 376.0 22.0 376.0 22.0 374.0
22.0 374.0 22.0 376.0 24.0 376.0 24.0 374.0
24.0 374.0 24.0 376.0 26.0 376.0 26.0 374.0
26.0 374.0 26.0 376.0 28.0 376.0 28.0 374.0
28.0 374.0 28.0 376.0 30.0 376.0 30.0 374.0
30.0 374.0 30.0 376.0 32.0 376.0 32.0 374.0
32.0 374.0 32.0 376.0 34.0 376.0 34.0 374.0
34.0 374.0 34.0 376.0 36.0 376.0 36.0 374.0
36.0 374.0 36.0 376.0 38.0 376.0 38.0 374.0
38.0 374.0 38.0 376.0 40.0 376.0 40.0 374.0
40.0 374.0 40.0 376.0 42.0 376.0 42.0 374.0
42.0 374.0 42.0 376.0 44.0 376.0 44.0 374.0
44.0 374.0 44.0 376.0 46.0 376.0 46.0 374.0
46.0 374.0 46.0 376.0 48.0 376.0 48.0 374.0
48.0 374.0 48.0 376.0 50.0 376.0 50.0 374.0
50.0 374.0 50.0 376.0 52.0 376.0 52.0 374.0
52.0 374.0 52.0 376.0 54.0 376.0 54.0 374.0
54.0 374.0 54.0 376.0 56.0 376.0 56.0 374.0
56.0 374.0 56.0 376.0 58.0 376.0 58.0 374.0
58.0 374.0 58.0 376.0 60.0 376.0 60.0 374.0
60.0 374.0 60.0 376.0 62.0 376.0 62.0 374.0
62.0 374.0 62.0 376.0 64.0 376.0 64.0 374.0
64.0 374.0 64.0 376.0 66.0 376.0 66.0 374.0
66.0 374.0 66.0 376.0 68.0 376.0 68.0 374.0
68.0 374.0 68.0 376.0 70.0 376.0 70.0 374.0
70.0 374.0 70.0 376.0 72.0 376.0 72.0 374.0
72.0 374.0 72.0 376.0 74.0 376.0 74.0 374.0
74.0 374.0 74.0 376.0 76.0 376.0 76.0 374.0
316.0 374.0 316.0 376.0 318.0 376.0 318.0 374.0
318.0 374.0 318.0 376.0 320.0 376.0 320.0 374.0
320.0 374.0 320.0 376.0 322.0 376.0 322.0 374.0
322.0 374.0 322.0 376.0 324.0 376.0 324.0 374.0
324.0 374.0 324.0 376.0 326.0 376.0 326.0 374.0
326.0 374.0 326.0 376.0 328.0 376.0 328.0 374.0
328.0 374.0 328.0 376.0 330.0 376.0 330.0 374.0
330.0 374.0 330.0 376.0 332.0 376.0 332.0 374.0
332.0 374.0 332.0 376.0 334.0 376.0 334.0 374.0
334.0 374.0 334.0 376.0 336.0 376.0 336.0 374.0
336.0 374.0 336.0 376.0 338.0 376.0 338.0 374.0
338.0 374.0 338.0 376.0 340.0 376.0 340.0 374.0
340.0 374.0 340.0 376.0 342.0 376.0 342.0 374.0
342.0 374.0 342.0 376.0 344.0 376.0 344.0 374.0
344.0 374.0 344.0 376.0 346.0 376.0 346.0 374.0
346.0 374.0 346.0 376.0 348.0 376.0 348.0 374.0
348.0 374.0 348.0 376.0 350.0 376.0 350.0 374.0
350.0 374.0 350.0 376.0 352.0 376.0 352.0 374.0
352.0 374.0 352.0 376.0 354.0 376.0 354.0 374.0
354.0 374.0 354.0 376.0 356.0 376.0 356.0 374.0
356.0 374.0 356.0 376.0 358.0 376.0 358.0 374.0
358.0 374.0 358.0 376.0 360.0 376.0 360.0 374.0
360.0 374.0 360.0 376.0 362.0 376.0 362.0 374.0
362.0 374.0 362.0 376.0 364.0 376.0 364.0 374.0
364.0 374.0 364.0 376.0 366.0 376.0 366.0 374.0
366.0 374.0 366.0 376.0 368.0 376.0 368.0 374.0
368.0 374.0 368.0 376.0 370.0 376.0 370.0 374.0
370.0 374.0 370.0 376.0 372.0 376.0 372.0 374.0
372.0 374.0 372.0 376.0 374.0 376.0 374.0 374.0
374.0 374.0 374.0 376.0 376.0 376.0 376.0 374.0
376.0 374.0 376.0 376.0 378.0 376.0 378.0 374.0
456.0 374.0 456.0 376.0 458.0 376.0 458.0 374.0
458.0 374.0 458.0 376.0 460.0 376.0 460.0 374.0
460.0 374.0 460.0 376.0 462.0 376.0 462.0 374.0
462.0 374.0 462.0 376.0 464.0 376.0 464.0 374.0
464.0 374.0 464.0 376.0 466.0 376.0 466.0 374.0
466.0 374.0 466.0 376.0 468.0 376.0 468.0 374.0
468.0 374.0 468.0 376.0 470.0 376.0 470.0 374.0
470.0 374.0 470.0 376.0 472.0 376.0 472.0 374.0
472.0 374.0 472.0 376.0 474.0 376.0 474.0 374.0
474.0 374.0 474.0 376.0 476.0 376.0 476.0 374.0
476.0 374.0 476.0 376.0 478.0 376.0 478.0 374.0
478.0 374.0 478.0 376.0 480.0 376.0 480.0 374.0
480.0 374.0 480.0 376.0 482.0 376.0 482.0 374.0
482.0 374.0 482.0 376.0 484.0 376.0 484.0 374.0
484.0 374.0 484.0 376.0 486.0 376.0 486.0 374.0
486.0 374.0 486.0 376.0 488.0 376.0 488.0 374.0
488.0 374.0 488.0 376.0 490.0 376.0 490.0 374.0
490.0 374.0 490.0 376.0 492.0 376.0 492.0 374.0
492.0 374.0 492.0 376.0 494.0 376.0 494.0 374.0
494.0 374.0 494.0 376.0 496.0 376.0 496.0 374.0
496.0 374.0 496.0 376.0 498.0 376.0 498.0 374.0
498.0 374.0 498.0 376.0 500.0 376.0 500.0 374.0
500.0 374.0 500.0 376.0 502.0 376.0 502.0 374.0
502.0 374.0 502.0 376.0 504.0 376.0 504.0 374.0
504.0 374.0 504.0 376.0 506.0 376.0 506.0 374.0
506.0 374.0 506.0 376.0 508.0 376.0 508.0 374.0
508.0 374.0 508.0 376.0 510.0 376.0 510.0 374.0
510.0 374.0 510.0 376.0 512.0 376.0 512.0 374.0
0.0 376.0 0.0 378.0 2.0 378.0 2.0 376.0
2.0 376.0 2.0 378.0 4.0 378.0 4.0 376.0
4.0 376.0 4.0 378.0 6.0 378.0 6.0 376.0
6.0 376.0 6.0 378.0 8.0 378.0 8.0 376.0
8.0 376.0 8.0 378.0 10.0 378.0 10.0 376.0
10.0 376.0 10.0 378.0 12.0 378.0 12.0 376.0
12.0 376.0 12.0 378.0 14.0 378.0 14.0 376.0
14.0 376.0 14.0 378.0 16.0 378.0 16.0 376.0
16.0 376.0 16.0 378.0 18.0 378.0 18.0 376.0
18.0 376.0 18.0 378.0 20.0 378.0 20.0 376.0
20.0 376.0 20.0 378.0 22.0 378.0 22.0 376.0
22.0 376.0 22.0 378.0 24.0 378.0 24.0 376.0
24.0 376.0 24.0 378.0 26.0 378.0 26.0 376.0
26.0 376.0 26.0 378.0 28.0 378.0 28.0 376.0
28.0 376.0 28.0 378.0 30.0 378.0 30.0 376.0
30.0 376.0 30.0 378.0 32.0 378.0 32.0 376.0
32.0 376.0 32.0 378.0 34.0 378.0 34.0 376.0
34.0 376.0 34.0 378.0 36.0 378.0 36.0 376.0
36.0 376.0 36.0 378.0 38.0 378.0 38.0 376.0
38.0 376.0 38.0 378.0 40.0 378.0 40.0 376.0
40.0 376.0 40.0 378.0 42.0 378.0 42.0 376.0
42.0 376.0 42.0 378.0 44.0 378.0 44.0 376.0
44.0 376.0 44.0 378.0 46.0 378.0 46.0 376.0
46.0 376.0 46.0 378.0 48.0 378.0 48.0 376.0
48.0 376.0 48.0 378.0 50.0 378.0 50.0 376.0
50.0 376.0 50.0 378.0 52.0 378.0 52.0 376.0
52.0 376.0 52.0 378.0 54.0 378.0 54.0 376.0
54.0 376.0 54.0 378.0 56.0 378.0 56.0 376.0
56.0 376.0 56.0 378.0 58.0 378.0 58.0 376.0
58.0 376.0 58.0 378.0 60.0 378.0 60.0 376.0
60.0 376.0 60.0 378.0 62.0 378.0 62.0 376.0
62.0 376.0 62.0 378.0 64.0 378.0 64.0 376.0
64.0 376.0 64.0 378.0 66.0 378.0 66.0 376.0
66.0 376.0 66.0 378.0 68.0 378.0 68.0 376.0
68.0 376.0 68.0 378.0 70.0 378.0 70.0 376.0
70.0 376.0 70.0 378.0 72.0 378.0 72.0 376.0
72.0 376.0 72.0 378.0 74.0 378.0 74.0 376.0
74.0 376.0 74.0 378.0 76.0 378.0 76.0 376.0
318.0 376.0 318.0 378.0 320.0 378.0 320.0 376.0
320.0 376.0 320.0 378.0 322.0 378.0 322.0 376.0
322.0 376.0 322.0 378.0 324.0 378.0 324.0 376.0
324.0 376.0 324.0 378.0 326.0 378.0 326.0 376.0
326.0 376.0 326.0 378.0 328.0 378.0 328.0 376.0
328.0 376.0 328.0 378.0 330.0 378.0 330.0 376.0
330.0 376.0 330.0 378.0 332.0 378.0 332.0 376.0
332.0 376.0 332.0 378.0 334.0 378.0 334.0 376.0
334.0 376.0 334.0 378.0 336.0 378.0 336.0 376.0
336.0 376.0 336.0 378.0 338.0 378.0 338.0 376.0
338.0 376.0 338.0 378.0 340.0 378.0 340.0 376.0
340.0 376.0 340.0 378.0 342.0 378.0 342.0 376.0
342.0 376.0 342.0 378.0 344.0 378.0 344.0 376.0
344.0 376.0 344.0 378.0 346.0 378.0 346.0 376.0
346.0 376.0 346.0 378.0 348.0 378.0 348.0 376.0
348.0 376.0 348.0 378.0 350.0 378.0 350.0 376.0
350.0 376.0 350.0 378.0 352.0 378.0 352.0 376.0
352.0 376.0 352.0 378.0 354.0 378.0 354.0 376.0
354.0 376.0 354.0 378.0 356.0 378.0 356.0 376.0
356.0 376.0 356.0 378.0 358.0 378.0 358.0 376.0
358.0 376.0 358.0 378.0 360.0 378.0 360.0 376.0
360.0 376.0 360.0 378.0 362.0 378.0 362.0 376.0
362.0 376.0 362.0 378.0 364.0 378.0 364.0 376.0
364.0 376.0 364.0 378.0 366.0 378.0 366.0 376.0
366.0 376.0 366.0 378.0 368.0 378.0 368.0 376.0
368.0 376.0 368.0 378.0 370.0 378.0 370.0 376.0
370.0 376.0 370.0 378.0 372.0 378.0 372.0 376.0
372.0 376.0 372.0 378.0 374.0 378.0 374.0 376.0
374.0 376.0 374.0 378.0 376.0 378.0 376.0 376.0
376.0 376.0 376.0 378.0 378.0 378.0 378.0 376.0
456.0 376.0 456.0 378.0 458.0 378.0 458.0 376.0
458.0 376.0 458.0 378.0 460.0 378.0 460.0 376.0
460.0 376.0 460.0 378.0 462.0 378.0 462.0 376.0
462.0 376.0 462.0 378.0 464.0 378.0 464.0 376.0
464.0 376.0 464.0 378.0 466.0 378.0 466.0 376.0
466.0 376.0 466.0 378.0 468.0 378.0 468.0 376.0
468.0 376.0 468.0 378.0 470.0 378.0 470.0 376.0
470.0 376.0 470.0 378.0 472.0 378.0 472.0 376.0
472.0 376.0 472.0 378.0 474.0 378.0 474.0 376.0
474.0 376.0 474.0 378.0 476.0 378.0 476.0 376.0
476.0 376.0 476.0 378.0 478.0 378.0 478.0 376.0
478.0 376.0 478.0 378.0 480.0 378.0 480.0 376.0
480.0 376.0 480.0 378.0 482.0 378.0 482.0 376.0
482.0 376.0 482.0 378.0 484.0 378.0 484.0 376.0
484.0 376.0 484.0 378.0 486.0 378.0 486.0 376.0
486.0 376.0 486.0 378.0 488.0 378.0 488.0 376.0
488.0 376.0 488.0 378.0 490.0 378.0 490.0 376.0
490.0 376.0 490.0 378.0 492.0 378.0 492.0 376.0
492.0 376.0 492.0 378.0 494.0 378.0 494.0 376.0
494.0 376.0 494.0 378.0 496.0 378.0 496.0 376.0
496.0 376.0 496.0 378.0 498.0 378.0 498.0 376.0
498.0 376.0 498.0 378.0 500.0 378.0 500.0 376.0
500.0 376.0 500.0 378.0 502.0 378.0 502.0 376.0
502.0 376.0 502.0 378.0 504.0 378.0 504.0 376.0
504.0 376.0 504.0 378.0 506.0 378.0 506.0 376.0
506.0 376.0 506.0 378.0 508.0 378.0 508.0 376.0
508.0 376.0 508.0 378.0 510.0 378.0 510.0 376.0
510.0 376.0 510.0 378.0 512.0 378.0 512.0 376.0
0.0 378.0 0.0 380.0 2.0 380.0 2.0 378.0
2.0 378.0 2.0 380.0 4.0 380.0 4.0 378.0
4.0 378.0 4.0 380.0 6.0 380.0 6.0 378.0
6.0 378.0 6.0 380.0 8.0 380.0 8.0 378.0
8.0 378.0 8.0 380.0 10.0 380.0 10.0 378.0
10.0 378.0 10.0 380.0 12.0 380.0 12.0 378.0
12.0 378.0 12.0 380.0 14.0 380.0 14.0 378.0
14.0 378.0 14.0 380.0 16.0 380.0 16.0 378.0
16.0 378.0 16.0 380.0 18.0 380.0 18.0 378.0
18.0 378.0 18.0 380.0 20.0 380.0 20.0 378.0
20.0 378.0 20.0 380.0 22.0 380.0 22.0 378.0
22.0 378.0 22.0 380.0 24.0 380.0 24.0 378.0
24.0 378.0 24.0 380.0 26.0 380.0 26.0 378.0
26.0 378.0 26.0 380.0 28.0 380.0 28.0 378.0
28.0 378.0 28.0 380.0 30.0 380.0 30.0 378.0
30.0 378.0 30.0 380.0 32.0 380.0 32.0 378.0
32.0 378.0 32.0 380.0 34.0 380.0 34.0 378.0
34.0 378.0 34.0 380.0 36.0 380.0 36.0 378.0
36.0 378.0 36.0 380.0 38.0 380.0 38.0 378.0
38.0 378.0 38.0 380.0 40.0 380.0 40.0 378.0
40.0 378.0 40.0 380.0 42.0 380.0 42.0 378.0
42.0 378.0 42.0 380.0 44.0 380.0 44.0 378.0
44.0 378.0 44.0 380.0 46.0 380.0 46.0 378.0
46.0 378.0 46.0 380.0 48.0 380.0 48.0 378.0
48.0 378.0 48.0 380.0 50.0 380.0 50.0 378.0
50.0 378.0 50.0 380.0 52.0 380.0 52.0 378.0
52.0 378.0 52.0 380.0 54.0 380.0 54.0 378.0
54.0 378.0 54.0 380.0 56.0 380.0 56.0 378.0
56.0 378.0 56.0 380.0 58.0 380.0 58.0 378.0
58.0 378.0 58.0 380.0 60.0 380.0 60.0 378.0
60.0 378.0 60.0 380.0 62.0 380.0 62.0 378.0
62.0 378.0 62.0 380.0 64.0 380.0 64.0 378.0
64.0 378.0 64.0 380.0 66.0 380.0 66.0 378.0
66.0 378.0 66.0 380.0 68.0 380.0 68.0 378.0
68.0 378.0 68.0 380.0 70.0 380.0 70.0 378.0
70.0 378.0 70.0 380.0 72.0 380.0 72.0 378.0
72.0 378.0 72.0 380.0 74.0 380.0 74.0 378.0
74.0 378.0 74.0 380.0 76.0 380.0 76.0 378.0
320.0 378.0 320.0 380.0 322.0 380.0 322.0 378.0
322.0 378.0 322.0 380.0 324.0 380.0 324.0 378.0
324.0 378.0 324.0 380.0 326.0 380.0 326.0 378.0
326.0 378.0 326.0 380.0 328.0 380.0 328.0 378.0
328.0 378.0 328.0 380.0 330.0 380.0 330.0 378.0
330.0 378.0 330.0 380.0 332.0 380.0 332.0 378.0
332.0 378.0 332.0 380.0 334.0 380.0 334.0 378.0
334.0 378.0 334.0 380.0 336.0 380.0 336.0 378.0
336.0 378.0 336.0 380.0 338.0 380.0 338.0 378.0
338.0 378.0 338.0 380.0 340.0 380.0 340.0 378.0
340.0 378.0 340.0 380.0 342.0 380.0 342.0 378.0
342.0 378.0 342.0 380.0 344.0 380.0 344.0 378.0
344.0 378.0 344.0 380.0 346.0 380.0 346.0 378.0
346.0 378.0 346.0 380.0 348.0 380.0 348.0 378.0
348.0 378.0 348.0 380.0 350.0 380.0 350.0 378.0
350.0 378.0 350.0 380.0 352.0 380.0 352.0 378.0
352.0 378.0 352.0 380.0 354.0 380.0 354.0 378.0
354.0 378.0 354.0 380.0 356.0 380.0 356.0 378.0
356.0 378.0 356.0 380.0 358.0 380.0 358.0 378.0
358.0 378.0 358.0 380.0 360.0 380.0 360.0 378.0
360.0 378.0 360.0 380.0 362.0 380.0 362.0 378.0
362.0 378.0 362.0 380.0 364.0 380.0 364.0 378.0
364.0 378.0 364.0 380.0 366.0 380.0 366.0 378.0
366.0 378.0 366.0 380.0 368.0 380.0 368.0 378.0
368.0 378.0 368.0 380.0 370.0 380.0 370.0 378.0
370.0 378.0 370.0 380.0 372.0 380.0 372.0 378.0
372.0 378.0 372.0 380.0 374.0 380.0 374.0 378.0
374.0 378.0 374.0 380.0 376.0 380.0 376.0 378.0
456.0 378.0 456.0 380.0 458.0 380.0 458.0 378.0
458.0 378.0 458.0 380.0 460.0 380.0 460.0 378.0
460.0 378.0 460.0 380.0 462.0 380.0 462.0 378.0
462.0 378.0 462.0 380.0 464.0 380.0 464.0 378.0
464.0 378.0 464.0 380.0 466.0 380.0 466.0 378.0
466.0 378.0 466.0 380.0 468.0 380.0 468.0 378.0
468.0 378.0 468.0 380.0 470.0 380.0 470.0 378.0
470.0 378.0 470.0 380.0 472.0 380.0 472.0 378.0
472.0 378.0 472.0 380.0 474.0 380.0 474.0 378.0
474.0 378.0 474.0 380.0 476.0 380.0 476.0 378.0
476.0 378.0 476.0 380.0 478.0 380.0 478.0 378.0
478.0 378.0 478.0 380.0 480.0 380.0 480.0 378.0
480.0 378.0 480.0 380.0 482.0 380.0 482.0 378.0
482.0 378.0 482.0 380.0 484.0 380.0 484.0 378.0
484.0 378.0 484.0 380.0 486.0 380.0 486.0 378.0
486.0 378.0 486.0 380.0 488.0 380.0 488.0 378.0
488.0 378.0 488.0 380.0 490.0 380.0 490.0 378.0
490.0 378.0 490.0 380.0 492.0 380.0 492.0 378.0
492.0 378.0 492.0 380.0 494.0 380.0 494.0 378.0
494.0 378.0 494.0 380.0 496.0 380.0 496.0 378.0
496.0 378.0 496.0 380.0 498.0 380.0 498.0 378.0
498.0 378.0 498.0 380.0 500.0 380.0 500.0 378.0
500.0 378.0 500.0 380.0 502.0 380.0 502.0 378.0
502.0 378.0 502.0 380.0 504.0 380.0 504.0 378.0
504.0 378.0 504.0 380.0 506.0 380.0 506.0 378.0
506.0 378.0 506.0 380.0 508.0 380.0 508.0 378.0
508.0 378.0 508.0 380.0 510.0 380.0 510.0 378.0
510.0 378.0 510.0 380.0 512.0 380.0 512.0 378.0
0.0 380.0 0.0 382.0 2.0 382.0 2.0 380.0
2.0 380.0 2.0 382.0 4.0 382.0 4.0 380.0
4.0 380.0 4.0 382.0 6.0 382.0 6.0 380.0
6.0 380.0 6.0 382.0 8.0 382.0 8.0 380.0
8.0 380.0 8.0 382.0 10.0 382.0 10.0 380.0
10.0 380.0 10.0 382.0 12.0 382.0 12.0 380.0
12.0 380.0 12.0 382.0 14.0 382.0 14.0 380.0
14.0 380.0 14.0 382.0 16.0 382.0 16.0 380.0
16.0 380.0 16.0 382.0 18.0 382.0 18.0 380.0
18.0 380.0 18.0 382.0 20.0 382.0 20.0 380.0
20.0 380.0 20.0 382.0 22.0 382.0 22.0 380.0
22.0 380.0 22.0 382.0 24.0 382.0 24.0 380.0
24.0 380.0 24.0 382.0 26.0 382.0 26.0 380.0
26.0 380.0 26.0 382.0 28.0 382.0 28.0 380.0
28.0 380.0 28.0 382.0 30.0 382.0 30.0 380.0
30.0 380.0 30.0 382.0 32.0 382.0 32.0 380.0
32.0 380.0 32.0 382.0 34.0 382.0 34.0 380.0
34.0 380.0 34.0 382.0 36.0 382.0 36.0 380.0
36.0 380.0 36.0 382.0 38.0 382.0 38.0 380.0
38.0 380.0 38.0 382.0 40.0 382.0 40.0 380.0
40.0 380.0 40.0 382.0 42.0 382.0 42.0 380.0
42.0 380.0 42.0 382.0 44.0 382.0 44.0 380.0
44.0 380.0 44.0 382.0 46.0 382.0 46.0 380.0
46.0 380.0 46.0 382.0 48.0 382.0 48.0 380.0
48.0 380.0 48.0 382.0 50.0 382.0 50.0 380.0
50.0 380.0 50.0 382.0 52.0 382.0 52.0 380.0
52.0 380.0 52.0 382.0 54.0 382.0 54.0 380.0
54.0 380.0 54.0 382.0 56.0 382.0 56.0 380.0
56.0 380.0 56.0 382.0 58.0 382.0 58.0 380.0
58.0 380.0 58.0 382.0 60.0 382.0 60.0 380.0
60.0 380.0 60.0 382.0 62.0 382.0 62.0 380.0
62.0 380.0 62.0 382.0 64.0 382.0 64.0 380.0
64.0 380.0 64.0 382.0 66.0 382.0 66.0 380.0
66.0 380.0 66.0 382.0 68.0 382.0 68.0 380.0
68.0 380.0 68.0 382.0 70.0 382.0 70.0 380.0
70.0 380.0 70.0 382.0 72.0 382.0 72.0 380.0
72.0 380.0 72.0 382.0 74.0 382.0 74.0 380.0
74.0 380.0 74.0 382.0 76.0 382.0 76.0 380.0
324.0 380.0 324.0 382.0 326.0 382.0 326.0 380.0
326.0 380.0 326.0 382.0 328.0 382.0 328.0 380.0
328.0 380.0 328.0 382.0 330.0 382.0 330.0 380.0
330.0 380.0 330.0 382.0 332.0 382.0 332.0 380.0
332.0 380.0 332.0 382.0 334.0 382.0 334.0 380.0
334.0 380.0 334.0 382.0 336.0 382.0 336.0 380.0
336.0 380.0 336.0 382.0 338.0 382.0 338.0 380.0
338.0 380.0 338.0 382.0 340.0 382.0 340.0 380.0
340.0 380.0 340.0 382.0 342.0 382.0 342.0 380.0
342.0 380.0 342.0 382.0 344.0 382.0 344.0 380.0
344.0 380.0 344.0 382.0 346.0 382.0 346.0 380.0
346.0 380.0 346.0 382.0 348.0 382.0 348.0 380.0
348.0 380.0 348.0 382.0 350.0 382.0 350.0 380.0
350.0 380.0 350.0 382.0 352.0 382.0 352.0 380.0
352.0 380.0 352.0 382.0 354.0 382.0 354.0 380.0
354.0 380.0 354.0 382.0 356.0 382.0 356.0 380.0
356.0 380.0 356.0 382.0 358.0 382.0 358.0 380.0
358.0 380.0 358.0 382.0 360.0 382.0 360.0 380.0
360.0 380.0 360.0 382.0 362.0 382.0 362.0 380.0
362.0 380.0 362.0 382.0 364.0 382.0 364.0 380.0
364.0 380.0 364.0 382.0 366.0 382.0 366.0 380.0
366.0 380.0 366.0 382.0 368.0 382.0 368.0 380.0
368.0 380.0 368.0 382.0 370.0 382.0 370.0 380.0
456.0 380.0 456.0 382.0 458.0 382.0 458.0 380.0
458.0 380.0 458.0 382.0 460.0 382.0 460.0 380.0
460.0 380.0 460.0 382.0 462.0 382.0 462.0 380.0
462.0 380.0 462.0 382.0 464.0 382.0 464.0 380.0
464.0 380.0 464.0 382.0 466.0 382.0 466.0 380.0
466.0 380.0 466.0 382.0 468.0 382.0 468.0 380.0
468.0 380.0 468.0 382.0 470.0 382.0 470.0 380.0
470.0 380.0 470.0 382.0 472.0 382.0 472.0 380.0
472.0 380.0 472.0 382.0 474.0 382.0 474.0 380.0
474.0 380.0 474.0 382.0 476.0 382.0 476.0 380.0
476.0 380.0 476.0 382.0 478.0 382.0 478.0 380.0
478.0 380.0 478.0 382.0 480.0 382.0 480.0 380.0
480.0 380.0 480.0 382.0 482.0 382.0 482.0 380.0
482.0 380.0 482.0 382.0 484.0 382.0 484.0 380.0
484.0 380.0 484.0 382.0 486.0 382.0 486.0 380.0
486.0 380.0 486.0 382.0 488.0 382.0 488.0 380.0
488.0 380.0 488.0 382.0 490.0 382.0 490.0 380.0
490.0 380.0 490.0 382.0 492.0 382.0 492.0 380.0
492.0 380.0 492.0 382.0 494.0 382.0 494.0 380.0
494.0 380.0 494.0 382.0 496.0 382.0 496.0 380.0
496.0 380.0 496.0 382.0 498.0 382.0 498.0 380.0
498.0 380.0 498.0 382.0 500.0 382.0 500.0 380.0
500.0 380.0 500.0 382.0 502.0 382.0 502.0 380.0
502.0 380.0 502.0 382.0 504.0 382.0 504.0 380.0
504.0 380.0 504.0 382.0 506.0 382.0 506.0 380.0
506.0 380.0 506.0 382.0 508.0 382.0 508.0 380.0
508.0 380.0 508.0 382.0 510.0 382.0 510.0 380.0
510.0 380.0 510.0 382.0 512.0 382.0 512.0 380.0
0.0 382.0 0.0 384.0 2.0 384.0 2.0 382.0
2.0 382.0 2.0 384.0 4.0 384.0 4.0 382.0
4.0 382.0 4.0 384.0 6.0 384.0 6.0 382.0
6.0 382.0 6.0 384.0 8.0 384.0 8.0 382.0
8.0 382.0 8.0 384.0 10.0 384.0 10.0 382.0
10.0 382.0 10.0 384.0 12.0 384.0 12.0 382.0
12.0 382.0 12.0 384.0 14.0 384.0 14.0 382.0
14.0 382.0 14.0 384.0 16.0 384.0 16.0 382.0
16.0 382.0 16.0 384.0 18.0 384.0 18.0 382.0
18.0 382.0 18.0 384.0 20.0 384.0 20.0 382.0
20.0 382.0 20.0 384.0 22.0 384.0 22.0 382.0
22.0 382.0 22.0 384.0 24.0 384.0 24.0 382.0
24.0 382.0 24.0 384.0 26.0 384.0 26.0 382.0
26.0 382.0 26.0 384.0 28.0 384.0 28.0 382.0
28.0 382.0 28.0 384.0 30.0 384.0 30.0 382.0
30.0 382.0 30.0 384.0 32.0 384.0 32.0 382.0
32.0 382.0 32.0 384.0 34.0 384.0 34.0 382.0
34.0 382.0 34.0 384.0 36.0 384.0 36.0 382.0
36.0 382.0 36.0 384.0 38.0 384.0 38.0 382.0
38.0 382.0 38.0 384.0 40.0 384.0 40.0 382.0
40.0 382.0 40.0 384.0 42.0 384.0 42.0 382.0
42.0 382.0 42.0 384.0 44.0 384.0 44.0 382.0
44.0 382.0 44.0 384.0 46.0 384.0 46.0 382.0
46.0 382.0 46.0 384.0 48.0 384.0 48.0 382.0
48.0 382.0 48.0 384.0 50.0 384.0 50.0 382.0
50.0 382.0 50.0 384.0 52.0 384.0 52.0 382.0
52.0 382.0 52.0 384.0 54.0 384.0 54.0 382.0
54.0 382.0 54.0 384.0 56.0 384.0 56.0 382.0
56.0 382.0 56.0 384.0 58.0 384.0 58.0 382.0
58.0 382.0 58.0 384.0 60.0 384.0 60.0 382.0
60.0 382.0 60.0 384.0 62.0 384.0 62.0 382.0
62.0 382.0 62.0 384.0 64.0 384.0 64.0 382.0
64.0 382.0 64.0 384.0 66.0 384.0 66.0 382.0
66.0 382.0 66.0 384.0 68.0 384.0 68.0 382.0
68.0 382.0 68.0 384.0 70.0 384.0 70.0 382.0
70.0 382.0 70.0 384.0 72.0 384.0 72.0 382.0
72.0 382.0 72.0 384.0 74.0 384.0 74.0 382.0
74.0 382.0 74.0 384.0 76.0 384.0 76.0 382.0
328.0 382.0 328.0 384.0 330.0 384.0 330.0 382.0
330.0 382.0 330.0 384.0 332.0 384.0 332.0 382.0
332.0 382.0 332.0 384.0 334.0 384.0 334.0 382.0
334.0 382.0 334.0 384.0 336.0 384.0 336.0 382.0
336.0 382.0 336.0 384.0 338.0 384.0 338.0 382.0
338.0 382.0 338.0 384.0 340.0 384.0 340.0 382.0
340.0 382.0 340.0 384.0 342.0 384.0 342.0 382.0
342.0 382.0 342.0 384.0 344.0 384.0 344.0 382.0
344.0 382.0 344.0 384.0 346.0 384.0 346.0 382.0
346.0 382.0 346.0 384.0 348.0 384.0 348.0 382.0
348.0 382.0 348.0 384.0 350.0 384.0 350.0 382.0
350.0 382.0 350.0 384.0 352.0 384.0 352.0 382.0
352.0 382.0 352.0 384.0 354.0 384.0 354.0 382.0
354.0 382.0 354.0 384.0 356.0 384.0 356.0 382.0
356.0 382.0 356.0 384.0 358.0 384.0 358.0 382.0
358.0 382.0 358.0 384.0 360.0 384.0 360.0 382.0
360.0 382.0 360.0 384.0 362.0 384.0 362.0 382.0
362.0 382.0 362.0 384.0 364.0 384.0 364.0 382.0
456.0 382.0 456.0 384.0 458.0 384.0 458.0 382.0
458.0 382.0 458.0 384.0 460.0 384.0 460.0 382.0
460.0 382.0 460.0 384.0 462.0 384.0 462.0 382.0
462.0 382.0 462.0 384.0 464.0 384.0 464.0 382.0
464.0 382.0 464.0 384.0 466.0 384.0 466.0 382.0
466.0 382.0 466.0 384.0 468.0 384.0 468.0 382.0
468.0 382.0 468.0 384.0 470.0 384.0 470.0 382.0
470.0 382.0 470.0 384.0 472.0 384.0 472.0 382.0
472.0 382.0 472.0 384.0 474.0 384.0 474.0 382.0
474.0 382.0 474.0 384.0 476.0 384.0 476.0 382.0
476.0 382.0 476.0 384.0 478.0 384.0 478.0 382.0
478.0 382.0 478.0 384.0 480.0 384.0 480.0 382.0
480.0 382.0 480.0 384.0 482.0 384.0 482.0 382.0
482.0 382.0 482.0 384.0 484.0 384.0 484.0 382.0
484.0 382.0 484.0 384.0 486.0 384.0 486.0 382.0
486.0 382.0 486.0 384.0 488.0 384.0 488.0 382.0
488.0 382.0 488.0 384.0 490.0 384.0 490.0 382.0
490.0 382.0 490.0 384.0 492.0 384.0 492.0 382.0
492.0 382.0 492.0 384.0 494.0 384.0 494.0 382.0
494.0 382.0 494.0 384.0 496.0 384.0 496.0 382.0
496.0 382.0 496.0 384.0 498.0 384.0 498.0 382.0
498.0 382.0 498.0 384.0 500.0 384.0 500.0 382.0
500.0 382.0 500.0 384.0 502.0 384.0 502.0 382.0
502.0 382.0 502.0 384.0 504.0 384.0 504.0 382.0
504.0 382.0 504.0 384.0 506.0 384.0 506.0 382.0
506.0 382.0 506.0 384.0 508.0 384.0 508.0 382.0
508.0 382.0 508.0 384.0 510.0 384.0 510.0 382.0
510.0 382.0 510.0 384.0 512.0 384.0 512.0 382.0
0.0 384.0 0.0 386.0 2.0 386.0 2.0 384.0
2.0 384.0 2.0 386.0 4.0 386.0 4.0 384.0
4.0 384.0 4.0 386.0 6.0 386.0 6.0 384.0
6.0 384.0 6.0 386.0 8.0 386.0 8.0 384.0
8.0 384.0 8.0 386.0 10.0 386.0 10.0 384.0
10.0 384.0 10.0 386.0 12.0 386.0 12.0 384.0
12.0 384.0 12.0 386.0 14.0 386.0 14.0 384.0
14.0 384.0 14.0 386.0 16.0 386.0 16.0 384.0
16.0 384.0 16.0 386.0 18.0 386.0 18.0 384.0
18.0 384.0 18.0 386.0 20.0 386.0 20.0 384.0
20.0 384.0 20.0 386.0 22.0 386.0 22.0 384.0
22.0 384.0 22.0 386.0 24.0 386.0 24.0 384.0
24.0 384.0 24.0 386.0 26.0 386.0 26.0 384.0
26.0 384.0 26.0 386.0 28.0 386.0 28.0 384.0
28.0 384.0 28.0 386.0 30.0 386.0 30.0 384.0
30.0 384.0 30.0 386.0 32.0 386.0 32.0 384.0
32.0 384.0 32.0 386.0 34.0 386.0 34.0 384.0
34.0 384.0 34.0 386.0 36.0 386.0 36.0 384.0
36.0 384.0 36.0 386.0 38.0 386.0 38.0 384.0
38.0 384.0 38.0 386.0 40.0 386.0 40.0 384.0
40.0 384.0 40.0 386.0 42.0 386.0 42.0 384.0
42.0 384.0 42.0 386.0 44.0 386.0 44.0 384.0
44.0 384.0 44.0 386.0 46.0 386.0 46.0 384.0
46.0 384.0 46.0 386.0 48.0 386.0 48.0 384.0
48.0 384.0 48.0 386.0 50.0 386.0 50.0 384.0
50.0 384.0 50.0 386.0 52.0 386.0 52.0 384.0
52.0 384.0 52.0 386.0 54.0 386.0 54.0 384.0
54.0 384.0 54.0 386.0 56.0 386.0 56.0 384.0
56.0 384.0 56.0 386.0 58.0 386.0 58.0 384.0
58.0 384.0 58.0 386.0 60.0 386.0 60.0 384.0
60.0 384.0 60.0 386.0 62.0 386.0 62.0 384.0
62.0 384.0 62.0 386.0 64.0 386.0 64.0 384.0
64.0 384.0 64.0 386.0 66.0 386.0 66.0 384.0
66.0 384.0 66.0 386.0 68.0 386.0 68.0 384.0
68.0 384.0 68.0 386.0 70.0 386.0 70.0 384.0
70.0 384.0 70.0 386.0 72.0 386.0 72.0 384.0
72.0 384.0 72.0 386.0 74.0 386.0 74.0 384.0
74.0 384.0 74.0 386.0 76.0 386.0 76.0 384.0
332.0 384.0 332.0 386.0 334.0 386.0 334.0 384.0
334.0 384.0 334.0 386.0 336.0 386.0 336.0 384.0
336.0 384.0 336.0 386.0 338.0 386.0 338.0 384.0
338.0 384.0 338.0 386.0 340.0 386.0 340.0 384.0
340.0 384.0 340.0 386.0 342.0 386.0 342.0 384.0
342.0 384.0 342.0 386.0 344.0 386.0 344.0 384.0
344.0 384.0 344.0 386.0 346.0 386.0 346.0 384.0
346.0 384.0 346.0 386.0 348.0 386.0 348.0 384.0
348.0 384.0 348.0 386.0 350.0 386.0 350.0 384.0
350.0 384.0 350.0 386.0 352.0 386.0 352.0 384.0
352.0 384.0 352.0 386.0 354.0 386.0 354.0 384.0
354.0 384.0 354.0 386.0 356.0 386.0 356.0 384.0
456.0 384.0 456.0 386.0 458.0 386.0 458.0 384.0
458.0 384.0 458.0 386.0 460.0 386.0 460.0 384.0
460.0 384.0 460.0 386.0 462.0 386.0 462.0 384.0
462.0 384.0 462.0 386.0 464.0 386.0 464.0 384.0
464.0 384.0 464.0 386.0 466.0 386.0 466.0 384.0
466.0 384.0 466.0 386.0 468.0 386.0 468.0 384.0
468.0 384.0 468.0 386.0 470.0 386.0 470.0 384.0
470.0 384.0 470.0 386.0 472.0 386.0 472.0 384.0
472.0 384.0 472.0 386.0 474.0 386.0 474.0 384.0
474.0 384.0 474.0 386.0 476.0 386.0 476.0 384.0
476.0 384.0 476.0 386.0 478.0 386.0 478.0 384.0
478.0 384.0 478.0 386.0 480.0 386.0 480.0 384.0
480.0 384.0 480.0 386.0 482.0 386.0 482.0 384.0
482.0 384.0 482.0 386.0 484.0 386.0 484.0 384.0
484.0 384.0 484.0 386.0 486.0 386.0 486.0 384.0
486.0 384.0 486.0 386.0 488.0 386.0 488.0 384.0
488.0 384.0 488.0 386.0 490.0 386.0 490.0 384.0
490.0 384.0 490.0 386.0 492.0 386.0 492.0 384.0
492.0 384.0 492.0 386.0 494.0 386.0 494.0 384.0
494.0 384.0 494.0 386.0 496.0 386.0 496.0 384.0
496.0 384.0 496.0 386.0 498.0 386.0 498.0 384.0
498.0 384.0 498.0 386.0 500.0 386.0 500.0 384.0
500.0 384.0 500.0 386.0 502.0 386.0 502.0 384.0
502.0 384.0 502.0 386.0 504.0 386.0 504.0 384.0
504.0 384.0 504.0 386.0 506.0 386.0 506.0 384.0
506.0 384.0 506.0 386.0 508.0 386.0 508.0 384.0
508.0 384.0 508.0 386.0 510.0 386.0 510.0 384.0
510.0 384.0 510.0 386.0 512.0 386.0 512.0 384.0
0.0 386.0 0.0 388.0 2.0 388.0 2.0 386.0
2.0 386.0 2.0 388.0 4.0 388.0 4.0 386.0
4.0 386.0 4.0 388.0 6.0 388.0 6.0 386.0
6.0 386.0 6.0 388.0 8.0 388.0 8.0 386.0
8.0 386.0 8.0 388.0 10.0 388.0 10.0 386.0
10.0 386.0 10.0 388.0 12.0 388.0 12.0 386.0
12.0 386.0 12.0 388.0 14.0 388.0 14.0 386.0
14.0 386.0 14.0 388.0 16.0 388.0 16.0 386.0
16.0 386.0 16.0 388.0 18.0 388.0 18.0 386.0
18.0 386.0 18.0 388.0 20.0 388.0 20.0 386.0
20.0 386.0 20.0 388.0 22.0 388.0 22.0 386.0
22.0 386.0 22.0 388.0 24.0 388.0 24.0 386.0
24.0 386.0 24.0 388.0 26.0 388.0 26.0 386.0
26.0 386.0 26.0 388.0 28.0 388.0 28.0 386.0
28.0 386.0 28.0 388.0 30.0 388.0 30.0 386.0
30.0 386.0 30.0 388.0 32.0 388.0 32.0 386.0
32.0 386.0 32.0 388.0 34.0 388.0 34.0 386.0
34.0 386.0 34.0 388.0 36.0 388.0 36.0 386.0
36.0 386.0 36.0 388.0 38.0 388.0 38.0 386.0
38.0 386.0 38.0 388.0 40.0 388.0 40.0 386.0
40.0 386.0 40.0 388.0 42.0 388.0 42.0 386.0
42.0 386.0 42.0 388.0 44.0 388.0 44.0 386.0
44.0 386.0 44.0 388.0 46.0 388.0 46.0 386.0
46.0 386.0 46.0 388.0 48.0 388.0 48.0 386.0
48.0 386.0 48.0 388.0 50.0 388.0 50.0 386.0
50.0 386.0 50.0 388.0 52.0 388.0 52.0 386.0
52.0 386.0 52.0 388.0 54.0 388.0 54.0 386.0
54.0 386.0 54.0 388.0 56.0 388.0 56.0 386.0
56.0 386.0 56.0 388.0 58.0 388.0 58.0 386.0
58.0 386.0 58.0 388.0 60.0 388.0 60.0 386.0
60.0 386.0 60.0 388.0 62.0 388.0 62.0 386.0
62.0 386.0 62.0 388.0 64.0 388.0 64.0 386.0
64.0 386.0 64.0 388.0 66.0 388.0 66.0 386.0
66.0 386.0 66.0 388.0 68.0 388.0 68.0 386.0
68.0 386.0 68.0 388.0 70.0 388.0 70.0 386.0
70.0 386.0 70.0 388.0 72.0 388.0 72.0 386.0
72.0 386.0 72.0 388.0 74.0 388.0 74.0 386.0
456.0 386.0 456.0 388.0 458.0 388.0 458.0 386.0
458.0 386.0 458.0 388.0 460.0 388.0 460.0 386.0
460.0 386.0 460.0 388.0 462.0 388.0 462.0 386.0
462.0 386.0 462.0 388.0 464.0 388.0 464.0 386.0
464.0 386.0 464.0 388.0 466.0 388.0 466.0 386.0
466.0 386.0 466.0 388.0 468.0 388.0 468.0 386.0
468.0 386.0 468.0 388.0 470.0 388.0 470.0 386.0
470.0 386.0 470.0 388.0 472.0 388.0 472.0 386.0
472.0 386.0 472.0 388.0 474.0 388.0 474.0 386.0
474.0 386.0 474.0 388.0 476.0 388.0 476.0 386.0
476.0 386.0 476.0 388.0 478.0 388.0 478.0 386.0
478.0 386.0 478.0 388.0 480.0 388.0 480.0 386.0
480.0 386.0 480.0 388.0 482.0 388.0 482.0 386.0
482.0 386.0 482.0 388.0 484.0 388.0 484.0 386.0
484.0 386.0 484.0 388.0 486.0 388.0 486.0 386.0
486.0 386.0 486.0 388.0 488.0 388.0 488.0 386.0
488.0 386.0 488.0 388.0 490.0 388.0 490.0 386.0
490.0 386.0 490.0 388.0 492.0 388.0 492.0 386.0
492.0 386.0 492.0 388.0 494.0 388.0 494.0 386.0
494.0 386.0 494.0 388.0 496.0 388.0 496.0 386.0
496.0 386.0 496.0 388.0 498.0 388.0 498.0 386.0
498.0 386.0 498.0 388.0 500.0 388.0 500.0 386.0
500.0 386.0 500.0 388.0 502.0 388.0 502.0 386.0
502.0 386.0 502.0 388.0 504.0 388.0 504.0 386.0
504.0 386.0 504.0 388.0 506.0 388.0 506.0 386.0
506.0 386.0 506.0 388.0 508.0 388.0 508.0 386.0
508.0 386.0 508.0 388.0 510.0 388.0 510.0 386.0
510.0 386.0 510.0 388.0 512.0 388.0 512.0 386.0
0.0 388.0 0.0 390.0 2.0 390.0 2.0 388.0
2.0 388.0 2.0 390.0 4.0 390.0 4.0 388.0
4.0 388.0 4.0 390.0 6.0 390.0 6.0 388.0
6.0 388.0 6.0 390.0 8.0 390.0 8.0 388.0
8.0 388.0 8.0 390.0 10.0 390.0 10.0 388.0
10.0 388.0 10.0 390.0 12.0 390.0 12.0 388.0
12.0 388.0 12.0 390.0 14.0 390.0 14.0 388.0
14.0 388.0 14.0 390.0 16.0 390.0 16.0 388.0
16.0 388.0 16.0 390.0 18.0 390.0 18.0 388.0
18.0 388.0 18.0 390.0 20.0 390.0 20.0 388.0
20.0 388.0 20.0 390.0 22.0 390.0 22.0 388.0
22.0 388.0 22.0 390.0 24.0 390.0 24.0 388.0
24.0 388.0 24.0 390.0 26.0 390.0 26.0 388.0
26.0 388.0 26.0 390.0 28.0 390.0 28.0 388.0
28.0 388.0 28.0 390.0 30.0 390.0 30.0 388.0
30.0 388.0 30.0 390.0 32.0 390.0 32.0 388.0
32.0 388.0 32.0 390.0 34.0 390.0 34.0 388.0
34.0 388.0 34.0 390.0 36.0 390.0 36.0 388.0
36.0 388.0 36.0 390.0 38.0 390.0 38.0 388.0
38.0 388.0 38.0 390.0 40.0 390.0 40.0 388.0
40.0 388.0 40.0 390.0 42.0 390.0 42.0 388.0
42.0 388.0 42.0 390.0 44.0 390.0 44.0 388.0
44.0 388.0 44.0 390.0 46.0 390.0 46.0 388.0
46.0 388.0 46.0 390.0 48.0 390.0 48.0 388.0
48.0 388.0 48.0 390.0 50.0 390.0 50.0 388.0
50.0 388.0 50.0 390.0 52.0 390.0 52.0 388.0
52.0 388.0 52.0 390.0 54.0 390.0 54.0 388.0
54.0 388.0 54.0 390.0 56.0 390.0 56.0 388.0
56.0 388.0 56.0 390.0 58.0 390.0 58.0 388.0
58.0 388.0 58.0 390.0 60.0 390.0 60.0 388.0
60.0 388.0 60.0 390.0 62.0 390.0 62.0 388.0
62.0 388.0 62.0 390.0 64.0 390.0 64.0 388.0
64.0 388.0 64.0 390.0 66.0 390.0 66.0 388.0
66.0 388.0 66.0 390.0 68.0 390.0 68.0 388.0
68.0 388.0 68.0 390.0 70.0 390.0 70.0 388.0
70.0 388.0 70.0 390.0 72.0 390.0 72.0 388.0
72.0 388.0 72.0 390.0 74.0 390.0 74.0 388.0
456.0 388.0 456.0 390.0 458.0 390.0 458.0 388.0
458.0 388.0 458.0 390.0 460.0 390.0 460.0 388.0
460.0 388.0 460.0 390.0 462.0 390.0 462.0 388.0
462.0 388.0 462.0 390.0 464.0 390.0 464.0 388.0
464.0 388.0 464.0 390.0 466.0 390.0 466.0 388.0
466.0 388.0 466.0 390.0 468.0 390.0 468.0 388.0
468.0 388.0 468.0 390.0 470.0 390.0 470.0 388.0
470.0 388.0 470.0 390.0 472.0 390.0 472.0 388.0
472.0 388.0 472.0 390.0 474.0 390.0 474.0 388.0
474.0 388.0 474.0 390.0 476.0 390.0 476.0 388.0
476.0 388.0 476.0 390.0 478.0 390.0 478.0 388.0
478.0 388.0 478.0 390.0 480.0 390.0 480.0 388.0
480.0 388.0 480.0 390.0 482.0 390.0 482.0 388.0
482.0 388.0 482.0 390.0 484.0 390.0 484.0 388.0
484.0 388.0 484.0 390.0 486.0 390.0 486.0 388.0
486.0 388.0 486.0 390.0 488.0 390.0 488.0 388.0
488.0 388.0 488.0 390.0 490.0 390.0 490.0 388.0
490.0 388.0 490.0 390.0 492.0 390.0 492.0 388.0
492.0 388.0 492.0 390.0 494.0 390.0 494.0 388.0
494.0 388.0 494.0 390.0 496.0 390.0 496.0 388.0
496.0 388.0 496.0 390.0 498.0 390.0 498.0 388.0
498.0 388.0 498.0 390.0 500.0 390.0 500.0 388.0
500.0 388.0 500.0 390.0 502.0 390.0 502.0 388.0
502.0 388.0 502.0 390.0 504.0 390.0 504.0 388.0
504.0 388.0 504.0 390.0 506.0 390.0 506.0 388.0
506.0 388.0 506.0 390.0 508.0 390.0 508.0 388.0
508.0 388.0 508.0 390.0 510.0 390.0 510.0 388.0
510.0 388.0 510.0 390.0 512.0 390.0 512.0 388.0
0.0 390.0 0.0 392.0 2.0 392.0 2.0 390.0
2.0 390.0 2.0 392.0 4.0 392.0 4.0 390.0
4.0 390.0 4.0 392.0 6.0 392.0 6.0 390.0
6.0 390.0 6.0 392.0 8.0 392.0 8.0 390.0
8.0 390.0 8.0 392.0 10.0 392.0 10.0 390.0
10.0 390.0 10.0 392.0 12.0 392.0 12.0 390.0
12.0 390.0 12.0 392.0 14.0 392.0 14.0 390.0
14.0 390.0 14.0 392.0 16.0 392.0 16.0 390.0
16.0 390.0 16.0 392.0 18.0 392.0 18.0 390.0
18.0 390.0 18.0 392.0 20.0 392.0 20.0 390.0
20.0 390.0 20.0 392.0 22.0 392.0 22.0 390.0
22.0 390.0 22.0 392.0 24.0 392.0 24.0 390.0
24.0 390.0 24.0 392.0 26.0 392.0 26.0 390.0
26.0 390.0 26.0 392.0 28.0 392.0 28.0 390.0
28.0 390.0 28.0 392.0 30.0 392.0 30.0 390.0
30.0 390.0 30.0 392.0 32.0 392.0 32.0 390.0
32.0 390.0 32.0 392.0 34.0 392.0 34.0 390.0
34.0 390.0 34.0 392.0 36.0 392.0 36.0 390.0
36.0 390.0 36.0 392.0 38.0 392.0 38.0 390.0
38.0 390.0 38.0 392.0 40.0 392.0 40.0 390.0
40.0 390.0 40.0 392.0 42.0 392.0 42.0 390.0
42.0 390.0 42.0 392.0 44.0 392.0 44.0 390.0
44.0 390.0 44.0 392.0 46.0 392.0 46.0 390.0
46.0 390.0 46.0 392.0 48.0 392.0 48.0 390.0
48.0 390.0 48.0 392.0 50.0 392.0 50.0 390.0
50.0 390.0 50.0 392.0 52.0 392.0 52.0 390.0
52.0 390.0 52.0 392.0 54.0 392.0 54.0 390.0
54.0 390.0 54.0 392.0 56.0 392.0 56.0 390.0
56.0 390.0 56.0 392.0 58.0 392.0 58.0 390.0
58.0 390.0 58.0 392.0 60.0 392.0 60.0 390.0
60.0 390.0 60.0 392.0 62.0 392.0 62.0 390.0
62.0 390.0 62.0 392.0 64.0 392.0 64.0 390.0
64.0 390.0 64.0 392.0 66.0 392.0 66.0 390.0
66.0 390.0 66.0 392.0 68.0 392.0 68.0 390.0
68.0 390.0 68.0 392.0 70.0 392.0 70.0 390.0
70.0 390.0 70.0 392.0 72.0 392.0 72.0 390.0
72.0 390.0 72.0 392.0 74.0 392.0 74.0 390.0
456.0 390.0 456.0 392.0 458.0 392.0 458.0 390.0
458.0 390.0 458.0 392.0 460.0 392.0 460.0 390.0
460.0 390.0 460.0 392.0 462.0 392.0 462.0 390.0
462.0 390.0 462.0 392.0 464.0 392.0 464.0 390.0
464.0 390.0 464.0 392.0 466.0 392.0 466.0 390.0
466.0 390.0 466.0 392.0 468.0 392.0 468.0 390.0
468.0 390.0 468.0 392.0 470.0 392.0 470.0 390.0
470.0 390.0 470.0 392.0 472.0 392.0 472.0 390.0
472.0 390.0 472.0 392.0 474.0 392.0 474.0 390.0
474.0 390.0 474.0 392.0 476.0 392.0 476.0 390.0
476.0 390.0 476.0 392.0 478.0 392.0 478.0 390.0
478.0 390.0 478.0 392.0 480.0 392.0 480.0 390.0
480.0 390.0 480.0 392.0 482.0 392.0 482.0 390.0
482.0 390.0 482.0 392.0 484.0 392.0 484.0 390.0
484.0 390.0 484.0 392.0 486.0 392.0 486.0 390.0
486.0 390.0 486.0 392.0 488.0 392.0 488.0 390.0
488.0 390.0 488.0 392.0 490.0 392.0 490.0 390.0
490.0 390.0 490.0 392.0 492.0 392.0 492.0 390.0
492.0 390.0 492.0 392.0 494.0 392.0 494.0 390.0
494.0 390.0 494.0 392.0 496.0 392.0 496.0 390.0
496.0 390.0 496.0 392.0 498.0 392.0 498.0 390.0
498.0 390.0 498.0 392.0 500.0 392.0 500.0 390.0
500.0 390.0 500.0 392.0 502.0 392.0 502.0 390.0
502.0 390.0 502.0 392.0 504.0 392.0 504.0 390.0
504.0 390.0 504.0 392.0 506.0 392.0 506.0 390.0
506.0 390.0 506.0 392.0 508.0 392.0 508.0 390.0
508.0 390.0 508.0 392.0 510.0 392.0 510.0 390.0
510.0 390.0 510.0 392.0 512.0 392.0 512.0 390.0
0.0 392.0 0.0 394.0 2.0 394.0 2.0 392.0
2.0 392.0 2.0 394.0 4.0 394.0 4.0 392.0
4.0 392.0 4.0 394.0 6.0 394.0 6.0 392.0
6.0 392.0 6.0 394.0 8.0 394.0 8.0 392.0
8.0 392.0 8.0 394.0 10.0 394.0 10.0 392.0
10.0 392.0 10.0 394.0 12.0 394.0 12.0 392.0
12.0 392.0 12.0 394.0 14.0 394.0 14.0 392.0
14.0 392.0 14.0 394.0 16.0 394.0 16.0 392.0
16.0 392.0 16.0 394.0 18.0 394.0 18.0 392.0
18.0 392.0 18.0 394.0 20.0 394.0 20.0 392.0
20.0 392.0 20.0 394.0 22.0 394.0 22.0 392.0
22.0 392.0 22.0 394.0 24.0 394.0 24.0 392.0
24.0 392.0 24.0 394.0 26.0 394.0 26.0 392.0
26.0 392.0 26.0 394.0 28.0 394.0 28.0 392.0
28.0 392.0 28.0 394.0 30.0 394.0 30.0 392.0
30.0 392.0 30.0 394.0 32.0 394.0 32.0 392.0
32.0 392.0 32.0 394.0 34.0 394.0 34.0 392.0
34.0 392.0 34.0 394.0 36.0 394.0 36.0 392.0
36.0 392.0 36.0 394.0 38.0 394.0 38.0 392.0
38.0 392.0 38.0 394.0 40.0 394.0 40.0 392.0
40.0 392.0 40.0 394.0 42.0 394.0 42.0 392.0
42.0 392.0 42.0 394.0 44.0 394.0 44.0 392.0
44.0 392.0 44.0 394.0 46.0 394.0 46.0 392.0
46.0 392.0 46.0 394.0 48.0 394.0 48.0 392.0
48.0 392.0 48.0 394.0 50.0 394.0 50.0 392.0
50.0 392.0 50.0 394.0 52.0 394.0 52.0 392.0
52.0 392.0 52.0 394.0 54.0 394.0 54.0 392.0
54.0 392.0 54.0 394.0 56.0 394.0 56.0 392.0
56.0 392.0 56.0 394.0 58.0 394.0 58.0 392.0
58.0 392.0 58.0 394.0 60.0 394.0 60.0 392.0
60.0 392.0 60.0 394.0 62.0 394.0 62.0 392.0
62.0 392.0 62.0 394.0 64.0 394.0 64.0 392.0
64.0 392.0 64.0 394.0 66.0 394.0 66.0 392.0
66.0 392.0 66.0 394.0 68.0 394.0 68.0 392.0
68.0 392.0 68.0 394.0 70.0 394.0 70.0 392.0
70.0 392.0 70.0 394.0 72.0 394.0 72.0 392.0
72.0 392.0 72.0 394.0 74.0 394.0 74.0 392.0
456.0 392.0 456.0 394.0 458.0 394.0 458.0 392.0
458.0 392.0 458.0 394.0 460.0 394.0 460.0 392.0
460.0 392.0 460.0 394.0 462.0 394.0 462.0 392.0
462.0 392.0 462.0 394.0 464.0 394.0 464.0 392.0
464.0 392.0 464.0 394.0 466.0 394.0 466.0 392.0
466.0 392.0 466.0 394.0 468.0 394.0 468.0 392.0
468.0 392.0 468.0 394.0 470.0 394.0 470.0 392.0
470.0 392.0 470.0 394.0 472.0 394.0 472.0 392.0
472.0 392.0 472.0 394.0 474.0 394.0 474.0 392.0
474.0 392.0 474.0 394.0 476.0 394.0 476.0 392.0
476.0 392.0 476.0 394.0 478.0 394.0 478.0 392.0
478.0 392.0 478.0 394.0 480.0 394.0 480.0 392.0
480.0 392.0 480.0 394.0 482.0 394.0 482.0 392.0
482.0 392.0 482.0 394.0 484.0 394.0 484.0 392.0
484.0 392.0 484.0 394.0 486.0 394.0 486.0 392.0
486.0 392.0 486.0 394.0 488.0 394.0 488.0 392.0
488.0 392.0 488.0 394.0 490.0 394.0 490.0 392.0
490.0 392.0 490.0 394.0 492.0 394.0 492.0 392.0
492.0 392.0 492.0 394.0 494.0 394.0 494.0 392.0
494.0 392.0 494.0 394.0 496.0 394.0 496.0 392.0
496.0 392.0 496.0 394.0 498.0 394.0 498.0 392.0
498.0 392.0 498.0 394.0 500.0 394.0 500.0 392.0
500.0 392.0 500.0 394.0 502.0 394.0 502.0 392.0
502.0 392.0 502.0 394.0 504.0 394.0 504.0 392.0
504.0 392.0 504.0 394.0 506.0 394.0 506.0 392.0
506.0 392.0 506.0 394.0 508.0 394.0 508.0 392.0
508.0 392.0 508.0 394.0 510.0 394.0 510.0 392.0
510.0 392.0 510.0 394.0 512.0 394.0 512.0 392.0
0.0 394.0 0.0 396.0 2.0 396.0 2.0 394.0
2.0 394.0 2.0 396.0 4.0 396.0 4.0 394.0
4.0 394.0 4.0 396.0 6.0 396.0 6.0 394.0
6.0 394.0 6.0 396.0 8.0 396.0 8.0 394.0
8.0 394.0 8.0 396.0 10.0 396.0 10.0 394.0
10.0 394.0 10.0 396.0 12.0 396.0 12.0 394.0
12.0 394.0 12.0 396.0 14.0 396.0 14.0 394.0
14.0 394.0 14.0 396.0 16.0 396.0 16.0 394.0
16.0 394.0 16.0 396.0 18.0 396.0 18.0 394.0
18.0 394.0 18.0 396.0 20.0 396.0 20.0 394.0
20.0 394.0 20.0 396.0 22.0 396.0 22.0 394.0
22.0 394.0 22.0 396.0 24.0 396.0 24.0 394.0
24.0 394.0 24.0 396.0 26.0 396.0 26.0 394.0
26.0 394.0 26.0 396.0 28.0 396.0 28.0 394.0
28.0 394.0 28.0 396.0 30.0 396.0 30.0 394.0
30.0 394.0 30.0 396.0 32.0 396.0 32.0 394.0
32.0 394.0 32.0 396.0 34.0 396.0 34.0 394.0
34.0 394.0 34.0 396.0 36.0 396.0 36.0 394.0
36.0 394.0 36.0 396.0 38.0 396.0 38.0 394.0
38.0 394.0 38.0 396.0 40.0 396.0 40.0 394.0
40.0 394.0 40.0 396.0 42.0 396.0 42.0 394.0
42.0 394.0 42.0 396.0 44.0 396.0 44.0 394.0
44.0 394.0 44.0 396.0 46.0 396.0 46.0 394.0
46.0 394.0 46.0 396.0 48.0 396.0 48.0 394.0
48.0 394.0 48.0 396.0 50.0 396.0 50.0 394.0
50.0 394.0 50.0 396.0 52.0 396.0 52.0 394.0
52.0 394.0 52.0 396.0 54.0 396.0 54.0 394.0
54.0 394.0 54.0 396.0 56.0 396.0 56.0 394.0
56.0 394.0 56.0 396.0 58.0 396.0 58.0 394.0
58.0 394.0 58.0 396.0 60.0 396.0 60.0 394.0
60.0 394.0 60.0 396.0 62.0 396.0 62.0 394.0
62.0 394.0 62.0 396.0 64.0 396.0 64.0 394.0
64.0 394.0 64.0 396.0 66.0 396.0 66.0 394.0
66.0 394.0 66.0 396.0 68.0 396.0 68.0 394.0
68.0 394.0 68.0 396.0 70.0 396.0 70.0 394.0
70.0 394.0 70.0 396.0 72.0 396.0 72.0 394.0
456.0 394.0 456.0 396.0 458.0 396.0 458.0 394.0
458.0 394.0 458.0 396.0 460.0 396.0 460.0 394.0
460.0 394.0 460.0 396.0 462.0 396.0 462.0 394.0
462.0 394.0 462.0 396.0 464.0 396.0 464.0 394.0
464.0 394.0 464.0 396.0 466.0 396.0 466.0 394.0
466.0 394.0 466.0 396.0 468.0 396.0 468.0 394.0
468.0 394.0 468.0 396.0 470.0 396.0 470.0 394.0
470.0 394.0 470.0 396.0 472.0 396.0 472.0 394.0
472.0 394.0 472.0 396.0 474.0 396.0 474.0 394.0
474.0 394.0 474.0 396.0 476.0 396.0 476.0 394.0
476.0 394.0 476.0 396.0 478.0 396.0 478.0 394.0
478.0 394.0 478.0 396.0 480.0 396.0 480.0 394.0
480.0 394.0 480.0 396.0 482.0 396.0 482.0 394.0
482.0 394.0 482.0 396.0 484.0 396.0 484.0 394.0
484.0 394.0 484.0 396.0 486.0 396.0 486.0 394.0
486.0 394.0 486.0 396.0 488.0 396.0 488.0 394.0
488.0 394.0 488.0 396.0 490.0 396.0 490.0 394.0
490.0 394.0 490.0 396.0 492.0 396.0 492.0 394.0
492.0 394.0 492.0 396.0 494.0 396.0 494.0 394.0
494.0 394.0 494.0 396.0 496.0 396.0 496.0 394.0
496.0 394.0 496.0 396.0 498.0 396.0 498.0 394.0
498.0 394.0 498.0 396.0 500.0 396.0 500.0 394.0
500.0 394.0 500.0 396.0 502.0 396.0 502.0 394.0
502.0 394.0 502.0 396.0 504.0 396.0 504.0 394.0
504.0 394.0 504.0 396.0 506.0 396.0 506.0 394.0
506.0 394.0 506.0 396.0 508.0 396.0 508.0 394.0
508.0 394.0 508.0 396.0 510.0 396.0 510.0 394.0
510.0 394.0 510.0 396.0 512.0 396.0 512.0 394.0
0.0 396.0 0.0 398.0 2.0 398.0 2.0 396.0
2.0 396.0 2.0 398.0 4.0 398.0 4.0 396.0
4.0 396.0 4.0 398.0 6.0 398.0 6.0 396.0
6.0 396.0 6.0 398.0 8.0 398.0 8.0 396.0
8.0 396.0 8.0 398.0 10.0 398.0 10.0 396.0
10.0 396.0 10.0 398.0 12.0 398.0 12.0 396.0
12.0 396.0 12.0 398.0 14.0 398.0 14.0 396.0
14.0 396.0 14.0 398.0 16.0 398.0 16.0 396.0
16.0 396.0 16.0 398.0 18.0 398.0 18.0 396.0
18.0 396.0 18.0 398.0 20.0 398.0 20.0 396.0
20.0 396.0 20.0 398.0 22.0 398.0 22.0 396.0
22.0 396.0 22.0 398.0 24.0 398.0 24.0 396.0
24.0 396.0 24.0 398.0 26.0 398.0 26.0 396.0
26.0 396.0 26.0 398.0 28.0 398.0 28.0 396.0
28.0 396.0 28.0 398.0 30.0 398.0 30.0 396.0
30.0 396.0 30.0 398.0 32.0 398.0 32.0 396.0
32.0 396.0 32.0 398.0 34.0 398.0 34.0 396.0
34.0 396.0 34.0 398.0 36.0 398.0 36.0 396.0
36.0 396.0 36.0 398.0 38.0 398.0 38.0 396.0
38.0 396.0 38.0 398.0 40.0 398.0 40.0 396.0
40.0 396.0 40.0 398.0 42.0 398.0 42.0 396.0
42.0 396.0 42.0 398.0 44.0 398.0 44.0 396.0
44.0 396.0 44.0 398.0 46.0 398.0 46.0 396.0
46.0 396.0 46.0 398.0 48.0 398.0 48.0 396.0
48.0 396.0 48.0 398.0 50.0 398.0 50.0 396.0
50.0 396.0 50.0 398.0 52.0 398.0 52.0 396.0
52.0 396.0 52.0 398.0 54.0 398.0 54.0 396.0
54.0 396.0 54.0 398.0 56.0 398.0 56.0 396.0
56.0 396.0 56.0 398.0 58.0 398.0 58.0 396.0
58.0 396.0 58.0 398.0 60.0 398.0 60.0 396.0
60.0 396.0 60.0 398.0 62.0 398.0 62.0 396.0
62.0 396.0 62.0 398.0 64.0 398.0 64.0 396.0
64.0 396.0 64.0 398.0 66.0 398.0 66.0 396.0
66.0 396.0 66.0 398.0 68.0 398.0 68.0 396.0
68.0 396.0 68.0 398.0 70.0 398.0 70.0 396.0
70.0 396.0 70.0 398.0 72.0 398.0 72.0 396.0
456.0 396.0 456.0 398.0 458.0 398.0 458.0 396.0
458.0 396.0 458.0 398.0 460.0 398.0 460.0 396.0
460.0 396.0 460.0 398.0 462.0 398.0 462.0 396.0
462.0 396.0 462.0 398.0 464.0 398.0 464.0 396.0
464.0 396.0 464.0 398.0 466.0 398.0 466.0 396.0
466.0 396.0 466.0 398.0 468.0 398.0 468.0 396.0
468.0 396.0 468.0 398.0 470.0 398.0 470.0 396.0
470.0 396.0 470.0 398.0 472.0 398.0 472.0 396.0
472.0 396.0 472.0 398.0 474.0 398.0 474.0 396.0
474.0 396.0 474.0 398.0 476.0 398.0 476.0 396.0
476.0 396.0 476.0 398.0 478.0 398.0 478.0 396.0
478.0 396.0 478.0 398.0 480.0 398.0 480.0 396.0
480.0 396.0 480.0 398.0 482.0 398.0 482.0 396.0
482.0 396.0 482.0 398.0 484.0 398.0 484.0 396.0
484.0 396.0 484.0 398.0 486.0 398.0 486.0 396.0
486.0 396.0 486.0 398.0 488.0 398.0 488.0 396.0
488.0 396.0 488.0 398.0 490.0 398.0 490.0 396.0
490.0 396.0 490.0 398.0 492.0 398.0 492.0 396.0
492.0 396.0 492.0 398.0 494.0 398.0 494.0 396.0
494.0 396.0 494.0 398.0 496.0 398.0 496.0 396.0
496.0 396.0 496.0 398.0 498.0 398.0 498.0 396.0
498.0 396.0 498.0 398.0 500.0 398.0 500.0 396.0
500.0 396.0 500.0 398.0 502.0 398.0 502.0 396.0
502.0 396.0 502.0 398.0 504.0 398.0 504.0 396.0
504.0 396.0 504.0 398.0 506.0 398.0 506.0 396.0
506.0 396.0 506.0 398.0 508.0 398.0 508.0 396.0
508.0 396.0 508.0 398.0 510.0 398.0 510.0 396.0
510.0 396.0 510.0 398.0 512.0 398.0 512.0 396.0
0.0 398.0 0.0 400.0 2.0 400.0 2.0 398.0
2.0 398.0 2.0 400.0 4.0 400.0 4.0 398.0
4.0 398.0 4.0 400.0 6.0 400.0 6.0 398.0
6.0 398.0 6.0 400.0 8.0 400.0 8.0 398.0
8.0 398.0 8.0 400.0 10.0 400.0 10.0 398.0
10.0 398.0 10.0 400.0 12.0 400.0 12.0 398.0
12.0 398.0 12.0 400.0 14.0 400.0 14.0 398.0
14.0 398.0 14.0 400.0 16.0 400.0 16.0 398.0
16.0 398.0 16.0 400.0 18.0 400.0 18.0 398.0
18.0 398.0 18.0 400.0 20.0 400.0 20.0 398.0
20.0 398.0 20.0 400.0 22.0 400.0 22.0 398.0
22.0 398.0 22.0 400.0 24.0 400.0 24.0 398.0
24.0 398.0 24.0 400.0 26.0 400.0 26.0 398.0
26.0 398.0 26.0 400.0 28.0 400.0 28.0 398.0
28.0 398.0 28.0 400.0 30.0 400.0 30.0 398.0
30.0 398.0 30.0 400.0 32.0 400.0 32.0 398.0
32.0 398.0 32.0 400.0 34.0 400.0 34.0 398.0
34.0 398.0 34.0 400.0 36.0 400.0 36.0 398.0
36.0 398.0 36.0 400.0 38.0 400.0 38.0 398.0
38.0 398.0 38.0 400.0 40.0 400.0 40.0 398.0
40.0 398.0 40.0 400.0 42.0 400.0 42.0 398.0
42.0 398.0 42.0 400.0 44.0 400.0 44.0 398.0
44.0 398.0 44.0 400.0 46.0 400.0 46.0 398.0
46.0 398.0 46.0 400.0 48.0 400.0 48.0 398.0
48.0 398.0 48.0 400.0 50.0 400.0 50.0 398.0
50.0 398.0 50.0 400.0 52.0 400.0 52.0 398.0
52.0 398.0 52.0 400.0 54.0 400.0 54.0 398.0
54.0 398.0 54.0 400.0 56.0 400.0 56.0 398.0
56.0 398.0 56.0 400.0 58.0 400.0 58.0 398.0
58.0 398.0 58.0 400.0 60.0 400.0 60.0 398.0
60.0 398.0 60.0 400.0 62.0 400.0 62.0 398.0
62.0 398.0 62.0 400.0 64.0 400.0 64.0 398.0
64.0 398.0 64.0 400.0 66.0 400.0 66.0 398.0
66.0 398.0 66.0 400.0 68.0 400.0 68.0 398.0
68.0 398.0 68.0 400.0 70.0 400.0 70.0 398.0
70.0 398.0 70.0 400.0 72.0 400.0 72.0 398.0
456.0 398.0 456.0 400.0 458.0 400.0 458.0 398.0
458.0 398.0 458.0 400.0 460.0 400.0 460.0 398.0
460.0 398.0 460.0 400.0 462.0 400.0 462.0 398.0
462.0 398.0 462.0 400.0 464.0 400.0 464.0 398.0
464.0 398.0 464.0 400.0 466.0 400.0 466.0 398.0
466.0 398.0 466.0 400.0 468.0 400.0 468.0 398.0
468.0 398.0 468.0 400.0 470.0 400.0 470.0 398.0
470.0 398.0 470.0 400.0 472.0 400.0 472.0 398.0
472.0 398.0 472.0 400.0 474.0 400.0 474.0 398.0
474.0 398.0 474.0 400.0 476.0 400.0 476.0 398.0
476.0 398.0 476.0 400.0 478.0 400.0 478.0 398.0
478.0 398.0 478.0 400.0 480.0 400.0 480.0 398.0
480.0 398.0 480.0 400.0 482.0 400.0 482.0 398.0
482.0 398.0 482.0 400.0 484.0 400.0 484.0 398.0
484.0 398.0 484.0 400.0 486.0 400.0 486.0 398.0
486.0 398.0 486.0 400.0 488.0 400.0 488.0 398.0
488.0 398.0 488.0 400.0 490.0 400.0 490.0 398.0
490.0 398.0 490.0 400.0 492.0 400.0 492.0 398.0
492.0 398.0 492.0 400.0 494.0 400.0 494.0 398.0
494.0 398.0 494.0 400.0 496.0 400.0 496.0 398.0
496.0 398.0 496.0 400.0 498.0 400.0 498.0 398.0
498.0 398.0 498.0 400.0 500.0 400.0 500.0 398.0
500.0 398.0 500.0 400.0 502.0 400.0 502.0 398.0
502.0 398.0 502.0 400.0 504.0 400.0 504.0 398.0
504.0 398.0 504.0 400.0 506.0 400.0 506.0 398.0
506.0 398.0 506.0 400.0 508.0 400.0 508.0 398.0
508.0 398.0 508.0 400.0 510.0 400.0 510.0 398.0
510.0 398.0 510.0 400.0 512.0 400.0 512.0 398.0
0.0 400.0 0.0 402.0 2.0 402.0 2.0 400.0
2.0 400.0 2.0 402.0 4.0 402.0 4.0 400.0
4.0 400.0 4.0 402.0 6.0 402.0 6.0 400.0
6.0 400.0 6.0 402.0 8.0 402.0 8.0 400.0
8.0 400.0 8.0 402.0 10.0 402.0 10.0 400.0
10.0 400.0 10.0 402.0 12.0 402.0 12.0 400.0
12.0 400.0 12.0 402.0 14.0 402.0 14.0 400.0
14.0 400.0 14.0 402.0 16.0 402.0 16.0 400.0
16.0 400.0 16.0 402.0 18.0 402.0 18.0 400.0
18.0 400.0 18.0 402.0 20.0 402.0 20.0 400.0
20.0 400.0 20.0 402.0 22.0 402.0 22.0 400.0
22.0 400.0 22.0 402.0 24.0 402.0 24.0 400.0
24.0 400.0 24.0 402.0 26.0 402.0 26.0 400.0
26.0 400.0 26.0 402.0 28.0 402.0 28.0 400.0
28.0 400.0 28.0 402.0 30.0 402.0 30.0 400.0
30.0 400.0 30.0 402.0 32.0 402.0 32.0 400.0
32.0 400.0 32.0 402.0 34.0 402.0 34.0 400.0
34.0 400.0 34.0 402.0 36.0 402.0 36.0 400.0
36.0 400.0 36.0 402.0 38.0 402.0 38.0 400.0
38.0 400.0 38.0 402.0 40.0 402.0 40.0 400.0
40.0 400.0 40.0 402.0 42.0 402.0 42.0 400.0
42.0 400.0 42.0 402.0 44.0 402.0 44.0 400.0
44.0 400.0 44.0 402.0 46.0 402.0 46.0 400.0
46.0 400.0 46.0 402.0 48.0 402.0 48.0 400.0
48.0 400.0 48.0 402.0 50.0 402.0 50.0 400.0
50.0 400.0 50.0 402.0 52.0 402.0 52.0 400.0
52.0 400.0 52.0 402.0 54.0 402.0 54.0 400.0
54.0 400.0 54.0 402.0 56.0 402.0 56.0 400.0
56.0 400.0 56.0 402.0 58.0 402.0 58.0 400.0
58.0 400.0 58.0 402.0 60.0 402.0 60.0 400.0
60.0 400.0 60.0 402.0 62.0 402.0 62.0 400.0
62.0 400.0 62.0 402.0 64.0 402.0 64.0 400.0
64.0 400.0 64.0 402.0 66.0 402.0 66.0 400.0
66.0 400.0 66.0 402.0 68.0 402.0 68.0 400.0
68.0 400.0 68.0 402.0 70.0 402.0 70.0 400.0
456.0 400.0 456.0 402.0 458.0 402.0 458.0 400.0
458.0 400.0 458.0 402.0 460.0 402.0 460.0 400.0
460.0 400.0 460.0 402.0 462.0 402.0 462.0 400.0
462.0 400.0 462.0 402.0 464.0 402.0 464.0 400.0
464.0 400.0 464.0 402.0 466.0 402.0 466.0 400.0
466.0 400.0 466.0 402.0 468.0 402.0 468.0 400.0
468.0 400.0 468.0 402.0 470.0 402.0 470.0 400.0
470.0 400.0 470.0 402.0 472.0 402.0 472.0 400.0
472.0 400.0 472.0 402.0 474.0 402.0 474.0 400.0
474.0 400.0 474.0 402.0 476.0 402.0 476.0 400.0
476.0 400.0 476.0 402.0 478.0 402.0 478.0 400.0
478.0 400.0 478.0 402.0 480.0 402.0 480.0 400.0
480.0 400.0 480.0 402.0 482.0 402.0 482.0 400.0
482.0 400.0 482.0 402.0 484.0 402.0 484.0 400.0
484.0 400.0 484.0 402.0 486.0 402.0 486.0 400.0
486.0 400.0 486.0 402.0 488.0 402.0 488.0 400.0
488.0 400.0 488.0 402.0 490.0 402.0 490.0 400.0
490.0 400.0 490.0 402.0 492.0 402.0 492.0 400.0
492.0 400.0 492.0 402.0 494.0 402.0 494.0 400.0
494.0 400.0 494.0 402.0 496.0 402.0 496.0 400.0
496.0 400.0 496.0 402.0 498.0 402.0 498.0 400.0
498.0 400.0 498.0 402.0 500.0 402.0 500.0 400.0
500.0 400.0 500.0 402.0 502.0 402.0 502.0 400.0
502.0 400.0 502.0 402.0 504.0 402.0 504.0 400.0
504.0 400.0 504.0 402.0 506.0 402.0 506.0 400.0
506.0 400.0 506.0 402.0 508.0 402.0 508.0 400.0
508.0 400.0 508.0 402.0 510.0 402.0 510.0 400.0
510.0 400.0 510.0 402.0 512.0 402.0 512.0 400.0
0.0 402.0 0.0 404.0 2.0 404.0 2.0 402.0
2.0 402.0 2.0 404.0 4.0 404.0 4.0 402.0
4.0 402.0 4.0 404.0 6.0 404.0 6.0 402.0
6.0 402.0 6.0 404.0 8.0 404.0 8.0 402.0
8.0 402.0 8.0 404.0 10.0 404.0 10.0 402.0
10.0 402.0 10.0 404.0 12.0 404.0 12.0 402.0
12.0 402.0 12.0 404.0 14.0 404.0 14.0 402.0
14.0 402.0 14.0 404.0 16.0 404.0 16.0 402.0
16.0 402.0 16.0 404.0 18.0 404.0 18.0 402.0
18.0 402.0 18.0 404.0 20.0 404.0 20.0 402.0
20.0 402.0 20.0 404.0 22.0 404.0 22.0 402.0
22.0 402.0 22.0 404.0 24.0 404.0 24.0 402.0
24.0 402.0 24.0 404.0 26.0 404.0 26.0 402.0
26.0 402.0 26.0 404.0 28.0 404.0 28.0 402.0
28.0 402.0 28.0 404.0 30.0 404.0 30.0 402.0
30.0 402.0 30.0 404.0 32.0 404.0 32.0 402.0
32.0 402.0 32.0 404.0 34.0 404.0 34.0 402.0
34.0 402.0 34.0 404.0 36.0 404.0 36.0 402.0
36.0 402.0 36.0 404.0 38.0 404.0 38.0 402.0
38.0 402.0 38.0 404.0 40.0 404.0 40.0 402.0
40.0 402.0 40.0 404.0 42.0 404.0 42.0 402.0
42.0 402.0 42.0 404.0 44.0 404.0 44.0 402.0
44.0 402.0 44.0 404.0 46.0 404.0 46.0 402.0
46.0 402.0 46.0 404.0 48.0 404.0 48.0 402.0
48.0 402.0 48.0 404.0 50.0 404.0 50.0 402.0
50.0 402.0 50.0 404.0 52.0 404.0 52.0 402.0
52.0 402.0 52.0 404.0 54.0 404.0 54.0 402.0
54.0 402.0 54.0 404.0 56.0 404.0 56.0 402.0
56.0 402.0 56.0 404.0 58.0 404.0 58.0 402.0
58.0 402.0 58.0 404.0 60.0 404.0 60.0 402.0
60.0 402.0 60.0 404.0 62.0 404.0 62.0 402.0
62.0 402.0 62.0 404.0 64.0 404.0 64.0 402.0
64.0 402.0 64.0 404.0 66.0 404.0 66.0 402.0
66.0 402.0 66.0 404.0 68.0 404.0 68.0 402.0
68.0 402.0 68.0 404.0 70.0 404.0 70.0 402.0
456.0 402.0 456.0 404.0 458.0 404.0 458.0 402.0
458.0 402.0 458.0 404.0 460.0 404.0 460.0 402.0
460.0 402.0 460.0 404.0 462.0 404.0 462.0 402.0
462.0 402.0 462.0 404.0 464.0 404.0 464.0 402.0
464.0 402.0 464.0 404.0 466.0 404.0 466.0 402.0
466.0 402.0 466.0 404.0 468.0 404.0 468.0 402.0
468.0 402.0 468.0 404.0 470.0 404.0 470.0 402.0
470.0 402.0 470.0 404.0 472.0 404.0 472.0 402.0
472.0 402.0 472.0 404.0 474.0 404.0 474.0 402.0
474.0 402.0 474.0 404.0 476.0 404.0 476.0 402.0
476.0 402.0 476.0 404.0 478.0 404.0 478.0 402.0
478.0 402.0 478.0 404.0 480.0 404.0 480.0 402.0
480.0 402.0 480.0 404.0 482.0 404.0 482.0 402.0
482.0 402.0 482.0 404.0 484.0 404.0 484.0 402.0
484.0 402.0 484.0 404.0 486.0 404.0 486.0 402.0
486.0 402.0 486.0 404.0 488.0 404.0 488.0 402.0
488.0 402.0 488.0 404.0 490.0 404.0 490.0 402.0
490.0 402.0 490.0 404.0 492.0 404.0 492.0 402.0
492.0 402.0 492.0 404.0 494.0 404.0 494.0 402.0
494.0 402.0 494.0 404.0 496.0 404.0 496.0 402.0
496.0 402.0 496.0 404.0 498.0 404.0 498.0 402.0
498.0 402.0 498.0 404.0 500.0 404.0 500.0 402.0
500.0 402.0 500.0 404.0 502.0 404.0 502.0 402.0
502.0 402.0 502.0 404.0 504.0 404.0 504.0 402.0
504.0 402.0 504.0 404.0 506.0 404.0 506.0 402.0
506.0 402.0 506.0 404.0 508.0 404.0 508.0 402.0
508.0 402.0 508.0 404.0 510.0 404.0 510.0 402.0
510.0 402.0 510.0 404.0 512.0 404.0 512.0 402.0
0.0 404.0 0.0 406.0 2.0 406.0 2.0 404.0
2.0 404.0 2.0 406.0 4.0 406.0 4.0 404.0
4.0 404.0 4.0 406.0 6.0 406.0 6.0 404.0
6.0 404.0 6.0 406.0 8.0 406.0 8.0 404.0
8.0 404.0 8.0 406.0 10.0 406.0 10.0 404.0
10.0 404.0 10.0 406.0 12.0 406.0 12.0 404.0
12.0 404.0 12.0 406.0 14.0 406.0 14.0 404.0
14.0 404.0 14.0 406.0 16.0 406.0 16.0 404.0
16.0 404.0 16.0 406.0 18.0 406.0 18.0 404.0
18.0 404.0 18.0 406.0 20.0 406.0 20.0 404.0
20.0 404.0 20.0 406.0 22.0 406.0 22.0 404.0
22.0 404.0 22.0 406.0 24.0 406.0 24.0 404.0
24.0 404.0 24.0 406.0 26.0 406.0 26.0 404.0
26.0 404.0 26.0 406.0 28.0 406.0 28.0 404.0
28.0 404.0 28.0 406.0 30.0 406.0 30.0 404.0
30.0 404.0 30.0 406.0 32.0 406.0 32.0 404.0
32.0 404.0 32.0 406.0 34.0 406.0 34.0 404.0
34.0 404.0 34.0 406.0 36.0 406.0 36.0 404.0
36.0 404.0 36.0 406.0 38.0 406.0 38.0 404.0
38.0 404.0 38.0 406.0 40.0 406.0 40.0 404.0
40.0 404.0 40.0 406.0 42.0 406.0 42.0 404.0
42.0 404.0 42.0 406.0 44.0 406.0 44.0 404.0
44.0 404.0 44.0 406.0 46.0 406.0 46.0 404.0
46.0 404.0 46.0 406.0 48.0 406.0 48.0 404.0
48.0 404.0 48.0 406.0 50.0 406.0 50.0 404.0
50.0 404.0 50.0 406.0 52.0 406.0 52.0 404.0
52.0 404.0 52.0 406.0 54.0 406.0 54.0 404.0
54.0 404.0 54.0 406.0 56.0 406.0 56.0 404.0
56.0 404.0 56.0 406.0 58.0 406.0 58.0 404.0
58.0 404.0 58.0 406.0 60.0 406.0 60.0 404.0
60.0 404.0 60.0 406.0 62.0 406.0 62.0 404.0
62.0 404.0 62.0 406.0 64.0 406.0 64.0 404.0
64.0 404.0 64.0 406.0 66.0 406.0 66.0 404.0
66.0 404.0 66.0 406.0 68.0 406.0 68.0 404.0
68.0 404.0 68.0 406.0 70.0 406.0 70.0 404.0
456.0 404.0 456.0 406.0 458.0 406.0 458.0 404.0
458.0 404.0 458.0 406.0 460.0 406.0 460.0 404.0
460.0 404.0 460.0 406.0 462.0 406.0 462.0 404.0
462.0 404.0 462.0 406.0 464.0 406.0 464.0 404.0
464.0 404.0 464.0 406.0 466.0 406.0 466.0 404.0
466.0 404.0 466.0 406.0 468.0 406.0 468.0 404.0
468.0 404.0 468.0 406.0 470.0 406.0 470.0 404.0
470.0 404.0 470.0 406.0 472.0 406.0 472.0 404.0
472.0 404.0 472.0 406.0 474.0 406.0 474.0 404.0
474.0 404.0 474.0 406.0 476.0 406.0 476.0 404.0
476.0 404.0 476.0 406.0 478.0 406.0 478.0 404.0
478.0 404.0 478.0 406.0 480.0 406.0 480.0 404.0
480.0 404.0 480.0 406.0 482.0 406.0 482.0 404.0
482.0 404.0 482.0 406.0 484.0 406.0 484.0 404.0
484.0 404.0 484.0 406.0 486.0 406.0 486.0 404.0
486.0 404.0 486.0 406.0 488.0 406.0 488.0 404.0
488.0 404.0 488.0 406.0 490.0 406.0 490.0 404.0
490.0 404.0 490.0 406.0 492.0 406.0 492.0 404.0
492.0 404.0 492.0 406.0 494.0 406.0 494.0 404.0
494.0 404.0 494.0 406.0 496.0 406.0 496.0 404.0
496.0 404.0 496.0 406.0 498.0 406.0 498.0 404.0
498.0 404.0 498.0 406.0 500.0 406.0 500.0 404.0
500.0 404.0 500.0 406.0 502.0 406.0 502.0 404.0
502.0 404.0 502.0 406.0 504.0 406.0 504.0 404.0
504.0 404.0 504.0 406.0 506.0 406.0 506.0 404.0
506.0 404.0 506.0 406.0 508.0 406.0 508.0 404.0
508.0 404.0 508.0 406.0 510.0 406.0 510.0 404.0
510.0 404.0 510.0 406.0 512.0 406.0 512.0 404.0
0.0 406.0 0.0 408.0 2.0 408.0 2.0 406.0
2.0 406.0 2.0 408.0 4.0 408.0 4.0 406.0
4.0 406.0 4.0 408.0 6.0 408.0 6.0 406.0
6.0 406.0 6.0 408.0 8.0 408.0 8.0 406.0
8.0 406.0 8.0 408.0 10.0 408.0 10.0 406.0
10.0 406.0 10.0 408.0 12.0 408.0 12.0 406.0
12.0 406.0 12.0 408.0 14.0 408.0 14.0 406.0
14.0 406.0 14.0 408.0 16.0 408.0 16.0 406.0
16.0 406.0 16.0 408.0 18.0 408.0 18.0 406.0
18.0 406.0 18.0 408.0 20.0 408.0 20.0 406.0
20.0 406.0 20.0 408.0 22.0 408.0 22.0 406.0
22.0 406.0 22.0 408.0 24.0 408.0 24.0 406.0
24.0 406.0 24.0 408.0 26.0 408.0 26.0 406.0
26.0 406.0 26.0 408.0 28.0 408.0 28.0 406.0
28.0 406.0 28.0 408.0 30.0 408.0 30.0 406.0
30.0 406.0 30.0 408.0 32.0 408.0 32.0 406.0
32.0 406.0 32.0 408.0 34.0 408.0 34.0 406.0
34.0 406.0 34.0 408.0 36.0 408.0 36.0 406.0
36.0 406.0 36.0 408.0 38.0 408.0 38.0 406.0
38.0 406.0 38.0 408.0 40.0 408.0 40.0 406.0
40.0 406.0 40.0 408.0 42.0 408.0 42.0 406.0
42.0 406.0 42.0 408.0 44.0 408.0 44.0 406.0
44.0 406.0 44.0 408.0 46.0 408.0 46.0 406.0
46.0 406.0 46.0 408.0 48.0 408.0 48.0 406.0
48.0 406.0 48.0 408.0 50.0 408.0 50.0 406.0
50.0 406.0 50.0 408.0 52.0 408.0 52.0 406.0
52.0 406.0 52.0 408.0 54.0 408.0 54.0 406.0
54.0 406.0 54.0 408.0 56.0 408.0 56.0 406.0
56.0 406.0 56.0 408.0 58.0 408.0 58.0 406.0
58.0 406.0 58.0 408.0 60.0 408.0 60.0 406.0
60.0 406.0 60.0 408.0 62.0 408.0 62.0 406.0
62.0 406.0 62.0 408.0 64.0 408.0 64.0 406.0
64.0 406.0 64.0 408.0 66.0 408.0 66.0 406.0
66.0 406.0 66.0 408.0 68.0 408.0 68.0 406.0
456.0 406.0 456.0 408.0 458.0 408.0 458.0 406.0
458.0 406.0 458.0 408.0 460.0 408.0 460.0 406.0
460.0 406.0 460.0 408.0 462.0 408.0 462.0 406.0
462.0 406.0 462.0 408.0 464.0 408.0 464.0 406.0
464.0 406.0 464.0 408.0 466.0 408.0 466.0 406.0
466.0 406.0 466.0 408.0 468.0 408.0 468.0 406.0
468.0 406.0 468.0 408.0 470.0 408.0 470.0 406.0
470.0 406.0 470.0 408.0 472.0 408.0 472.0 406.0
472.0 406.0 472.0 408.0 474.0 408.0 474.0 406.0
474.0 406.0 474.0 408.0 476.0 408.0 476.0 406.0
476.0 406.0 476.0 408.0 478.0 408.0 478.0 406.0
478.0 406.0 478.0 408.0 480.0 408.0 480.0 406.0
480.0 406.0 480.0 408.0 482.0 408.0 482.0 406.0
482.0 406.0 482.0 408.0 484.0 408.0 484.0 406.0
484.0 406.0 484.0 408.0 486.0 408.0 486.0 406.0
486.0 406.0 486.0 408.0 488.0 408.0 488.0 406.0
488.0 406.0 488.0 408.0 490.0 408.0 490.0 406.0
490.0 406.0 490.0 408.0 492.0 408.0 492.0 406.0
492.0 406.0 492.0 408.0 494.0 408.0 494.0 406.0
494.0 406.0 494.0 408.0 496.0 408.0 496.0 406.0
496.0 406.0 496.0 408.0 498.0 408.0 498.0 406.0
498.0 406.0 498.0 408.0 500.0 408.0 500.0 406.0
500.0 406.0 500.0 408.0 502.0 408.0 502.0 406.0
502.0 406.0 502.0 408.0 504.0 408.0 504.0 406.0
504.0 406.0 504.0 408.0 506.0 408.0 506.0 406.0
506.0 406.0 506.0 408.0 508.0 408.0 508.0 406.0
508.0 406.0 508.0 408.0 510.0 408.0 510.0 406.0
510.0 406.0 510.0 408.0 512.0 408.0 512.0 406.0
0.0 408.0 0.0 410.0 2.0 410.0 2.0 408.0
2.0 408.0 2.0 410.0 4.0 410.0 4.0 408.0
4.0 408.0 4.0 410.0 6.0 410.0 6.0 408.0
6.0 408.0 6.0 410.0 8.0 410.0 8.0 408.0
8.0 408.0 8.0 410.0 10.0 410.0 10.0 408.0
10.0 408.0 10.0 410.0 12.0 410.0 12.0 408.0
12.0 408.0 12.0 410.0 14.0 410.0 14.0 408.0
14.0 408.0 14.0 410.0 16.0 410.0 16.0 408.0
16.0 408.0 16.0 410.0 18.0 410.0 18.0 408.0
18.0 408.0 18.0 410.0 20.0 410.0 20.0 408.0
20.0 408.0 20.0 410.0 22.0 410.0 22.0 408.0
22.0 408.0 22.0 410.0 24.0 410.0 24.0 408.0
24.0 408.0 24.0 410.0 26.0 410.0 26.0 408.0
26.0 408.0 26.0 410.0 28.0 410.0 28.0 408.0
28.0 408.0 28.0 410.0 30.0 410.0 30.0 408.0
30.0 408.0 30.0 410.0 32.0 410.0 32.0 408.0
32.0 408.0 32.0 410.0 34.0 410.0 34.0 408.0
34.0 408.0 34.0 410.0 36.0 410.0 36.0 408.0
36.0 408.0 36.0 410.0 38.0 410.0 38.0 408.0
38.0 408.0 38.0 410.0 40.0 410.0 40.0 408.0
40.0 408.0 40.0 410.0 42.0 410.0 42.0 408.0
42.0 408.0 42.0 410.0 44.0 410.0 44.0 408.0
44.0 408.0 44.0 410.0 46.0 410.0 46.0 408.0
46.0 408.0 46.0 410.0 48.0 410.0 48.0 408.0
48.0 408.0 48.0 410.0 50.0 410.0 50.0 408.0
50.0 408.0 50.0 410.0 52.0 410.0 52.0 408.0
52.0 408.0 52.0 410.0 54.0 410.0 54.0 408.0
54.0 408.0 54.0 410.0 56.0 410.0 56.0 408.0
56.0 408.0 56.0 410.0 58.0 410.0 58.0 408.0
58.0 408.0 58.0 410.0 60.0 410.0 60.0 408.0
60.0 408.0 60.0 410.0 62.0 410.0 62.0 408.0
62.0 408.0 62.0 410.0 64.0 410.0 64.0 408.0
64.0 408.0 64.0 410.0 66.0 410.0 66.0 408.0
66.0 408.0 66.0 410.0 68.0 410.0 68.0 408.0
454.0 408.0 454.0 410.0 456.0 410.0 456.0 408.0
456.0 408.0 456.0 410.0 458.0 410.0 458.0 408.0
458.0 408.0 458.0 410.0 460.0 410.0 460.0 408.0
460.0 408.0 460.0 410.0 462.0 410.0 462.0 408.0
462.0 408.0 462.0 410.0 464.0 410.0 464.0 408.0
464.0 408.0 464.0 410.0 466.0 410.0 466.0 408.0
466.0 408.0 466.0 410.0 468.0 410.0 468.0 408.0
468.0 408.0 468.0 410.0 470.0 410.0 470.0 408.0
470.0 408.0 470.0 410.0 472.0 410.0 472.0 408.0
472.0 408.0 472.0 410.0 474.0 410.0 474.0 408.0
474.0 408.0 474.0 410.0 476.0 410.0 476.0 408.0
476.0 408.0 476.0 410.0 478.0 410.0 478.0 408.0
478.0 408.0 478.0 410.0 480.0 410.0 480.0 408.0
480.0 408.0 480.0 410.0 482.0 410.0 482.0 408.0
482.0 408.0 482.0 410.0 484.0 410.0 484.0 408.0
484.0 408.0 484.0 410.0 486.0 410.0 486.0 408.0
486.0 408.0 486.0 410.0 488.0 410.0 488.0 408.0
488.0 408.0 488.0 410.0 490.0 410.0 490.0 408.0
490.0 408.0 490.0 410.0 492.0 410.0 492.0 408.0
492.0 408.0 492.0 410.0 494.0 410.0 494.0 408.0
494.0 408.0 494.0 410.0 496.0 410.0 496.0 408.0
496.0 408.0 496.0 410.0 498.0 410.0 498.0 408.0
498.0 408.0 498.0 410.0 500.0 410.0 500.0 408.0
500.0 408.0 500.0 410.0 502.0 410.0 502.0 408.0
502.0 408.0 502.0 410.0 504.0 410.0 504.0 408.0
504.0 408.0 504.0 410.0 506.0 410.0 506.0 408.0
506.0 408.0 506.0 410.0 508.0 410.0 508.0 408.0
508.0 408.0 508.0 410.0 510.0 410.0 510.0 408.0
510.0 408.0 510.0 410.0 512.0 410.0 512.0 408.0
0.0 410.0 0.0 412.0 2.0 412.0 2.0 410.0
2.0 410.0 2.0 412.0 4.0 412.0 4.0 410.0
4.0 410.0 4.0 412.0 6.0 412.0 6.0 410.0
6.0 410.0 6.0 412.0 8.0 412.0 8.0 410.0
8.0 410.0 8.0 412.0 10.0 412.0 10.0 410.0
10.0 410.0 10.0 412.0 12.0 412.0 12.0 410.0
12.0 410.0 12.0 412.0 14.0 412.0 14.0 410.0
14.0 410.0 14.0 412.0 16.0 412.0 16.0 410.0
16.0 410.0 16.0 412.0 18.0 412.0 18.0 410.0
18.0 410.0 18.0 412.0 20.0 412.0 20.0 410.0
20.0 410.0 20.0 412.0 22.0 412.0 22.0 410.0
22.0 410.0 22.0 412.0 24.0 412.0 24.0 410.0
24.0 410.0 24.0 412.0 26.0 412.0 26.0 410.0
26.0 410.0 26.0 412.0 28.0 412.0 28.0 410.0
28.0 410.0 28.0 412.0 30.0 412.0 30.0 410.0
30.0 410.0 30.0 412.0 32.0 412.0 32.0 410.0
32.0 410.0 32.0 412.0 34.0 412.0 34.0 410.0
34.0 410.0 34.0 412.0 36.0 412.0 36.0 410.0
36.0 410.0 36.0 412.0 38.0 412.0 38.0 410.0
38.0 410.0 38.0 412.0 40.0 412.0 40.0 410.0
40.0 410.0 40.0 412.0 42.0 412.0 42.0 410.0
42.0 410.0 42.0 412.0 44.0 412.0 44.0 410.0
44.0 410.0 44.0 412.0 46.0 412.0 46.0 410.0
46.0 410.0 46.0 412.0 48.0 412.0 48.0 410.0
48.0 410.0 48.0 412.0 50.0 412.0 50.0 410.0
50.0 410.0 50.0 412.0 52.0 412.0 52.0 410.0
52.0 410.0 52.0 412.0 54.0 412.0 54.0 410.0
54.0 410.0 54.0 412.0 56.0 412.0 56.0 410.0
56.0 410.0 56.0 412.0 58.0 412.0 58.0 410.0
58.0 410.0 58.0 412.0 60.0 412.0 60.0 410.0
60.0 410.0 60.0 412.0 62.0 412.0 62.0 410.0
62.0 410.0 62.0 412.0 64.0 412.0 64.0 410.0
64.0 410.0 64.0 412.0 66.0 412.0 66.0 410.0
66.0 410.0 66.0 412.0 68.0 412.0 68.0 410.0
454.0 410.0 454.0 412.0 456.0 412.0 456.0 410.0
456.0 410.0 456.0 412.0 458.0 412.0 458.0 410.0
458.0 410.0 458.0 412.0 460.0 412.0 460.0 410.0
460.0 410.0 460.0 412.0 462.0 412.0 462.0 410.0
462.0 410.0 462.0 412.0 464.0 412.0 464.0 410.0
464.0 410.0 464.0 412.0 466.0 412.0 466.0 410.0
466.0 410.0 466.0 412.0 468.0 412.0 468.0 410.0
468.0 410.0 468.0 412.0 470.0 412.0 470.0 410.0
470.0 410.0 470.0 412.0 472.0 412.0 472.0 410.0
472.0 410.0 472.0 412.0 474.0 412.0 474.0 410.0
474.0 410.0 474.0 412.0 476.0 412.0 476.0 410.0
476.0 410.0 476.0 412.0 478.0 412.0 478.0 410.0
478.0 410.0 478.0 412.0 480.0 412.0 480.0 410.0
480.0 410.0 480.0 412.0 482.0 412.0 482.0 410.0
482.0 410.0 482.0 412.0 484.0 412.0 484.0 410.0
484.0 410.0 484.0 412.0 486.0 412.0 486.0 410.0
486.0 410.0 486.0 412.0 488.0 412.0 488.0 410.0
488.0 410.0 488.0 412.0 490.0 412.0 490.0 410.0
490.0 410.0 490.0 412.0 492.0 412.0 492.0 410.0
492.0 410.0 492.0 412.0 494.0 412.0 494.0 410.0
494.0 410.0 494.0 412.0 496.0 412.0 496.0 410.0
496.0 410.0 496.0 412.0 498.0 412.0 498.0 410.0
498.0 410.0 498.0 412.0 500.0 412.0 500.0 410.0
500.0 410.0 500.0 412.0 502.0 412.0 502.0 410.0
502.0 410.0 502.0 412.0 504.0 412.0 504.0 410.0
504.0 410.0 504.0 412.0 506.0 412.0 506.0 410.0
506.0 410.0 506.0 412.0 508.0 412.0 508.0 410.0
508.0 410.0 508.0 412.0 510.0 412.0 510.0 410.0
510.0 410.0 510.0 412.0 512.0 412.0 512.0 410.0
0.0 412.0 0.0 414.0 2.0 414.0 2.0 412.0
2.0 412.0 2.0 414.0 4.0 414.0 4.0 412.0
4.0 412.0 4.0 414.0 6.0 414.0 6.0 412.0
6.0 412.0 6.0 414.0 8.0 414.0 8.0 412.0
8.0 412.0 8.0 414.0 10.0 414.0 10.0 412.0
10.0 412.0 10.0 414.0 12.0 414.0 12.0 412.0
12.0 412.0 12.0 414.0 14.0 414.0 14.0 412.0
14.0 412.0 14.0 414.0 16.0 414.0 16.0 412.0
16.0 412.0 16.0 414.0 18.0 414.0 18.0 412.0
18.0 412.0 18.0 414.0 20.0 414.0 20.0 412.0
20.0 412.0 20.0 414.0 22.0 414.0 22.0 412.0
22.0 412.0 22.0 414.0 24.0 414.0 24.0 412.0
24.0 412.0 24.0 414.0 26.0 414.0 26.0 412.0
26.0 412.0 26.0 414.0 28.0 414.0 28.0 412.0
28.0 412.0 28.0 414.0 30.0 414.0 30.0 412.0
30.0 412.0 30.0 414.0 32.0 414.0 32.0 412.0
32.0 412.0 32.0 414.0 34.0 414.0 34.0 412.0
34.0 412.0 34.0 414.0 36.0 414.0 36.0 412.0
36.0 412.0 36.0 414.0 38.0 414.0 38.0 412.0
38.0 412.0 38.0 414.0 40.0 414.0 40.0 412.0
40.0 412.0 40.0 414.0 42.0 414.0 42.0 412.0
42.0 412.0 42.0 414.0 44.0 414.0 44.0 412.0
44.0 412.0 44.0 414.0 46.0 414.0 46.0 412.0
46.0 412.0 46.0 414.0 48.0 414.0 48.0 412.0
48.0 412.0 48.0 414.0 50.0 414.0 50.0 412.0
50.0 412.0 50.0 414.0 52.0 414.0 52.0 412.0
52.0 412.0 52.0 414.0 54.0 414.0 54.0 412.0
54.0 412.0 54.0 414.0 56.0 414.0 56.0 412.0
56.0 412.0 56.0 414.0 58.0 414.0 58.0 412.0
58.0 412.0 58.0 414.0 60.0 414.0 60.0 412.0
60.0 412.0 60.0 414.0 62.0 414.0 62.0 412.0
62.0 412.0 62.0 414.0 64.0 414.0 64.0 412.0
64.0 412.0 64.0 414.0 66.0 414.0 66.0 412.0
454.0 412.0 454.0 414.0 456.0 414.0 456.0 412.0
456.0 412.0 456.0 414.0 458.0 414.0 458.0 412.0
458.0 412.0 458.0 414.0 460.0 414.0 460.0 412.0
460.0 412.0 460.0 414.0 462.0 414.0 462.0 412.0
462.0 412.0 462.0 414.0 464.0 414.0 464.0 412.0
464.0 412.0 464.0 414.0 466.0 414.0 466.0 412.0
466.0 412.0 466.0 414.0 468.0 414.0 468.0 412.0
468.0 412.0 468.0 414.0 470.0 414.0 470.0 412.0
470.0 412.0 470.0 414.0 472.0 414.0 472.0 412.0
472.0 412.0 472.0 414.0 474.0 414.0 474.0 412.0
474.0 412.0 474.0 414.0 476.0 414.0 476.0 412.0
476.0 412.0 476.0 414.0 478.0 414.0 478.0 412.0
478.0 412.0 478.0 414.0 480.0 414.0 480.0 412.0
480.0 412.0 480.0 414.0 482.0 414.0 482.0 412.0
482.0 412.0 482.0 414.0 484.0 414.0 484.0 412.0
484.0 412.0 484.0 414.0 486.0 414.0 486.0 412.0
486.0 412.0 486.0 414.0 488.0 414.0 488.0 412.0
488.0 412.0 488.0 414.0 490.0 414.0 490.0 412.0
490.0 412.0 490.0 414.0 492.0 414.0 492.0 412.0
492.0 412.0 492.0 414.0 494.0 414.0 494.0 412.0
494.0 412.0 494.0 414.0 496.0 414.0 496.0 412.0
496.0 412.0 496.0 414.0 498.0 414.0 498.0 412.0
498.0 412.0 498.0 414.0 500.0 414.0 500.0 412.0
500.0 412.0 500.0 414.0 502.0 414.0 502.0 412.0
502.0 412.0 502.0 414.0 504.0 414.0 504.0 412.0
504.0 412.0 504.0 414.0 506.0 414.0 506.0 412.0
506.0 412.0 506.0 414.0 508.0 414.0 508.0 412.0
508.0 412.0 508.0 414.0 510.0 414.0 510.0 412.0
510.0 412.0 510.0 414.0 512.0 414.0 512.0 412.0
0.0 414.0 0.0 416.0 2.0 416.0 2.0 414.0
2.0 414.0 2.0 416.0 4.0 416.0 4.0 414.0
4.0 414.0 4.0 416.0 6.0 416.0 6.0 414.0
6.0 414.0 6.0 416.0 8.0 416.0 8.0 414.0
8.0 414.0 8.0 416.0 10.0 416.0 10.0 414.0
10.0 414.0 10.0 416.0 12.0 416.0 12.0 414.0
12.0 414.0 12.0 416.0 14.0 416.0 14.0 414.0
14.0 414.0 14.0 416.0 16.0 416.0 16.0 414.0
16.0 414.0 16.0 416.0 18.0 416.0 18.0 414.0
18.0 414.0 18.0 416.0 20.0 416.0 20.0 414.0
20.0 414.0 20.0 416.0 22.0 416.0 22.0 414.0
22.0 414.0 22.0 416.0 24.0 416.0 24.0 414.0
24.0 414.0 24.0 416.0 26.0 416.0 26.0 414.0
26.0 414.0 26.0 416.0 28.0 416.0 28.0 414.0
28.0 414.0 28.0 416.0 30.0 416.0 30.0 414.0
30.0 414.0 30.0 416.0 32.0 416.0 32.0 414.0
32.0 414.0 32.0 416.0 34.0 416.0 34.0 414.0
34.0 414.0 34.0 416.0 36.0 416.0 36.0 414.0
36.0 414.0 36.0 416.0 38.0 416.0 38.0 414.0
38.0 414.0 38.0 416.0 40.0 416.0 40.0 414.0
40.0 414.0 40.0 416.0 42.0 416.0 42.0 414.0
42.0 414.0 42.0 416.0 44.0 416.0 44.0 414.0
44.0 414.0 44.0 416.0 46.0 416.0 46.0 414.0
46.0 414.0 46.0 416.0 48.0 416.0 48.0 414.0
48.0 414.0 48.0 416.0 50.0 416.0 50.0 414.0
50.0 414.0 50.0 416.0 52.0 416.0 52.0 414.0
52.0 414.0 52.0 416.0 54.0 416.0 54.0 414.0
54.0 414.0 54.0 416.0 56.0 416.0 56.0 414.0
56.0 414.0 56.0 416.0 58.0 416.0 58.0 414.0
58.0 414.0 58.0 416.0 60.0 416.0 60.0 414.0
60.0 414.0 60.0 416.0 62.0 416.0 62.0 414.0
62.0 414.0 62.0 416.0 64.0 416.0 64.0 414.0
64.0 414.0 64.0 416.0 66.0 416.0 66.0 414.0
454.0 414.0 454.0 416.0 456.0 416.0 456.0 414.0
456.0 414.0 456.0 416.0 458.0 416.0 458.0 414.0
458.0 414.0 458.0 416.0 460.0 416.0 460.0 414.0
460.0 414.0 460.0 416.0 462.0 416.0 462.0 414.0
462.0 414.0 462.0 416.0 464.0 416.0 464.0 414.0
464.0 414.0 464.0 416.0 466.0 416.0 466.0 414.0
466.0 414.0 466.0 416.0 468.0 416.0 468.0 414.0
468.0 414.0 468.0 416.0 470.0 416.0 470.0 414.0
470.0 414.0 470.0 416.0 472.0 416.0 472.0 414.0
472.0 414.0 472.0 416.0 474.0 416.0 474.0 414.0
474.0 414.0 474.0 416.0 476.0 416.0 476.0 414.0
476.0 414.0 476.0 416.0 478.0 416.0 478.0 414.0
478.0 414.0 478.0 416.0 480.0 416.0 480.0 414.0
480.0 414.0 480.0 416.0 482.0 416.0 482.0 414.0
482.0 414.0 482.0 416.0 484.0 416.0 484.0 414.0
484.0 414.0 484.0 416.0 486.0 416.0 486.0 414.0
486.0 414.0 486.0 416.0 488.0 416.0 488.0 414.0
488.0 414.0 488.0 416.0 490.0 416.0 490.0 414.0
490.0 414.0 490.0 416.0 492.0 416.0 492.0 414.0
492.0 414.0 492.0 416.0 494.0 416.0 494.0 414.0
494.0 414.0 494.0 416.0 496.0 416.0 496.0 414.0
496.0 414.0 496.0 416.0 498.0 416.0 498.0 414.0
498.0 414.0 498.0 416.0 500.0 416.0 500.0 414.0
500.0 414.0 500.0 416.0 502.0 416.0 502.0 414.0
502.0 414.0 502.0 416.0 504.0 416.0 504.0 414.0
504.0 414.0 504.0 416.0 506.0 416.0 506.0 414.0
506.0 414.0 506.0 416.0 508.0 416.0 508.0 414.0
508.0 414.0 508.0 416.0 510.0 416.0 510.0 414.0
510.0 414.0 510.0 416.0 512.0 416.0 512.0 414.0
0.0 416.0 0.0 418.0 2.0 418.0 2.0 416.0
2.0 416.0 2.0 418.0 4.0 418.0 4.0 416.0
4.0 416.0 4.0 418.0 6.0 418.0 6.0 416.0
6.0 416.0 6.0 418.0 8.0 418.0 8.0 416.0
8.0 416.0 8.0 418.0 10.0 418.0 10.0 416.0
10.0 416.0 10.0 418.0 12.0 418.0 12.0 416.0
12.0 416.0 12.0 418.0 14.0 418.0 14.0 416.0
14.0 416.0 14.0 418.0 16.0 418.0 16.0 416.0
16.0 416.0 16.0 418.0 18.0 418.0 18.0 416.0
18.0 416.0 18.0 418.0 20.0 418.0 20.0 416.0
20.0 416.0 20.0 418.0 22.0 418.0 22.0 416.0
22.0 416.0 22.0 418.0 24.0 418.0 24.0 416.0
24.0 416.0 24.0 418.0 26.0 418.0 26.0 416.0
26.0 416.0 26.0 418.0 28.0 418.0 28.0 416.0
28.0 416.0 28.0 418.0 30.0 418.0 30.0 416.0
30.0 416.0 30.0 418.0 32.0 418.0 32.0 416.0
32.0 416.0 32.0 418.0 34.0 418.0 34.0 416.0
34.0 416.0 34.0 418.0 36.0 418.0 36.0 416.0
36.0 416.0 36.0 418.0 38.0 418.0 38.0 416.0
38.0 416.0 38.0 418.0 40.0 418.0 40.0 416.0
40.0 416.0 40.0 418.0 42.0 418.0 42.0 416.0
42.0 416.0 42.0 418.0 44.0 418.0 44.0 416.0
44.0 416.0 44.0 418.0 46.0 418.0 46.0 416.0
46.0 416.0 46.0 418.0 48.0 418.0 48.0 416.0
48.0 416.0 48.0 418.0 50.0 418.0 50.0 416.0
50.0 416.0 50.0 418.0 52.0 418.0 52.0 416.0
52.0 416.0 52.0 418.0 54.0 418.0 54.0 416.0
54.0 416.0 54.0 418.0 56.0 418.0 56.0 416.0
56.0 416.0 56.0 418.0 58.0 418.0 58.0 416.0
58.0 416.0 58.0 418.0 60.0 418.0 60.0 416.0
60.0 416.0 60.0 418.0 62.0 418.0 62.0 416.0
62.0 416.0 62.0 418.0 64.0 418.0 64.0 416.0
64.0 416.0 64.0 418.0 66.0 418.0 66.0 416.0
454.0 416.0 454.0 418.0 456.0 418.0 456.0 416.0
456.0 416.0 456.0 418.0 458.0 418.0 458.0 416.0
458.0 416.0 458.0 418.0 460.0 418.0 460.0 416.0
460.0 416.0 460.0 418.0 462.0 418.0 462.0 416.0
462.0 416.0 462.0 418.0 464.0 418.0 464.0 416.0
464.0 416.0 464.0 418.0 466.0 418.0 466.0 416.0
466.0 416.0 466.0 418.0 468.0 418.0 468.0 416.0
468.0 416.0 468.0 418.0 470.0 418.0 470.0 416.0
470.0 416.0 470.0 418.0 472.0 418.0 472.0 416.0
472.0 416.0 472.0 418.0 474.0 418.0 474.0 416.0
474.0 416.0 474.0 418.0 476.0 418.0 476.0 416.0
476.0 416.0 476.0 418.0 478.0 418.0 478.0 416.0
478.0 416.0 478.0 418.0 480.0 418.0 480.0 416.0
480.0 416.0 480.0 418.0 482.0 418.0 482.0 416.0
482.0 416.0 482.0 418.0 484.0 418.0 484.0 416.0
484.0 416.0 484.0 418.0 486.0 418.0 486.0 416.0
486.0 416.0 486.0 418.0 488.0 418.0 488.0 416.0
488.0 416.0 488.0 418.0 490.0 418.0 490.0 416.0
490.0 416.0 490.0 418.0 492.0 418.0 492.0 416.0
492.0 416.0 492.0 418.0 494.0 418.0 494.0 416.0
494.0 416.0 494.0 418.0 496.0 418.0 496.0 416.0
496.0 416.0 496.0 418.0 498.0 418.0 498.0 416.0
498.0 416.0 498.0 418.0 500.0 418.0 500.0 416.0
500.0 416.0 500.0 418.0 502.0 418.0 502.0 416.0
502.0 416.0 502.0 418.0 504.0 418.0 504.0 416.0
504.0 416.0 504.0 418.0 506.0 418.0 506.0 416.0
506.0 416.0 506.0 418.0 508.0 418.0 508.0 416.0
508.0 416.0 508.0 418.0 510.0 418.0 510.0 416.0
510.0 416.0 510.0 418.0 512.0 418.0 512.0 416.0
0.0 418.0 0.0 420.0 2.0 420.0 2.0 418.0
2.0 418.0 2.0 420.0 4.0 420.0 4.0 418.0
4.0 418.0 4.0 420.0 6.0 420.0 6.0 418.0
6.0 418.0 6.0 420.0 8.0 420.0 8.0 418.0
8.0 418.0 8.0 420.0 10.0 420.0 10.0 418.0
10.0 418.0 10.0 420.0 12.0 420.0 12.0 418.0
12.0 418.0 12.0 420.0 14.0 420.0 14.0 418.0
14.0 418.0 14.0 420.0 16.0 420.0 16.0 418.0
16.0 418.0 16.0 420.0 18.0 420.0 18.0 418.0
18.0 418.0 18.0 420.0 20.0 420.0 20.0 418.0
20.0 418.0 20.0 420.0 22.0 420.0 22.0 418.0
22.0 418.0 22.0 420.0 24.0 420.0 24.0 418.0
24.0 418.0 24.0 420.0 26.0 420.0 26.0 418.0
26.0 418.0 26.0 420.0 28.0 420.0 28.0 418.0
28.0 418.0 28.0 420.0 30.0 420.0 30.0 418.0
30.0 418.0 30.0 420.0 32.0 420.0 32.0 418.0
32.0 418.0 32.0 420.0 34.0 420.0 34.0 418.0
34.0 418.0 34.0 420.0 36.0 420.0 36.0 418.0
36.0 418.0 36.0 420.0 38.0 420.0 38.0 418.0
38.0 418.0 38.0 420.0 40.0 420.0 40.0 418.0
40.0 418.0 40.0 420.0 42.0 420.0 42.0 418.0
42.0 418.0 42.0 420.0 44.0 420.0 44.0 418.0
44.0 418.0 44.0 420.0 46.0 420.0 46.0 418.0
46.0 418.0 46.0 420.0 48.0 420.0 48.0 418.0
48.0 418.0 48.0 420.0 50.0 420.0 50.0 418.0
50.0 418.0 50.0 420.0 52.0 420.0 52.0 418.0
52.0 418.0 52.0 420.0 54.0 420.0 54.0 418.0
54.0 418.0 54.0 420.0 56.0 420.0 56.0 418.0
56.0 418.0 56.0 420.0 58.0 420.0 58.0 418.0
58.0 418.0 58.0 420.0 60.0 420.0 60.0 418.0
60.0 418.0 60.0 420.0 62.0 420.0 62.0 418.0
62.0 418.0 62.0 420.0 64.0 420.0 64.0 418.0
64.0 418.0 64.0 420.0 66.0 420.0 66.0 418.0
452.0 418.0 452.0 420.0 454.0 420.0 454.0 418.0
454.0 418.0 454.0 420.0 456.0 420.0 456.0 418.0
456.0 418.0 456.0 420.0 458.0 420.0 458.0 418.0
458.0 418.0 458.0 420.0 460.0 420.0 460.0 418.0
460.0 418.0 460.0 420.0 462.0 420.0 462.0 418.0
462.0 418.0 462.0 420.0 464.0 420.0 464.0 418.0
464.0 418.0 464.0 420.0 466.0 420.0 466.0 418.0
466.0 418.0 466.0 420.0 468.0 420.0 468.0 418.0
468.0 418.0 468.0 420.0 470.0 420.0 470.0 418.0
470.0 418.0 470.0 420.0 472.0 420.0 472.0 418.0
472.0 418.0 472.0 420.0 474.0 420.0 474.0 418.0
474.0 418.0 474.0 420.0 476.0 420.0 476.0 418.0
476.0 418.0 476.0 420.0 478.0 420.0 478.0 418.0
478.0 418.0 478.0 420.0 480.0 420.0 480.0 418.0
480.0 418.0 480.0 420.0 482.0 420.0 482.0 418.0
482.0 418.0 482.0 420.0 484.0 420.0 484.0 418.0
484.0 418.0 484.0 420.0 486.0 420.0 486.0 418.0
486.0 418.0 486.0 420.0 488.0 420.0 488.0 418.0
488.0 418.0 488.0 420.0 490.0 420.0 490.0 418.0
490.0 418.0 490.0 420.0 492.0 420.0 492.0 418.0
492.0 418.0 492.0 420.0 494.0 420.0 494.0 418.0
494.0 418.0 494.0 420.0 496.0 420.0 496.0 418.0
496.0 418.0 496.0 420.0 498.0 420.0 498.0 418.0
498.0 418.0 498.0 420.0 500.0 420.0 500.0 418.0
500.0 418.0 500.0 420.0 502.0 420.0 502.0 418.0
502.0 418.0 502.0 420.0 504.0 420.0 504.0 418.0
504.0 418.0 504.0 420.0 506.0 420.0 506.0 418.0
506.0 418.0 506.0 420.0 508.0 420.0 508.0 418.0
508.0 418.0 508.0 420.0 510.0 420.0 510.0 418.0
510.0 418.0 510.0 420.0 512.0 420.0 512.0 418.0
0.0 420.0 0.0 422.0 2.0 422.0 2.0 420.0
2.0 420.0 2.0 422.0 4.0 422.0 4.0 420.0
4.0 420.0 4.0 422.0 6.0 422.0 6.0 420.0
6.0 420.0 6.0 422.0 8.0 422.0 8.0 420.0
8.0 420.0 8.0 422.0 10.0 422.0 10.0 420.0
10.0 420.0 10.0 422.0 12.0 422.0 12.0 420.0
12.0 420.0 12.0 422.0 14.0 422.0 14.0 420.0
14.0 420.0 14.0 422.0 16.0 422.0 16.0 420.0
16.0 420.0 16.0 422.0 18.0 422.0 18.0 420.0
18.0 420.0 18.0 422.0 20.0 422.0 20.0 420.0
20.0 420.0 20.0 422.0 22.0 422.0 22.0 420.0
22.0 420.0 22.0 422.0 24.0 422.0 24.0 420.0
24.0 420.0 24.0 422.0 26.0 422.0 26.0 420.0
26.0 420.0 26.0 422.0 28.0 422.0 28.0 420.0
28.0 420.0 28.0 422.0 30.0 422.0 30.0 420.0
30.0 420.0 30.0 422.0 32.0 422.0 32.0 420.0
32.0 420.0 32.0 422.0 34.0 422.0 34.0 420.0
34.0 420.0 34.0 422.0 36.0 422.0 36.0 420.0
36.0 420.0 36.0 422.0 38.0 422.0 38.0 420.0
38.0 420.0 38.0 422.0 40.0 422.0 40.0 420.0
40.0 420.0 40.0 422.0 42.0 422.0 42.0 420.0
42.0 420.0 42.0 422.0 44.0 422.0 44.0 420.0
44.0 420.0 44.0 422.0 46.0 422.0 46.0 420.0
46.0 420.0 46.0 422.0 48.0 422.0 48.0 420.0
48.0 420.0 48.0 422.0 50.0 422.0 50.0 420.0
50.0 420.0 50.0 422.0 52.0 422.0 52.0 420.0
52.0 420.0 52.0 422.0 54.0 422.0 54.0 420.0
54.0 420.0 54.0 422.0 56.0 422.0 56.0 420.0
56.0 420.0 56.0 422.0 58.0 422.0 58.0 420.0
58.0 420.0 58.0 422.0 60.0 422.0 60.0 420.0
60.0 420.0 60.0 422.0 62.0 422.0 62.0 420.0
62.0 420.0 62.0 422.0 64.0 422.0 64.0 420.0
452.0 420.0 452.0 422.0 454.0 422.0 454.0 420.0
454.0 420.0 454.0 422.0 456.0 422.0 456.0 420.0
456.0 420.0 456.0 422.0 458.0 422.0 458.0 420.0
458.0 420.0 458.0 422.0 460.0 422.0 460.0 420.0
460.0 420.0 460.0 422.0 462.0 422.0 462.0 420.0
462.0 420.0 462.0 422.0 464.0 422.0 464.0 420.0
464.0 420.0 464.0 422.0 466.0 422.0 466.0 420.0
466.0 420.0 466.0 422.0 468.0 422.0 468.0 420.0
468.0 420.0 468.0 422.0 470.0 422.0 470.0 420.0
470.0 420.0 470.0 422.0 472.0 422.0 472.0 420.0
472.0 420.0 472.0 422.0 474.0 422.0 474.0 420.0
474.0 420.0 474.0 422.0 476.0 422.0 476.0 420.0
476.0 420.0 476.0 422.0 478.0 422.0 478.0 420.0
478.0 420.0 478.0 422.0 480.0 422.0 480.0 420.0
480.0 420.0 480.0 422.0 482.0 422.0 482.0 420.0
482.0 420.0 482.0 422.0 484.0 422.0 484.0 420.0
484.0 420.0 484.0 422.0 486.0 422.0 486.0 420.0
486.0 420.0 486.0 422.0 488.0 422.0 488.0 420.0
488.0 420.0 488.0 422.0 490.0 422.0 490.0 420.0
490.0 420.0 490.0 422.0 492.0 422.0 492.0 420.0
492.0 420.0 492.0 422.0 494.0 422.0 494.0 420.0
494.0 420.0 494.0 422.0 496.0 422.0 496.0 420.0
496.0 420.0 496.0 422.0 498.0 422.0 498.0 420.0
498.0 420.0 498.0 422.0 500.0 422.0 500.0 420.0
500.0 420.0 500.0 422.0 502.0 422.0 502.0 420.0
502.0 420.0 502.0 422.0 504.0 422.0 504.0 420.0
504.0 420.0 504.0 422.0 506.0 422.0 506.0 420.0
506.0 420.0 506.0 422.0 508.0 422.0 508.0 420.0
508.0 420.0 508.0 422.0 510.0 422.0 510.0 420.0
510.0 420.0 510.0 422.0 512.0 422.0 512.0 420.0
0.0 422.0 0.0 424.0 2.0 424.0 2.0 422.0
2.0 422.0 2.0 424.0 4.0 424.0 4.0 422.0
4.0 422.0 4.0 424.0 6.0 424.0 6.0 422.0
6.0 422.0 6.0 424.0 8.0 424.0 8.0 422.0
8.0 422.0 8.0 424.0 10.0 424.0 10.0 422.0
10.0 422.0 10.0 424.0 12.0 424.0 12.0 422.0
12.0 422.0 12.0 424.0 14.0 424.0 14.0 422.0
14.0 422.0 14.0 424.0 16.0 424.0 16.0 422.0
16.0 422.0 16.0 424.0 18.0 424.0 18.0 422.0
18.0 422.0 18.0 424.0 20.0 424.0 20.0 422.0
20.0 422.0 20.0 424.0 22.0 424.0 22.0 422.0
22.0 422.0 22.0 424.0 24.0 424.0 24.0 422.0
24.0 422.0 24.0 424.0 26.0 424.0 26.0 422.0
26.0 422.0 26.0 424.0 28.0 424.0 28.0 422.0
28.0 422.0 28.0 424.0 30.0 424.0 30.0 422.0
30.0 422.0 30.0 424.0 32.0 424.0 32.0 422.0
32.0 422.0 32.0 424.0 34.0 424.0 34.0 422.0
34.0 422.0 34.0 424.0 36.0 424.0 36.0 422.0
36.0 422.0 36.0 424.0 38.0 424.0 38.0 422.0
38.0 422.0 38.0 424.0 40.0 424.0 40.0 422.0
40.0 422.0 40.0 424.0 42.0 424.0 42.0 422.0
42.0 422.0 42.0 424.0 44.0 424.0 44.0 422.0
44.0 422.0 44.0 424.0 46.0 424.0 46.0 422.0
46.0 422.0 46.0 424.0 48.0 424.0 48.0 422.0
48.0 422.0 48.0 424.0 50.0 424.0 50.0 422.0
50.0 422.0 50.0 424.0 52.0 424.0 52.0 422.0
52.0 422.0 52.0 424.0 54.0 424.0 54.0 422.0
54.0 422.0 54.0 424.0 56.0 424.0 56.0 422.0
56.0 422.0 56.0 424.0 58.0 424.0 58.0 422.0
58.0 422.0 58.0 424.0 60.0 424.0 60.0 422.0
60.0 422.0 60.0 424.0 62.0 424.0 62.0 422.0
62.0 422.0 62.0 424.0 64.0 424.0 64.0 422.0
452.0 422.0 452.0 424.0 454.0 424.0 454.0 422.0
454.0 422.0 454.0 424.0 456.0 424.0 456.0 422.0
456.0 422.0 456.0 424.0 458.0 424.0 458.0 422.0
458.0 422.0 458.0 424.0 460.0 424.0 460.0 422.0
460.0 422.0 460.0 424.0 462.0 424.0 462.0 422.0
462.0 422.0 462.0 424.0 464.0 424.0 464.0 422.0
464.0 422.0 464.0 424.0 466.0 424.0 466.0 422.0
466.0 422.0 466.0 424.0 468.0 424.0 468.0 422.0
468.0 422.0 468.0 424.0 470.0 424.0 470.0 422.0
470.0 422.0 470.0 424.0 472.0 424.0 472.0 422.0
472.0 422.0 472.0 424.0 474.0 424.0 474.0 422.0
474.0 422.0 474.0 424.0 476.0 424.0 476.0 422.0
476.0 422.0 476.0 424.0 478.0 424.0 478.0 422.0
478.0 422.0 478.0 424.0 480.0 424.0 480.0 422.0
480.0 422.0 480.0 424.0 482.0 424.0 482.0 422.0
482.0 422.0 482.0 424.0 484.0 424.0 484.0 422.0
484.0 422.0 484.0 424.0 486.0 424.0 486.0 422.0
486.0 422.0 486.0 424.0 488.0 424.0 488.0 422.0
488.0 422.0 488.0 424.0 490.0 424.0 490.0 422.0
490.0 422.0 490.0 424.0 492.0 424.0 492.0 422.0
492.0 422.0 492.0 424.0 494.0 424.0 494.0 422.0
494.0 422.0 494.0 424.0 496.0 424.0 496.0 422.0
496.0 422.0 496.0 424.0 498.0 424.0 498.0 422.0
498.0 422.0 498.0 424.0 500.0 424.0 500.0 422.0
500.0 422.0 500.0 424.0 502.0 424.0 502.0 422.0
502.0 422.0 502.0 424.0 504.0 424.0 504.0 422.0
504.0 422.0 504.0 424.0 506.0 424.0 506.0 422.0
506.0 422.0 506.0 424.0 508.0 424.0 508.0 422.0
508.0 422.0 508.0 424.0 510.0 424.0 510.0 422.0
510.0 422.0 510.0 424.0 512.0 424.0 512.0 422.0
0.0 424.0 0.0 426.0 2.0 426.0 2.0 424.0
2.0 424.0 2.0 426.0 4.0 426.0 4.0 424.0
4.0 424.0 4.0 426.0 6.0 426.0 6.0 424.0
6.0 424.0 6.0 426.0 8.0 426.0 8.0 424.0
8.0 424.0 8.0 426.0 10.0 426.0 10.0 424.0
10.0 424.0 10.0 426.0 12.0 426.0 12.0 424.0
12.0 424.0 12.0 426.0 14.0 426.0 14.0 424.0
14.0 424.0 14.0 426.0 16.0 426.0 16.0 424.0
16.0 424.0 16.0 426.0 18.0 426.0 18.0 424.0
18.0 424.0 18.0 426.0 20.0 426.0 20.0 424.0
20.0 424.0 20.0 426.0 22.0 426.0 22.0 424.0
22.0 424.0 22.0 426.0 24.0 426.0 24.0 424.0
24.0 424.0 24.0 426.0 26.0 426.0 26.0 424.0
26.0 424.0 26.0 426.0 28.0 426.0 28.0 424.0
28.0 424.0 28.0 426.0 30.0 426.0 30.0 424.0
30.0 424.0 30.0 426.0 32.0 426.0 32.0 424.0
32.0 424.0 32.0 426.0 34.0 426.0 34.0 424.0
34.0 424.0 34.0 426.0 36.0 426.0 36.0 424.0
36.0 424.0 36.0 426.0 38.0 426.0 38.0 424.0
38.0 424.0 38.0 426.0 40.0 426.0 40.0 424.0
40.0 424.0 40.0 426.0 42.0 426.0 42.0 424.0
42.0 424.0 42.0 426.0 44.0 426.0 44.0 424.0
44.0 424.0 44.0 426.0 46.0 426.0 46.0 424.0
46.0 424.0 46.0 426.0 48.0 426.0 48.0 424.0
48.0 424.0 48.0 426.0 50.0 426.0 50.0 424.0
50.0 424.0 50.0 426.0 52.0 426.0 52.0 424.0
52.0 424.0 52.0 426.0 54.0 426.0 54.0 424.0
54.0 424.0 54.0 426.0 56.0 426.0 56.0 424.0
56.0 424.0 56.0 426.0 58.0 426.0 58.0 424.0
58.0 424.0 58.0 426.0 60.0 426.0 60.0 424.0
60.0 424.0 60.0 426.0 62.0 426.0 62.0 424.0
62.0 424.0 62.0 426.0 64.0 426.0 64.0 424.0
452.0 424.0 452.0 426.0 454.0 426.0 454.0 424.0
454.0 424.0 454.0 426.0 456.0 426.0 456.0 424.0
456.0 424.0 456.0 426.0 458.0 426.0 458.0 424.0
458.0 424.0 458.0 426.0 460.0 426.0 460.0 424.0
460.0 424.0 460.0 426.0 462.0 426.0 462.0 424.0
462.0 424.0 462.0 426.0 464.0 426.0 464.0 424.0
464.0 424.0 464.0 426.0 466.0 426.0 466.0 424.0
466.0 424.0 466.0 426.0 468.0 426.0 468.0 424.0
468.0 424.0 468.0 426.0 470.0 426.0 470.0 424.0
470.0 424.0 470.0 426.0 472.0 426.0 472.0 424.0
472.0 424.0 472.0 426.0 474.0 426.0 474.0 424.0
474.0 424.0 474.0 426.0 476.0 426.0 476.0 424.0
476.0 424.0 476.0 426.0 478.0 426.0 478.0 424.0
478.0 424.0 478.0 426.0 480.0 426.0 480.0 424.0
480.0 424.0 480.0 426.0 482.0 426.0 482.0 424.0
482.0 424.0 482.0 426.0 484.0 426.0 484.0 424.0
484.0 424.0 484.0 426.0 486.0 426.0 486.0 424.0
486.0 424.0 486.0 426.0 488.0 426.0 488.0 424.0
488.0 424.0 488.0 426.0 490.0 426.0 490.0 424.0
490.0 424.0 490.0 426.0 492.0 426.0 492.0 424.0
492.0 424.0 492.0 426.0 494.0 426.0 494.0 424.0
494.0 424.0 494.0 426.0 496.0 426.0 496.0 424.0
496.0 424.0 496.0 426.0 498.0 426.0 498.0 424.0
498.0 424.0 498.0 426.0 500.0 426.0 500.0 424.0
500.0 424.0 500.0 426.0 502.0 426.0 502.0 424.0
502.0 424.0 502.0 426.0 504.0 426.0 504.0 424.0
504.0 424.0 504.0 426.0 506.0 426.0 506.0 424.0
506.0 424.0 506.0 426.0 508.0 426.0 508.0 424.0
508.0 424.0 508.0 426.0 510.0 426.0 510.0 424.0
510.0 424.0 510.0 426.0 512.0 426.0 512.0 424.0
0.0 426.0 0.0 428.0 2.0 428.0 2.0 426.0
2.0 426.0 2.0 428.0 4.0 428.0 4.0 426.0
4.0 426.0 4.0 428.0 6.0 428.0 6.0 426.0
6.0 426.0 6.0 428.0 8.0 428.0 8.0 426.0
8.0 426.0 8.0 428.0 10.0 428.0 10.0 426.0
10.0 426.0 10.0 428.0 12.0 428.0 12.0 426.0
12.0 426.0 12.0 428.0 14.0 428.0 14.0 426.0
14.0 426.0 14.0 428.0 16.0 428.0 16.0 426.0
16.0 426.0 16.0 428.0 18.0 428.0 18.0 426.0